food_code,name,english_name,category,calories,protein,carbs,fat,sugar,fiber
FNDDS-2021-2023-11111000,"Milk, whole (1 cup, 244 g)","Milk, whole (1 cup, 244 g)",drink,148.8,8.0,11.3,7.8,11.7,0.0
FNDDS-2021-2023-11112110,"Milk, reduced fat (2%) (1 cup, 244 g)","Milk, reduced fat (2%) (1 cup, 244 g)",drink,122.0,8.2,12.0,4.6,11.9,0.0
FNDDS-2021-2023-11112210,"Milk, low fat (1%) (1 cup, 244 g)","Milk, low fat (1%) (1 cup, 244 g)",drink,104.9,8.2,12.6,2.3,12.1,0.0
FNDDS-2021-2023-11113000,"Milk, fat free (skim) (1 cup, 244 g)","Milk, fat free (skim) (1 cup, 244 g)",drink,83.0,8.4,12.0,0.2,12.3,0.0
FNDDS-2021-2023-11114300,"Milk, lactose free, low fat (1%) (1 cup, 244 g)","Milk, lactose free, low fat (1%) (1 cup, 244 g)",drink,104.9,8.2,12.6,2.3,12.1,0.0
FNDDS-2021-2023-11114320,"Milk, lactose free, fat free (skim) (1 cup, 244 g)","Milk, lactose free, fat free (skim) (1 cup, 244 g)",drink,83.0,8.4,12.0,0.2,12.3,0.0
FNDDS-2021-2023-11114330,"Milk, lactose free, reduced fat (2%) (1 cup, 244 g)","Milk, lactose free, reduced fat (2%) (1 cup, 244 g)",drink,122.0,8.2,12.0,4.6,11.9,0.0
FNDDS-2021-2023-11114350,"Milk, lactose free, whole (1 cup, 244 g)","Milk, lactose free, whole (1 cup, 244 g)",drink,148.8,8.0,11.3,7.8,11.7,0.0
FNDDS-2021-2023-11115300,"Buttermilk (1 cup, 244 g)","Buttermilk (1 cup, 244 g)",drink,104.9,8.4,11.7,2.6,13.1,0.0
FNDDS-2021-2023-11115400,"Kefir (1 cup, 244 g)","Kefir (1 cup, 244 g)",drink,126.9,8.8,18.3,2.3,16.9,0.0
FNDDS-2021-2023-11116000,"Goat milk (1 cup, 244 g)","Goat milk (1 cup, 244 g)",drink,168.4,8.7,10.9,10.1,10.9,0.0
FNDDS-2021-2023-11120000,"Milk, dry, reconstituted, nonfat (1 cup, 244 g)","Milk, dry, reconstituted, nonfat (1 cup, 244 g)",drink,78.1,7.8,11.2,0.2,11.2,0.0
FNDDS-2021-2023-11121100,"Milk, dry, reconstituted, whole (1 cup, 244 g)","Milk, dry, reconstituted, whole (1 cup, 244 g)",drink,185.4,9.8,14.3,10.0,14.3,0.0
FNDDS-2021-2023-11211050,"Milk, evaporated, whole (1 cup, 252 g)","Milk, evaporated, whole (1 cup, 252 g)",drink,337.7,17.2,25.2,19.1,25.2,0.0
FNDDS-2021-2023-11211400,"Milk, evaporated, reduced fat (2%) (1 cup, 252 g)","Milk, evaporated, reduced fat (2%) (1 cup, 252 g)",drink,231.8,18.7,28.2,4.9,28.2,0.0
FNDDS-2021-2023-11212050,"Milk, evaporated, fat free (skim) (1 cup, 252 g)","Milk, evaporated, fat free (skim) (1 cup, 252 g)",drink,196.6,19.0,28.7,0.5,28.7,0.0
FNDDS-2021-2023-11220000,"Milk, condensed, sweetened (1 cup, 304 g)","Milk, condensed, sweetened (1 cup, 304 g)",drink,975.8,24.0,165.4,26.4,165.4,0.0
FNDDS-2021-2023-11320000,"Soy milk, sweetened (1 cup, 244 g)","Soy milk, sweetened (1 cup, 244 g)",drink,129.3,8.3,12.7,5.0,11.1,0.0
FNDDS-2021-2023-11320100,"Soy milk, unsweetened (1 cup, 244 g)","Soy milk, unsweetened (1 cup, 244 g)",drink,92.7,8.7,3.1,5.2,1.4,0.0
FNDDS-2021-2023-11321000,"Soy milk, chocolate (1 cup, 244 g)","Soy milk, chocolate (1 cup, 244 g)",drink,156.2,8.2,20.3,5.0,18.3,0.2
FNDDS-2021-2023-11350000,"Almond milk, sweetened (1 cup, 244 g)","Almond milk, sweetened (1 cup, 244 g)",drink,73.2,1.3,10.5,2.9,9.7,0.0
FNDDS-2021-2023-11350010,"Almond milk, chocolate (1 cup, 244 g)","Almond milk, chocolate (1 cup, 244 g)",drink,104.9,1.4,18.2,2.9,17.0,0.2
FNDDS-2021-2023-11350020,"Almond milk, unsweetened (1 cup, 244 g)","Almond milk, unsweetened (1 cup, 244 g)",drink,36.6,1.3,0.8,3.0,0.0,0.0
FNDDS-2021-2023-11360000,"Rice milk (1 cup, 244 g)","Rice milk (1 cup, 244 g)",drink,114.7,0.7,22.4,2.4,12.9,0.7
FNDDS-2021-2023-11360200,"Oat milk (1 cup, 244 g)","Oat milk (1 cup, 244 g)",drink,109.8,1.6,13.1,5.7,5.0,1.2
FNDDS-2021-2023-11370000,"Coconut milk (1 cup, 244 g)","Coconut milk (1 cup, 244 g)",drink,75.6,0.5,7.1,5.1,6.1,0.0
FNDDS-2021-2023-11411100,"Yogurt, whole milk, plain (1 4 oz container, 113 g)","Yogurt, whole milk, plain (1 4 oz container, 113 g)",food,88.1,4.3,6.3,5.1,4.6,0.0
FNDDS-2021-2023-11411200,"Yogurt, low fat milk, plain (1 4 oz container, 113 g)","Yogurt, low fat milk, plain (1 4 oz container, 113 g)",food,71.2,5.9,8.0,1.8,8.0,0.0
FNDDS-2021-2023-11411300,"Yogurt, nonfat milk, plain (1 4 oz container, 113 g)","Yogurt, nonfat milk, plain (1 4 oz container, 113 g)",food,56.5,4.8,9.1,0.1,8.7,0.0
FNDDS-2021-2023-11411400,"Yogurt, Greek, whole milk, plain (1 5.3 oz container, 150 g)","Yogurt, Greek, whole milk, plain (1 5.3 oz container, 150 g)",food,141.0,13.2,7.1,6.6,4.9,0.0
FNDDS-2021-2023-11411410,"Yogurt, Greek, low fat milk, plain (1 5.3 oz container, 150 g)","Yogurt, Greek, low fat milk, plain (1 5.3 oz container, 150 g)",food,100.5,15.3,5.4,2.0,4.9,0.0
FNDDS-2021-2023-11411420,"Yogurt, Greek, nonfat milk, plain (1 5.3 oz container, 150 g)","Yogurt, Greek, nonfat milk, plain (1 5.3 oz container, 150 g)",food,88.5,15.5,5.5,0.6,4.9,0.0
FNDDS-2021-2023-11431000,"Yogurt, whole milk, fruit (1 4 oz container, 113 g)","Yogurt, whole milk, fruit (1 4 oz container, 113 g)",food,119.8,3.8,16.3,4.4,11.6,0.2
FNDDS-2021-2023-11432000,"Yogurt, low fat milk, fruit (1 4 oz container, 113 g)","Yogurt, low fat milk, fruit (1 4 oz container, 113 g)",food,105.1,5.2,17.7,1.5,14.5,0.2
FNDDS-2021-2023-11433000,"Yogurt, nonfat milk, fruit (1 4 oz container, 113 g)","Yogurt, nonfat milk, fruit (1 4 oz container, 113 g)",food,52.0,4.1,8.6,0.1,8.0,0.0
FNDDS-2021-2023-11434000,"Yogurt, Greek, whole milk, fruit (1 5.3 oz container, 150 g)","Yogurt, Greek, whole milk, fruit (1 5.3 oz container, 150 g)",food,171.0,11.8,17.7,5.9,12.3,0.2
FNDDS-2021-2023-11434010,"Yogurt, Greek, low fat milk, fruit (1 5.3 oz container, 150 g)","Yogurt, Greek, low fat milk, fruit (1 5.3 oz container, 150 g)",food,136.5,13.7,16.2,2.0,12.3,0.2
FNDDS-2021-2023-11434020,"Yogurt, Greek, nonfat milk, fruit (1 5.3 oz container, 150 g)","Yogurt, Greek, nonfat milk, fruit (1 5.3 oz container, 150 g)",food,124.5,13.8,16.2,0.5,12.4,0.2
FNDDS-2021-2023-11434100,"Yogurt, whole milk, flavors other than fruit (1 4 oz container, 113 g)","Yogurt, whole milk, flavors other than fruit (1 4 oz container, 113 g)",food,107.3,3.7,13.3,4.4,11.9,0.0
FNDDS-2021-2023-11434200,"Yogurt, low fat milk, flavors other than fruit (1 4 oz container, 113 g)","Yogurt, low fat milk, flavors other than fruit (1 4 oz container, 113 g)",food,92.7,5.1,14.7,1.5,14.7,0.0
FNDDS-2021-2023-11434300,"Yogurt, nonfat milk, flavors other than fruit (1 4 oz container, 113 g)","Yogurt, nonfat milk, flavors other than fruit (1 4 oz container, 113 g)",food,53.1,4.1,9.0,0.1,8.6,0.0
FNDDS-2021-2023-11435010,"Yogurt, Greek, whole milk, flavors other than fruit (1 5.3 oz container, 150 g)","Yogurt, Greek, whole milk, flavors other than fruit (1 5.3 oz container, 150 g)",food,156.0,11.7,13.8,5.9,11.8,0.0
FNDDS-2021-2023-11435020,"Yogurt, Greek, low fat milk, flavors other than fruit (1 5.3 oz container, 150 g)","Yogurt, Greek, low fat milk, flavors other than fruit (1 5.3 oz container, 150 g)",food,121.5,13.6,12.3,2.0,11.8,0.0
FNDDS-2021-2023-11435030,"Yogurt, Greek, nonfat milk, flavors other than fruit (1 5.3 oz container, 150 g)","Yogurt, Greek, nonfat milk, flavors other than fruit (1 5.3 oz container, 150 g)",food,109.5,13.8,12.3,0.5,11.9,0.0
FNDDS-2021-2023-11435100,"Yogurt, Greek, with oats (1 5.3 oz container, 150 g)","Yogurt, Greek, with oats (1 5.3 oz container, 150 g)",food,223.5,13.8,30.0,5.5,16.0,2.2
FNDDS-2021-2023-11436000,"Yogurt, liquid (1 bottle, 150 g)","Yogurt, liquid (1 bottle, 150 g)",food,111.0,5.5,18.9,1.6,15.5,0.2
FNDDS-2021-2023-11436100,"Yogurt tube (1 tube, 75 g)","Yogurt tube (1 tube, 75 g)",food,60.8,3.3,10.3,0.8,8.6,0.1
FNDDS-2021-2023-11440010,"Chipotle dip, yogurt based (1 tablespoon, 15 g)","Chipotle dip, yogurt based (1 tablespoon, 15 g)",food,28.3,1.2,0.5,2.4,0.4,0.0
FNDDS-2021-2023-11440030,"Onion dip, yogurt based (1 tablespoon, 15 g)","Onion dip, yogurt based (1 tablespoon, 15 g)",food,24.0,1.0,0.6,1.9,0.5,0.0
FNDDS-2021-2023-11440040,"Ranch dip, yogurt based (1 tablespoon, 15 g)","Ranch dip, yogurt based (1 tablespoon, 15 g)",food,29.2,1.3,0.6,2.4,0.5,0.0
FNDDS-2021-2023-11440050,"Spinach dip, yogurt based (1 tablespoon, 15 g)","Spinach dip, yogurt based (1 tablespoon, 15 g)",food,23.8,1.1,0.5,1.9,0.5,0.0
FNDDS-2021-2023-11440060,"Tzatziki dip (1 tablespoon, 15 g)","Tzatziki dip (1 tablespoon, 15 g)",food,13.7,0.8,0.6,0.9,0.4,0.0
FNDDS-2021-2023-11440070,"Vegetable dip, yogurt based (1 tablespoon, 15 g)","Vegetable dip, yogurt based (1 tablespoon, 15 g)",food,28.6,1.2,0.6,2.4,0.4,0.0
FNDDS-2021-2023-11446000,"Yogurt parfait, with fruit (1 McDonald's parfait, 150 g)","Yogurt parfait, with fruit (1 McDonald's parfait, 150 g)",food,156.0,7.9,24.2,3.3,15.6,2.0
FNDDS-2021-2023-11460000,"Frozen yogurt, vanilla (1 cup, 175 g)","Frozen yogurt, vanilla (1 cup, 175 g)",dessert,222.2,5.2,37.8,6.3,34.8,0.0
FNDDS-2021-2023-11460100,"Frozen yogurt, chocolate (1 cup, 175 g)","Frozen yogurt, chocolate (1 cup, 175 g)",dessert,229.2,5.2,37.8,6.3,33.6,4.0
FNDDS-2021-2023-11460500,"Frozen yogurt, soft serve, vanilla (1 cup, 175 g)","Frozen yogurt, soft serve, vanilla (1 cup, 175 g)",dessert,278.2,7.0,42.4,9.8,42.0,0.0
FNDDS-2021-2023-11460510,"Frozen yogurt, soft serve, chocolate (1 cup, 175 g)","Frozen yogurt, soft serve, chocolate (1 cup, 175 g)",dessert,280.0,7.5,43.6,10.1,41.3,1.2
FNDDS-2021-2023-11461200,"Frozen yogurt sandwich (1 sandwich, 75 g)","Frozen yogurt sandwich (1 sandwich, 75 g)",dessert,153.0,2.9,25.8,4.7,18.2,0.6
FNDDS-2021-2023-11461210,"Frozen yogurt bar, vanilla (1 bar, 65 g)","Frozen yogurt bar, vanilla (1 bar, 65 g)",dessert,82.5,2.0,14.0,2.3,12.9,0.0
FNDDS-2021-2023-11461220,"Frozen yogurt bar, chocolate (1 bar, 65 g)","Frozen yogurt bar, chocolate (1 bar, 65 g)",dessert,85.2,2.0,14.0,2.3,12.5,1.5
FNDDS-2021-2023-11461250,"Frozen yogurt cone, chocolate (1 cone, 125 g)","Frozen yogurt cone, chocolate (1 cone, 125 g)",dessert,177.5,4.0,29.9,4.7,23.4,2.9
FNDDS-2021-2023-11461260,"Frozen yogurt cone, vanilla (1 cone, 125 g)","Frozen yogurt cone, vanilla (1 cone, 125 g)",dessert,173.8,4.0,29.9,4.7,24.2,0.1
FNDDS-2021-2023-11461300,"Frozen yogurt cone, vanilla, waffle cone (1 cone, 255 g)","Frozen yogurt cone, vanilla, waffle cone (1 cone, 255 g)",dessert,364.6,8.4,64.5,9.2,51.8,0.3
FNDDS-2021-2023-11461320,"Frozen yogurt cone, chocolate, waffle cone (1 cone, 255 g)","Frozen yogurt cone, chocolate, waffle cone (1 cone, 255 g)",dessert,374.8,8.4,64.5,9.2,50.0,5.9
FNDDS-2021-2023-11511100,"Chocolate milk, whole (1 cup, 248 g)","Chocolate milk, whole (1 cup, 248 g)",drink,205.8,7.9,25.5,8.4,23.7,2.0
FNDDS-2021-2023-11511200,"Chocolate milk, reduced fat (2%) (1 cup, 248 g)","Chocolate milk, reduced fat (2%) (1 cup, 248 g)",drink,188.5,7.4,30.0,4.7,23.7,1.7
FNDDS-2021-2023-11511300,"Chocolate milk, fat free (skim) (1 cup, 248 g)","Chocolate milk, fat free (skim) (1 cup, 248 g)",drink,166.2,8.4,33.5,0.0,20.8,0.0
FNDDS-2021-2023-11511400,"Chocolate milk, low fat (1%) (1 fl oz, 31 g)","Chocolate milk, low fat (1%) (1 fl oz, 31 g)",drink,19.8,1.1,3.2,0.3,3.1,0.0
FNDDS-2021-2023-11512010,"Hot chocolate / cocoa, made with whole or reduced fat (2%) milk (1 cup, 248 g)","Hot chocolate / cocoa, made with whole or reduced fat (2%) milk (1 cup, 248 g)",drink,225.7,6.8,40.9,3.8,37.7,0.0
FNDDS-2021-2023-11512020,"Hot chocolate / cocoa, made with lowfat (1%) or fat free (skim) milk (1 cup, 248 g)","Hot chocolate / cocoa, made with lowfat (1%) or fat free (skim) milk (1 cup, 248 g)",drink,193.4,6.9,41.2,0.1,37.9,0.0
FNDDS-2021-2023-11512030,"Hot chocolate / cocoa, made with non-dairy milk (1 cup, 248 g)","Hot chocolate / cocoa, made with non-dairy milk (1 cup, 248 g)",drink,188.5,2.3,37.2,3.2,31.7,0.2
FNDDS-2021-2023-11512100,"Hot chocolate / cocoa, with whipped cream (1 cup, 248 g)","Hot chocolate / cocoa, with whipped cream (1 cup, 248 g)",drink,250.5,6.7,40.2,6.9,37.0,0.0
FNDDS-2021-2023-11513385,"Chocolate milk, Nesquik, made with non-dairy milk (1 cup, 248 g)","Chocolate milk, Nesquik, made with non-dairy milk (1 cup, 248 g)",drink,133.9,3.3,20.9,4.1,17.2,1.0
FNDDS-2021-2023-11513801,"Chocolate milk, reduced sugar, whole (1 cup, 248 g)","Chocolate milk, reduced sugar, whole (1 cup, 248 g)",drink,181.0,7.5,20.8,7.2,19.3,0.0
FNDDS-2021-2023-11513802,"Chocolate milk, reduced sugar, reduced fat (2%) (1 cup, 248 g)","Chocolate milk, reduced sugar, reduced fat (2%) (1 cup, 248 g)",drink,156.2,7.7,21.4,4.4,19.5,0.0
FNDDS-2021-2023-11513803,"Chocolate milk, reduced sugar, low fat (1%) (1 cup, 248 g)","Chocolate milk, reduced sugar, low fat (1%) (1 cup, 248 g)",drink,141.4,7.8,22.0,2.4,19.6,0.0
FNDDS-2021-2023-11513804,"Chocolate milk, reduced sugar, fat free (skim) (1 cup, 248 g)","Chocolate milk, reduced sugar, fat free (skim) (1 cup, 248 g)",drink,121.5,7.9,21.4,0.5,19.8,0.0
FNDDS-2021-2023-11514100,"Hot chocolate / cocoa, dry mix, made with water (1 cup, 248 g)","Hot chocolate / cocoa, dry mix, made with water (1 cup, 248 g)",drink,133.9,2.2,28.0,1.3,21.9,1.2
FNDDS-2021-2023-11514110,"Hot chocolate / cocoa, dry mix, made with whole or reduced fat (2%) milk (1 cup, 248 g)","Hot chocolate / cocoa, dry mix, made with whole or reduced fat (2%) milk (1 cup, 248 g)",drink,240.6,9.4,38.4,5.4,32.5,1.2
FNDDS-2021-2023-11514130,"Hot chocolate / cocoa, dry mix, made with lowfat (1%) or fat free (skim) milk (1 cup, 248 g)","Hot chocolate / cocoa, dry mix, made with lowfat (1%) or fat free (skim) milk (1 cup, 248 g)",drink,205.8,9.6,38.4,1.5,32.7,1.2
FNDDS-2021-2023-11514150,"Hot chocolate / cocoa, dry mix , made with non-dairy milk (1 cup, 248 g)","Hot chocolate / cocoa, dry mix , made with non-dairy milk (1 cup, 248 g)",drink,200.9,4.7,34.5,4.8,26.3,1.5
FNDDS-2021-2023-11514160,"Hot chocolate / cocoa, dry mix, made with water, with whipped cream (1 cup, 248 g)","Hot chocolate / cocoa, dry mix, made with water, with whipped cream (1 cup, 248 g)",drink,161.2,2.3,27.8,4.5,21.8,1.2
FNDDS-2021-2023-11514310,"Hot chocolate / cocoa, dry mix, reduced sugar, made with water (1 cup, 248 g)","Hot chocolate / cocoa, dry mix, reduced sugar, made with water (1 cup, 248 g)",drink,76.9,3.1,14.6,0.6,7.6,1.5
FNDDS-2021-2023-11514320,"Hot chocolate / cocoa, dry mix, reduced sugar, made with whole or reduced fat (2%) milk (1 cup, 248 g)","Hot chocolate / cocoa, dry mix, reduced sugar, made with whole or reduced fat (2%) milk (1 cup, 248 g)",drink,191.0,10.8,25.8,4.9,18.7,1.5
FNDDS-2021-2023-11514325,"Hot chocolate / cocoa, reduced sugar, made with non-dairy milk (1 cup, 248 g)","Hot chocolate / cocoa, reduced sugar, made with non-dairy milk (1 cup, 248 g)",drink,133.9,3.0,22.1,3.7,17.3,0.2
FNDDS-2021-2023-11514330,"Hot chocolate / cocoa, reduced sugar, made with whole or reduced fat (2%) milk (1 cup, 248 g)","Hot chocolate / cocoa, reduced sugar, made with whole or reduced fat (2%) milk (1 cup, 248 g)",drink,171.1,7.4,25.8,4.3,23.1,0.0
FNDDS-2021-2023-11514340,"Hot chocolate / cocoa, dry mix, reduced sugar, made with lowfat (1%) or fat free (skim) milk (1 cup, 248 g)","Hot chocolate / cocoa, dry mix, reduced sugar, made with lowfat (1%) or fat free (skim) milk (1 cup, 248 g)",drink,153.8,10.9,25.8,0.8,19.1,1.5
FNDDS-2021-2023-11514350,"Hot chocolate / cocoa, reduced sugar, made with lowfat (1%) or fat free (skim) milk (1 cup, 248 g)","Hot chocolate / cocoa, reduced sugar, made with lowfat (1%) or fat free (skim) milk (1 cup, 248 g)",drink,138.9,7.6,25.8,0.6,23.4,0.0
FNDDS-2021-2023-11514360,"Hot chocolate / cocoa, dry mix, reduced sugar, made with non-dairy milk (1 cup, 248 g)","Hot chocolate / cocoa, dry mix, reduced sugar, made with non-dairy milk (1 cup, 248 g)",drink,146.3,5.7,21.5,4.3,12.3,1.7
FNDDS-2021-2023-11519050,"Strawberry milk, whole (1 cup, 248 g)","Strawberry milk, whole (1 cup, 248 g)",drink,213.3,7.5,29.3,7.4,29.0,0.0
FNDDS-2021-2023-11519105,"Strawberry milk, reduced fat (2%) (1 cup, 248 g)","Strawberry milk, reduced fat (2%) (1 cup, 248 g)",drink,176.1,7.8,26.5,4.5,26.0,0.0
FNDDS-2021-2023-11519200,"Strawberry milk, low fat (1%) (1 cup, 248 g)","Strawberry milk, low fat (1%) (1 cup, 248 g)",drink,171.1,7.8,30.5,2.2,29.3,0.0
FNDDS-2021-2023-11519205,"Strawberry milk, fat free  (skim) (1 fl oz, 31 g)","Strawberry milk, fat free  (skim) (1 fl oz, 31 g)",drink,18.9,1.0,3.8,0.0,3.7,0.0
FNDDS-2021-2023-11519210,"Strawberry milk, reduced sugar (1 cup, 248 g)","Strawberry milk, reduced sugar (1 cup, 248 g)",drink,146.3,8.1,16.7,5.2,16.6,0.0
FNDDS-2021-2023-11526000,"Milk, malted (1 cup, 256 g)","Milk, malted (1 cup, 256 g)",drink,169.0,8.2,22.1,5.2,20.0,0.0
FNDDS-2021-2023-11531000,"Eggnog (1 cup, 256 g)","Eggnog (1 cup, 256 g)",drink,225.3,11.6,20.6,10.7,20.6,0.0
FNDDS-2021-2023-11541110,"Milk shake, home recipe, chocolate (1 fl oz, 28 g)","Milk shake, home recipe, chocolate (1 fl oz, 28 g)",drink,33.6,1.0,3.8,1.7,3.5,0.1
FNDDS-2021-2023-11541120,"Milk shake, home recipe, flavors other than chocolate (1 fl oz, 28 g)","Milk shake, home recipe, flavors other than chocolate (1 fl oz, 28 g)",drink,31.6,0.9,3.2,1.7,3.0,0.1
FNDDS-2021-2023-11541130,"Milk shake, home recipe, chocolate, light (1 fl oz, 28 g)","Milk shake, home recipe, chocolate, light (1 fl oz, 28 g)",drink,27.2,1.1,3.6,0.9,3.5,0.1
FNDDS-2021-2023-11541135,"Milk shake, home recipe, flavors other than chocolate, light (1 fl oz, 28 g)","Milk shake, home recipe, flavors other than chocolate, light (1 fl oz, 28 g)",drink,25.8,1.1,3.9,0.7,3.1,0.0
FNDDS-2021-2023-11541400,"Milk shake with malt (1 fl oz, 28 g)","Milk shake with malt (1 fl oz, 28 g)",drink,35.0,1.1,3.8,1.7,3.4,0.1
FNDDS-2021-2023-11542100,"Milk shake, fast food, chocolate (1 small, 405 g)","Milk shake, fast food, chocolate (1 small, 405 g)",drink,607.5,15.0,82.6,27.0,54.3,6.5
FNDDS-2021-2023-11542200,"Milk shake, fast food, flavors other than chocolate (1 small, 405 g)","Milk shake, fast food, flavors other than chocolate (1 small, 405 g)",drink,599.4,13.6,79.4,26.4,55.1,3.6
FNDDS-2021-2023-11543000,"Milk shake, bottled, chocolate (1 fl oz, 31 g)","Milk shake, bottled, chocolate (1 fl oz, 31 g)",drink,46.5,1.1,6.3,2.1,4.2,0.5
FNDDS-2021-2023-11543010,"Milk shake, bottled, flavors other than chocolate (1 fl oz, 31 g)","Milk shake, bottled, flavors other than chocolate (1 fl oz, 31 g)",drink,45.9,1.0,6.1,2.0,4.2,0.3
FNDDS-2021-2023-11551050,"Licuado or Batido (1 fl oz, 27 g)","Licuado or Batido (1 fl oz, 27 g)",drink,20.2,0.6,3.6,0.4,3.1,0.2
FNDDS-2021-2023-11553110,"Fruit smoothie, with whole fruit and dairy (1 fl oz, 27 g)","Fruit smoothie, with whole fruit and dairy (1 fl oz, 27 g)",drink,17.8,0.6,3.2,0.3,2.4,0.3
FNDDS-2021-2023-11553120,"Fruit smoothie, with whole fruit and dairy, added protein (1 fl oz, 27 g)","Fruit smoothie, with whole fruit and dairy, added protein (1 fl oz, 27 g)",drink,21.3,2.0,2.7,0.3,2.0,0.3
FNDDS-2021-2023-11553130,"Fruit smoothie juice drink, with dairy (1 fl oz, 27 g)","Fruit smoothie juice drink, with dairy (1 fl oz, 27 g)",drink,17.6,0.2,4.1,0.0,3.4,0.2
FNDDS-2021-2023-11560000,"Chocolate milk drink (1 cup, 248 g)","Chocolate milk drink (1 cup, 248 g)",drink,121.5,1.6,26.5,1.0,21.5,1.5
FNDDS-2021-2023-12110100,"Cream, light (1 cup, 240 g)","Cream, light (1 cup, 240 g)",food,468.0,7.1,8.8,45.8,8.8,0.0
FNDDS-2021-2023-12120100,"Cream, half and half (1 cup, 240 g)","Cream, half and half (1 cup, 240 g)",food,314.4,7.5,10.3,27.6,9.9,0.0
FNDDS-2021-2023-12120106,"Cream, half and half, flavored (1 cup, 240 g)","Cream, half and half, flavored (1 cup, 240 g)",food,312.0,7.4,10.8,27.1,10.4,0.0
FNDDS-2021-2023-12120110,"Cream, half and half, fat free (1 cup, 240 g)","Cream, half and half, fat free (1 cup, 240 g)",food,141.6,6.2,21.6,3.4,12.0,0.0
FNDDS-2021-2023-12130100,"Cream, heavy (1 cup, 240 g)","Cream, heavy (1 cup, 240 g)",food,823.2,4.8,9.1,85.4,7.0,0.0
FNDDS-2021-2023-12140000,"Cream, whipped (1 cup, 40 g)","Cream, whipped (1 cup, 40 g)",food,138.4,0.8,3.8,13.4,3.4,0.0
FNDDS-2021-2023-12210200,"Coffee creamer, liquid (1 cup, 240 g)","Coffee creamer, liquid (1 cup, 240 g)",food,326.4,2.4,27.4,23.9,27.4,0.0
FNDDS-2021-2023-12210210,"Coffee creamer, liquid, flavored (1 cup, 240 g)","Coffee creamer, liquid, flavored (1 cup, 240 g)",food,602.4,1.7,84.2,32.4,79.2,2.6
FNDDS-2021-2023-12210260,"Coffee creamer, liquid, fat free (1 cup, 240 g)","Coffee creamer, liquid, fat free (1 cup, 240 g)",food,170.4,1.9,21.8,8.4,21.8,0.0
FNDDS-2021-2023-12210270,"Coffee creamer, liquid, fat free, flavored (1 cup, 240 g)","Coffee creamer, liquid, fat free, flavored (1 cup, 240 g)",food,369.6,1.4,76.1,6.5,76.3,0.0
FNDDS-2021-2023-12210280,"Coffee creamer, liquid, fat free, sugar free, flavored (1 cup, 240 g)","Coffee creamer, liquid, fat free, sugar free, flavored (1 cup, 240 g)",food,170.4,1.9,21.8,8.4,21.8,0.0
FNDDS-2021-2023-12210310,"Coffee creamer, liquid, sugar free, flavored (1 cup, 240 g)","Coffee creamer, liquid, sugar free, flavored (1 cup, 240 g)",food,170.4,1.9,21.8,8.4,21.8,0.0
FNDDS-2021-2023-12210400,"Coffee creamer, powder (1 cup, 94 g)","Coffee creamer, powder (1 cup, 94 g)",food,497.3,2.3,55.7,30.9,7.3,0.0
FNDDS-2021-2023-12210420,"Coffee creamer, powder, flavored (1 cup, 94 g)","Coffee creamer, powder, flavored (1 cup, 94 g)",food,453.1,0.6,70.9,20.2,54.5,1.1
FNDDS-2021-2023-12210430,"Coffee creamer, powder, fat free (1 cup, 94 g)","Coffee creamer, powder, fat free (1 cup, 94 g)",food,405.1,1.8,69.0,14.8,69.0,0.0
FNDDS-2021-2023-12210505,"Coffee creamer,powder, sugar free, flavored (1 cup, 94 g)","Coffee creamer,powder, sugar free, flavored (1 cup, 94 g)",food,497.3,2.3,55.7,30.9,7.3,0.0
FNDDS-2021-2023-12210520,"Coffee creamer, soy, liquid (1 cup, 240 g)","Coffee creamer, soy, liquid (1 cup, 240 g)",food,326.4,2.4,27.4,23.9,27.4,0.0
FNDDS-2021-2023-12220200,"Whipped topping (1 cup, 75 g)","Whipped topping (1 cup, 75 g)",food,238.5,0.9,17.2,19.0,17.2,0.0
FNDDS-2021-2023-12220270,"Whipped topping, fat free (1 cup, 75 g)","Whipped topping, fat free (1 cup, 75 g)",food,168.0,2.2,17.7,9.8,17.7,0.0
FNDDS-2021-2023-12220280,"Whipped topping, sugar free (1 cup, 75 g)","Whipped topping, sugar free (1 cup, 75 g)",food,168.0,2.2,17.7,9.8,17.7,0.0
FNDDS-2021-2023-12310100,"Sour cream, regular (1 tablespoon, 15 g)","Sour cream, regular (1 tablespoon, 15 g)",food,29.4,0.5,0.8,2.7,0.5,0.0
FNDDS-2021-2023-12310350,"Sour cream, light (1 tablespoon, 15 g)","Sour cream, light (1 tablespoon, 15 g)",food,20.4,0.5,1.1,1.6,0.0,0.0
FNDDS-2021-2023-12310370,"Sour cream, fat free (1 tablespoon, 15 g)","Sour cream, fat free (1 tablespoon, 15 g)",food,11.1,0.5,2.3,0.0,0.1,0.0
FNDDS-2021-2023-12320100,"Sour cream, imitation (1 tablespoon, 15 g)","Sour cream, imitation (1 tablespoon, 15 g)",food,31.2,0.4,1.0,2.9,1.0,0.0
FNDDS-2021-2023-12350200,"Chipotle dip, regular (1 tablespoon, 15 g)","Chipotle dip, regular (1 tablespoon, 15 g)",food,63.9,0.3,0.5,6.8,0.3,0.0
FNDDS-2021-2023-12350205,"Chipotle dip, light (1 tablespoon, 15 g)","Chipotle dip, light (1 tablespoon, 15 g)",food,29.2,0.3,2.0,2.3,1.1,0.0
FNDDS-2021-2023-12350220,"Onion dip, regular (1 tablespoon, 15 g)","Onion dip, regular (1 tablespoon, 15 g)",food,51.9,0.3,0.6,5.4,0.4,0.0
FNDDS-2021-2023-12350225,"Onion dip, light (1 tablespoon, 15 g)","Onion dip, light (1 tablespoon, 15 g)",food,24.9,0.3,1.8,1.9,1.0,0.0
FNDDS-2021-2023-12350230,"Ranch dip, regular (1 tablespoon, 15 g)","Ranch dip, regular (1 tablespoon, 15 g)",food,64.8,0.4,0.6,6.8,0.4,0.0
FNDDS-2021-2023-12350235,"Ranch dip, light (1 tablespoon, 15 g)","Ranch dip, light (1 tablespoon, 15 g)",food,30.1,0.4,2.1,2.3,1.2,0.0
FNDDS-2021-2023-12350240,"Spinach dip, regular (1 tablespoon, 15 g)","Spinach dip, regular (1 tablespoon, 15 g)",food,51.8,0.4,0.5,5.4,0.3,0.0
FNDDS-2021-2023-12350245,"Spinach dip, light (1 tablespoon, 15 g)","Spinach dip, light (1 tablespoon, 15 g)",food,24.8,0.3,1.7,1.9,1.0,0.0
FNDDS-2021-2023-12350250,"Vegetable dip, regular (1 tablespoon, 15 g)","Vegetable dip, regular (1 tablespoon, 15 g)",food,64.3,0.3,0.5,6.8,0.3,0.0
FNDDS-2021-2023-12350255,"Vegetable dip, light (1 tablespoon, 15 g)","Vegetable dip, light (1 tablespoon, 15 g)",food,29.7,0.3,2.0,2.3,1.1,0.0
FNDDS-2021-2023-13110100,"Ice cream, vanilla (1 cup, 135 g)","Ice cream, vanilla (1 cup, 135 g)",dessert,279.5,4.7,31.9,14.9,28.6,0.9
FNDDS-2021-2023-13110102,"Ice cream, vanilla, with additional ingredients (1 cup, 140 g)","Ice cream, vanilla, with additional ingredients (1 cup, 140 g)",dessert,338.8,5.1,42.7,16.5,35.4,1.4
FNDDS-2021-2023-13110110,"Ice cream, chocolate (1 cup, 135 g)","Ice cream, chocolate (1 cup, 135 g)",dessert,291.6,5.1,38.1,14.9,34.3,1.6
FNDDS-2021-2023-13110112,"Ice cream, chocolate, with additional ingredients (1 cup, 140 g)","Ice cream, chocolate, with additional ingredients (1 cup, 140 g)",dessert,348.6,5.5,48.2,16.5,40.3,2.1
FNDDS-2021-2023-13110200,"Ice cream, soft serve, vanilla (1 cup, 175 g)","Ice cream, soft serve, vanilla (1 cup, 175 g)",dessert,315.0,8.4,51.6,8.5,38.7,0.5
FNDDS-2021-2023-13110210,"Ice cream, soft serve, chocolate (1 cup, 175 g)","Ice cream, soft serve, chocolate (1 cup, 175 g)",dessert,327.2,8.8,45.0,12.6,43.2,1.4
FNDDS-2021-2023-13110460,"Gelato, vanilla (1 cup, 175 g)","Gelato, vanilla (1 cup, 175 g)",dessert,435.8,6.1,39.0,28.3,36.1,0.0
FNDDS-2021-2023-13110470,"Gelato, chocolate (1 cup, 175 g)","Gelato, chocolate (1 cup, 175 g)",dessert,439.2,8.3,34.6,29.8,30.4,1.6
FNDDS-2021-2023-13120050,"Ice cream bar, vanilla (1 bar, 75 g)","Ice cream bar, vanilla (1 bar, 75 g)",dessert,268.5,1.6,27.8,19.0,15.8,0.8
FNDDS-2021-2023-13120100,"Ice cream bar, vanilla, chocolate coated (1 bar, 75 g)","Ice cream bar, vanilla, chocolate coated (1 bar, 75 g)",dessert,248.2,3.1,18.4,18.1,13.7,0.6
FNDDS-2021-2023-13120110,"Ice cream candy bar (1 bar, 50 g)","Ice cream candy bar (1 bar, 50 g)",dessert,161.5,2.2,15.4,10.1,15.0,0.3
FNDDS-2021-2023-13120140,"Ice cream bar, chocolate (1 bar, 75 g)","Ice cream bar, chocolate (1 bar, 75 g)",dessert,246.8,3.3,18.9,17.9,13.5,1.1
FNDDS-2021-2023-13120500,"Ice cream sandwich, vanilla (1 sandwich, 75 g)","Ice cream sandwich, vanilla (1 sandwich, 75 g)",dessert,198.0,3.2,26.9,8.9,19.0,1.0
FNDDS-2021-2023-13120510,"Ice cream sandwich, chocolate (1 sandwich, 75 g)","Ice cream sandwich, chocolate (1 sandwich, 75 g)",dessert,202.5,3.4,29.5,8.9,21.3,1.4
FNDDS-2021-2023-13120550,"Ice cream cookie sandwich (1 sandwich, 75 g)","Ice cream cookie sandwich (1 sandwich, 75 g)",dessert,237.8,3.5,32.5,10.6,19.8,1.3
FNDDS-2021-2023-13120730,"Ice cream cone, scooped, vanilla (1 cone, 125 g)","Ice cream cone, scooped, vanilla (1 cone, 125 g)",dessert,268.8,4.6,32.2,13.5,25.8,1.0
FNDDS-2021-2023-13120735,"Ice cream cone, scooped, vanilla, waffle cone (1 cone, 255 g)","Ice cream cone, scooped, vanilla, waffle cone (1 cone, 255 g)",dessert,555.9,9.6,69.4,27.0,54.8,2.0
FNDDS-2021-2023-13120770,"Ice cream cone, scooped, chocolate (1 cone, 125 g)","Ice cream cone, scooped, chocolate (1 cone, 125 g)",dessert,280.0,5.0,37.8,13.5,30.8,1.6
FNDDS-2021-2023-13120775,"Ice cream cone, scooped, chocolate, waffle cone (1 cone, 255 g)","Ice cream cone, scooped, chocolate, waffle cone (1 cone, 255 g)",dessert,578.8,10.3,80.3,27.0,64.8,3.1
FNDDS-2021-2023-13120782,"Ice cream cone, soft serve, vanilla (1 cone, 125 g)","Ice cream cone, soft serve, vanilla (1 cone, 125 g)",dessert,236.2,6.1,39.2,6.1,26.9,0.5
FNDDS-2021-2023-13120784,"Ice cream cone, soft serve, chocolate (1 cone, 125 g)","Ice cream cone, soft serve, chocolate (1 cone, 125 g)",dessert,245.0,6.4,34.8,9.0,30.0,1.1
FNDDS-2021-2023-13120786,"Ice cream cone, soft serve, vanilla, waffle cone (1 cone, 255 g)","Ice cream cone, soft serve, vanilla, waffle cone (1 cone, 255 g)",dessert,492.1,12.6,83.4,12.2,56.9,1.0
FNDDS-2021-2023-13120788,"Ice cream cone, soft serve, chocolate, waffle cone (1 cone, 255 g)","Ice cream cone, soft serve, chocolate, waffle cone (1 cone, 255 g)",dessert,510.0,13.2,74.2,17.8,63.2,2.3
FNDDS-2021-2023-13120790,"Ice cream cone, vanilla, prepackaged (1 cone, 95 g)","Ice cream cone, vanilla, prepackaged (1 cone, 95 g)",dessert,336.3,4.9,32.7,20.8,23.8,0.9
FNDDS-2021-2023-13120792,"Ice cream cone, chocolate, prepackaged (1 cone, 95 g)","Ice cream cone, chocolate, prepackaged (1 cone, 95 g)",dessert,335.3,5.1,32.9,20.7,23.6,1.3
FNDDS-2021-2023-13120800,"Ice cream soda, flavors other than chocolate (1 soda (10 fl oz), 240 g)","Ice cream soda, flavors other than chocolate (1 soda (10 fl oz), 240 g)",drink,204.0,2.2,33.6,7.0,32.2,0.5
FNDDS-2021-2023-13120810,"Ice cream soda, chocolate (1 soda (10 fl oz), 240 g)","Ice cream soda, chocolate (1 soda (10 fl oz), 240 g)",drink,208.8,2.4,36.5,7.0,34.8,0.7
FNDDS-2021-2023-13121100,"Ice cream sundae, fruit topping (1 sundae, 180 g)","Ice cream sundae, fruit topping (1 sundae, 180 g)",dessert,397.8,4.9,58.9,16.6,40.0,1.3
FNDDS-2021-2023-13121120,"Banana split (1 banana split, 490 g)","Banana split (1 banana split, 490 g)",dessert,975.1,11.9,159.7,33.7,118.6,4.9
FNDDS-2021-2023-13121300,"Ice cream sundae, hot fudge topping (1 sundae, 180 g)","Ice cream sundae, hot fudge topping (1 sundae, 180 g)",dessert,437.4,6.7,57.4,20.2,43.0,2.0
FNDDS-2021-2023-13121400,"Ice cream sundae, caramel topping (1 sundae, 180 g)","Ice cream sundae, caramel topping (1 sundae, 180 g)",dessert,383.4,5.3,55.1,16.5,51.8,0.9
FNDDS-2021-2023-13126000,"Ice cream, fried (1 cup, 135 g)","Ice cream, fried (1 cup, 135 g)",dessert,380.7,5.3,44.3,20.5,28.2,1.6
FNDDS-2021-2023-13130300,"Light ice cream, vanilla (1 cup, 135 g)","Light ice cream, vanilla (1 cup, 135 g)",dessert,234.9,5.9,34.3,8.3,19.3,0.3
FNDDS-2021-2023-13130310,"Light ice cream, chocolate (1 cup, 135 g)","Light ice cream, chocolate (1 cup, 135 g)",dessert,243.0,5.8,35.4,8.7,20.5,1.1
FNDDS-2021-2023-13130700,"Soft serve, blended with candy or cookies, from fast food (1 cup, 215 g)","Soft serve, blended with candy or cookies, from fast food (1 cup, 215 g)",dessert,378.4,8.6,56.3,13.0,49.0,0.4
FNDDS-2021-2023-13135000,"Light ice cream sandwich, vanilla (1 sandwich, 75 g)","Light ice cream sandwich, vanilla (1 sandwich, 75 g)",dessert,179.2,3.7,28.0,6.1,15.1,0.8
FNDDS-2021-2023-13135010,"Light ice cream sandwich, chocolate (1 sandwich, 75 g)","Light ice cream sandwich, chocolate (1 sandwich, 75 g)",dessert,182.2,3.6,28.4,6.3,15.5,1.1
FNDDS-2021-2023-13140000,"Light ice cream bar, vanilla (1 bar, 75 g)","Light ice cream bar, vanilla (1 bar, 75 g)",dessert,177.0,2.4,14.1,12.5,7.9,0.1
FNDDS-2021-2023-13140100,"Light ice cream bar, vanilla, chocolate coated (1 bar, 75 g)","Light ice cream bar, vanilla, chocolate coated (1 bar, 75 g)",dessert,177.0,2.5,14.4,12.5,7.8,0.4
FNDDS-2021-2023-13140115,"Light ice cream bar, chocolate (1 bar, 75 g)","Light ice cream bar, chocolate (1 bar, 75 g)",dessert,180.0,2.5,14.8,12.7,8.3,0.8
FNDDS-2021-2023-13140700,"Creamsicle (1 sicle, 65 g)","Creamsicle (1 sicle, 65 g)",dessert,107.2,1.0,21.3,2.0,12.0,0.0
FNDDS-2021-2023-13140900,"Fudgesicle (1 sicle, 65 g)","Fudgesicle (1 sicle, 65 g)",dessert,106.0,1.7,19.5,2.4,11.4,0.7
FNDDS-2021-2023-13142100,"Light ice cream cone, vanilla, prepackaged (1 cone, 95 g)","Light ice cream cone, vanilla, prepackaged (1 cone, 95 g)",dessert,211.8,5.1,32.5,6.9,15.6,0.7
FNDDS-2021-2023-13142110,"Light ice cream cone, chocolate, prepackaged (1 cone, 95 g)","Light ice cream cone, chocolate, prepackaged (1 cone, 95 g)",dessert,215.6,5.1,33.2,7.2,16.2,1.2
FNDDS-2021-2023-13150000,"Sherbet, all flavors (1 cup, 175 g)","Sherbet, all flavors (1 cup, 175 g)",dessert,252.0,1.9,53.2,3.5,42.5,2.3
FNDDS-2021-2023-13161600,"Fudgesicle, light (1 bar, 45 g)","Fudgesicle, light (1 bar, 45 g)",dessert,55.8,1.7,10.4,0.8,2.3,0.7
FNDDS-2021-2023-13210110,"Pudding, bread (1 cup, 200 g)","Pudding, bread (1 cup, 200 g)",dessert,312.0,11.2,47.0,9.7,30.2,2.0
FNDDS-2021-2023-13210300,"Custard (1 cup, 260 g)","Custard (1 cup, 260 g)",dessert,252.2,13.2,28.6,9.5,28.3,0.0
FNDDS-2021-2023-13210350,"Flan (1 cup, 260 g)","Flan (1 cup, 260 g)",dessert,462.8,13.6,73.3,12.8,73.1,0.0
FNDDS-2021-2023-13210370,"Creme brulee (1 cup, 260 g)","Creme brulee (1 cup, 260 g)",dessert,293.8,10.6,46.3,7.4,46.5,0.0
FNDDS-2021-2023-13210410,"Pudding, rice (1 cup, 260 g)","Pudding, rice (1 cup, 260 g)",dessert,280.8,8.4,47.8,5.6,30.2,0.8
FNDDS-2021-2023-13210450,"Firni, Indian pudding (1 cup, 260 g)","Firni, Indian pudding (1 cup, 260 g)",dessert,374.4,9.3,65.3,8.1,40.8,0.8
FNDDS-2021-2023-13210520,"Pudding, tapioca, made from dry mix (1 cup, 260 g)","Pudding, tapioca, made from dry mix (1 cup, 260 g)",dessert,338.0,5.1,56.4,10.1,38.7,0.0
FNDDS-2021-2023-13220110,"Pudding, flavors other than chocolate, made from dry mix (1 cup, 260 g)","Pudding, flavors other than chocolate, made from dry mix (1 cup, 260 g)",dessert,275.6,7.2,50.4,4.9,50.4,0.0
FNDDS-2021-2023-13220120,"Pudding, chocolate, made from dry mix (1 cup, 260 g)","Pudding, chocolate, made from dry mix (1 cup, 260 g)",dessert,293.8,8.2,52.8,5.5,43.2,1.8
FNDDS-2021-2023-13220210,"Pudding, flavors other than chocolate, made from dry mix, sugar free (1 cup, 260 g)","Pudding, flavors other than chocolate, made from dry mix, sugar free (1 cup, 260 g)",dessert,182.0,8.3,24.8,5.4,12.1,0.0
FNDDS-2021-2023-13220220,"Pudding, chocolate, made from dry mix, sugar free (1 cup, 260 g)","Pudding, chocolate, made from dry mix, sugar free (1 cup, 260 g)",dessert,197.6,9.0,27.3,5.6,11.9,1.3
FNDDS-2021-2023-13230110,"Pudding, flavors other than chocolate, ready-to-eat (1 cup, 260 g)","Pudding, flavors other than chocolate, ready-to-eat (1 cup, 260 g)",dessert,338.0,3.8,58.8,9.8,44.2,0.0
FNDDS-2021-2023-13230120,"Pudding, flavors other than chocolate, ready-to-eat, sugar free (1 cup, 260 g)","Pudding, flavors other than chocolate, ready-to-eat, sugar free (1 cup, 260 g)",dessert,182.0,8.3,24.8,5.4,12.1,0.0
FNDDS-2021-2023-13230130,"Pudding, chocolate, ready-to-eat (1 cup, 260 g)","Pudding, chocolate, ready-to-eat (1 cup, 260 g)",dessert,369.2,5.4,59.8,12.0,44.7,0.0
FNDDS-2021-2023-13230140,"Pudding, chocolate, ready-to-eat, sugar free (1 cup, 260 g)","Pudding, chocolate, ready-to-eat, sugar free (1 cup, 260 g)",dessert,197.6,9.0,27.3,5.6,11.9,1.3
FNDDS-2021-2023-13230500,"Pudding, tapioca, ready-to-eat (1 cup, 260 g)","Pudding, tapioca, ready-to-eat (1 cup, 260 g)",dessert,338.0,5.1,56.4,10.1,38.7,0.0
FNDDS-2021-2023-13241000,"Banana pudding (1 cup, 190 g)","Banana pudding (1 cup, 190 g)",dessert,304.0,4.9,53.2,8.1,37.4,1.3
FNDDS-2021-2023-13250000,"Mousse (1 cup, 170 g)","Mousse (1 cup, 170 g)",dessert,360.4,7.1,27.5,25.7,25.7,1.0
FNDDS-2021-2023-13252200,"Dulce de leche (1 cup, 300 g)","Dulce de leche (1 cup, 300 g)",dessert,945.0,20.5,166.2,22.0,149.1,0.0
FNDDS-2021-2023-13252500,"Barfi or Burfi, Indian dessert (1 piece, 45 g)","Barfi or Burfi, Indian dessert (1 piece, 45 g)",dessert,127.8,2.4,18.2,5.1,16.7,0.2
FNDDS-2021-2023-13252590,"Trifle (1 cup, 145 g)","Trifle (1 cup, 145 g)",dessert,245.0,5.1,33.6,10.4,22.9,0.6
FNDDS-2021-2023-13252600,"Tiramisu (1 piece, 175 g)","Tiramisu (1 piece, 175 g)",dessert,617.8,9.9,51.4,41.8,32.7,1.1
FNDDS-2021-2023-13411000,"White sauce or gravy (1 cup, 240 g)","White sauce or gravy (1 cup, 240 g)",food,345.6,9.2,22.1,24.5,11.1,0.5
FNDDS-2021-2023-14101010,"Cheese, Blue or Roquefort (1 cracker-size slice, 9 g)","Cheese, Blue or Roquefort (1 cracker-size slice, 9 g)",food,31.8,1.9,0.2,2.6,0.0,0.0
FNDDS-2021-2023-14102010,"Cheese, Brick (1 cracker-size slice, 9 g)","Cheese, Brick (1 cracker-size slice, 9 g)",food,33.4,2.1,0.3,2.7,0.0,0.0
FNDDS-2021-2023-14103010,"Cheese, Camembert (1 wedge (1.33 oz), 38 g)","Cheese, Camembert (1 wedge (1.33 oz), 38 g)",food,114.0,7.5,0.2,9.2,0.2,0.0
FNDDS-2021-2023-14103020,"Cheese, Brie (1 package (4.5 oz), 128 g)","Cheese, Brie (1 package (4.5 oz), 128 g)",food,427.5,26.6,0.6,35.5,0.6,0.0
FNDDS-2021-2023-14104100,"Cheese, Cheddar (1 cracker-size slice, 9 g)","Cheese, Cheddar (1 cracker-size slice, 9 g)",food,36.8,2.1,0.2,3.1,0.0,0.0
FNDDS-2021-2023-14104110,"Cheese, Cheddar, reduced fat (1 cracker-size slice, 9 g)","Cheese, Cheddar, reduced fat (1 cracker-size slice, 9 g)",food,28.4,2.5,0.2,1.8,0.0,0.0
FNDDS-2021-2023-14104115,"Cheese, Cheddar, nonfat or fat free (1 cracker-size slice, 9 g)","Cheese, Cheddar, nonfat or fat free (1 cracker-size slice, 9 g)",food,14.1,2.9,0.6,0.0,0.0,0.0
FNDDS-2021-2023-14104200,"Cheese, Colby (1 cracker-size slice, 9 g)","Cheese, Colby (1 cracker-size slice, 9 g)",food,35.5,2.1,0.2,2.9,0.0,0.0
FNDDS-2021-2023-14104250,"Cheese, Colby Jack (1 cracker-size slice, 9 g)","Cheese, Colby Jack (1 cracker-size slice, 9 g)",food,35.4,2.1,0.2,2.9,0.0,0.0
FNDDS-2021-2023-14104400,"Cheese, Feta (1 wedge (1.33 oz), 38 g)","Cheese, Feta (1 wedge (1.33 oz), 38 g)",food,103.7,7.5,2.1,7.3,0.6,0.0
FNDDS-2021-2023-14104600,"Cheese, Fontina (1 cracker-size slice, 9 g)","Cheese, Fontina (1 cracker-size slice, 9 g)",food,35.0,2.3,0.1,2.8,0.1,0.0
FNDDS-2021-2023-14104700,"Cheese, goat (1 cup, crumbled, 140 g)","Cheese, goat (1 cup, crumbled, 140 g)",food,509.6,30.2,0.2,41.7,0.2,0.0
FNDDS-2021-2023-14105010,"Cheese, Gouda or Edam (1 cracker-size slice, 9 g)","Cheese, Gouda or Edam (1 cracker-size slice, 9 g)",food,32.0,2.2,0.2,2.5,0.2,0.0
FNDDS-2021-2023-14105200,"Cheese, Gruyere (1 cracker-size slice, 9 g)","Cheese, Gruyere (1 cracker-size slice, 9 g)",food,37.2,2.7,0.0,2.9,0.0,0.0
FNDDS-2021-2023-14106010,"Cheese, Limburger (1 package (8 oz), 227 g)","Cheese, Limburger (1 package (8 oz), 227 g)",food,742.3,45.4,1.1,61.7,1.1,0.0
FNDDS-2021-2023-14106200,"Cheese, Monterey (1 cracker-size slice, 9 g)","Cheese, Monterey (1 cracker-size slice, 9 g)",food,35.3,2.0,0.2,2.9,0.0,0.0
FNDDS-2021-2023-14106500,"Cheese, Monterey, reduced fat (1 cracker-size slice, 9 g)","Cheese, Monterey, reduced fat (1 cracker-size slice, 9 g)",food,28.2,2.5,0.1,1.9,0.1,0.0
FNDDS-2021-2023-14107030,"Cheese, Mozzarella, part skim (1 cracker-size slice, 9 g)","Cheese, Mozzarella, part skim (1 cracker-size slice, 9 g)",food,26.6,2.1,0.4,1.8,0.2,0.0
FNDDS-2021-2023-14107040,"Cheese, Mozzarella, reduced sodium (1 cracker-size slice, 9 g)","Cheese, Mozzarella, reduced sodium (1 cracker-size slice, 9 g)",food,25.2,2.5,0.3,1.5,0.1,0.0
FNDDS-2021-2023-14107060,"Cheese, Mozzarella, nonfat or fat free (1 cracker-size slice, 9 g)","Cheese, Mozzarella, nonfat or fat free (1 cracker-size slice, 9 g)",food,12.7,2.9,0.3,0.0,0.1,0.2
FNDDS-2021-2023-14107200,"Cheese, Muenster (1 cracker-size slice, 9 g)","Cheese, Muenster (1 cracker-size slice, 9 g)",food,33.1,2.1,0.1,2.7,0.1,0.0
FNDDS-2021-2023-14107250,"Cheese, Muenster, reduced fat (1 cracker-size slice, 9 g)","Cheese, Muenster, reduced fat (1 cracker-size slice, 9 g)",food,24.4,2.2,0.3,1.6,0.3,0.0
FNDDS-2021-2023-14108010,"Cheese, Parmesan, dry grated (1 cup, 100 g)","Cheese, Parmesan, dry grated (1 cup, 100 g)",food,412.0,29.9,8.4,28.8,0.4,0.0
FNDDS-2021-2023-14108015,"Cheese, Parmesan, dry grated, reduced fat (1 cup, 106 g)","Cheese, Parmesan, dry grated, reduced fat (1 cup, 106 g)",food,418.7,36.9,27.8,17.5,0.8,0.0
FNDDS-2021-2023-14108020,"Cheese, Parmesan, hard (1 cubic inch, 10.3 g)","Cheese, Parmesan, hard (1 cubic inch, 10.3 g)",food,42.4,3.1,0.9,3.0,0.0,0.0
FNDDS-2021-2023-14108060,"Cheese, Parmesan, dry grated, fat free (1 tablespoon, 7.5 g)","Cheese, Parmesan, dry grated, fat free (1 tablespoon, 7.5 g)",food,27.8,3.0,3.0,0.4,0.1,0.0
FNDDS-2021-2023-14108200,"Cheese, Port du Salut (1 cracker-size slice, 9 g)","Cheese, Port du Salut (1 cracker-size slice, 9 g)",food,32.0,2.2,0.2,2.5,0.2,0.0
FNDDS-2021-2023-14108400,"Cheese, Provolone (1 cracker-size slice, 9 g)","Cheese, Provolone (1 cracker-size slice, 9 g)",food,32.1,2.1,0.2,2.5,0.1,0.0
FNDDS-2021-2023-14108420,"Cheese, provolone, reduced fat (1 cracker-size slice, 9 g)","Cheese, provolone, reduced fat (1 cracker-size slice, 9 g)",food,24.7,2.2,0.3,1.6,0.0,0.0
FNDDS-2021-2023-14109010,"Cheese, Swiss (1 cracker-size slice, 9 g)","Cheese, Swiss (1 cracker-size slice, 9 g)",food,35.4,2.4,0.1,2.8,0.0,0.0
FNDDS-2021-2023-14109020,"Cheese, Swiss, reduced sodium (1 cracker-size slice, 9 g)","Cheese, Swiss, reduced sodium (1 cracker-size slice, 9 g)",food,33.7,2.6,0.3,2.5,0.1,0.0
FNDDS-2021-2023-14109030,"Cheese, Swiss, reduced fat (1 cracker-size slice, 9 g)","Cheese, Swiss, reduced fat (1 cracker-size slice, 9 g)",food,16.1,2.6,0.3,0.5,0.1,0.0
FNDDS-2021-2023-14109040,"Cheese, Swiss, nonfat or fat free (1 cracker-size slice, 9 g)","Cheese, Swiss, nonfat or fat free (1 cracker-size slice, 9 g)",food,11.4,2.6,0.3,0.0,0.1,0.0
FNDDS-2021-2023-14110010,"Cheese, Cheddar, reduced sodium (1 cracker-size slice, 9 g)","Cheese, Cheddar, reduced sodium (1 cracker-size slice, 9 g)",food,35.8,2.2,0.2,2.9,0.0,0.0
FNDDS-2021-2023-14110050,"Cheese, paneer (1 cup, 246 g)","Cheese, paneer (1 cup, 246 g)",food,735.5,39.1,55.4,38.1,57.3,0.0
FNDDS-2021-2023-14120010,"Cheese, Mexican blend (1 cup, shredded, 113 g)","Cheese, Mexican blend (1 cup, shredded, 113 g)",food,409.1,24.7,2.7,33.1,0.9,0.0
FNDDS-2021-2023-14120020,"Cheese, Mexican blend, reduced fat (1 cup, shredded, 113 g)","Cheese, Mexican blend, reduced fat (1 cup, shredded, 113 g)",food,318.7,27.9,3.9,21.9,0.6,0.0
FNDDS-2021-2023-14131000,"Queso Anejo, aged Mexican cheese (1 cup, crumbled, 132 g)","Queso Anejo, aged Mexican cheese (1 cup, crumbled, 132 g)",food,492.4,28.2,6.1,39.6,6.1,0.0
FNDDS-2021-2023-14131500,"Queso Asadero (1 cracker-size slice, 9 g)","Queso Asadero (1 cracker-size slice, 9 g)",food,26.7,2.0,0.2,2.0,0.0,0.0
FNDDS-2021-2023-14133000,"Queso Fresco (1 cracker-size slice, 9 g)","Queso Fresco (1 cracker-size slice, 9 g)",food,26.8,1.7,0.3,2.1,0.2,0.0
FNDDS-2021-2023-14134000,"Queso cotija (1 cup, 100 g)","Queso cotija (1 cup, 100 g)",food,351.0,23.8,2.7,27.2,0.0,0.0
FNDDS-2021-2023-14201010,"Cheese, cottage, creamed, large or small curd (1 cup, 210 g)","Cheese, cottage, creamed, large or small curd (1 cup, 210 g)",food,216.3,24.4,9.7,8.9,5.6,0.0
FNDDS-2021-2023-14201200,"Cottage cheese, farmer's (1 cup, 210 g)","Cottage cheese, farmer's (1 cup, 210 g)",food,310.8,23.1,9.1,20.4,5.3,0.0
FNDDS-2021-2023-14201500,"Cheese, Ricotta (1 cup, 246 g)","Cheese, Ricotta (1 cup, 246 g)",food,364.1,23.6,14.8,23.3,0.7,0.0
FNDDS-2021-2023-14202010,"Cheese, cottage, with fruit (1 cup, 226 g)","Cheese, cottage, with fruit (1 cup, 226 g)",food,167.2,21.3,11.2,4.4,10.4,0.5
FNDDS-2021-2023-14202020,"Cheese, cottage, with vegetables (1 cup, 226 g)","Cheese, cottage, with vegetables (1 cup, 226 g)",food,178.5,22.1,12.7,4.5,8.9,1.6
FNDDS-2021-2023-14203010,"Cheese, cottage, dry curd (1 cup, dry type, 145 g)","Cheese, cottage, dry curd (1 cup, dry type, 145 g)",food,104.4,14.9,9.7,0.4,2.7,0.0
FNDDS-2021-2023-14203020,"Cheese, cottage, salted, dry curd (1 cup, dry type, 145 g)","Cheese, cottage, salted, dry curd (1 cup, dry type, 145 g)",food,103.0,14.8,9.6,0.4,2.7,0.0
FNDDS-2021-2023-14203510,"Puerto Rican white cheese (1 cup, 128 g)","Puerto Rican white cheese (1 cup, 128 g)",food,381.4,24.2,3.8,30.0,3.0,0.0
FNDDS-2021-2023-14204010,"Cheese, cottage, low fat (1 cup, 226 g)","Cheese, cottage, low fat (1 cup, 226 g)",food,185.3,24.9,9.7,5.2,9.3,0.0
FNDDS-2021-2023-14204020,"Cheese, cottage, lowfat, with fruit (1 cup, 226 g)","Cheese, cottage, lowfat, with fruit (1 cup, 226 g)",food,192.1,16.5,23.3,3.5,21.0,0.7
FNDDS-2021-2023-14206010,"Cheese, cottage, lowfat, low sodium (1 cup, 226 g)","Cheese, cottage, lowfat, low sodium (1 cup, 226 g)",food,162.7,28.0,6.1,2.3,6.1,0.0
FNDDS-2021-2023-14207010,"Cheese, cottage, lowfat, lactose reduced (1 cup, 227 g)","Cheese, cottage, lowfat, lactose reduced (1 cup, 227 g)",food,186.1,25.0,9.8,5.2,9.3,0.0
FNDDS-2021-2023-14301010,"Cream cheese, regular, plain (1 cup, 240 g)","Cream cheese, regular, plain (1 cup, 240 g)",food,823.2,13.9,10.9,80.4,9.0,0.0
FNDDS-2021-2023-14301100,"Cream cheese, regular, flavored (1 cup, 240 g)","Cream cheese, regular, flavored (1 cup, 240 g)",food,660.0,19.8,33.8,49.4,31.2,0.0
FNDDS-2021-2023-14303010,"Cream cheese, light (1 cup, 240 g)","Cream cheese, light (1 cup, 240 g)",food,633.6,21.8,13.4,54.5,10.4,0.0
FNDDS-2021-2023-14410100,"Cheese, American and Swiss blends (1 cracker-size slice, 9 g)","Cheese, American and Swiss blends (1 cracker-size slice, 9 g)",food,30.6,1.5,0.6,2.4,0.4,0.0
FNDDS-2021-2023-14410110,"Cheese, American (1 cracker-size slice, 9 g)","Cheese, American (1 cracker-size slice, 9 g)",food,30.6,1.5,0.6,2.4,0.4,0.0
FNDDS-2021-2023-14410120,"Cheese, American, reduced fat (1 cracker-size slice, 9 g)","Cheese, American, reduced fat (1 cracker-size slice, 9 g)",food,21.6,1.6,1.0,1.3,0.7,0.0
FNDDS-2021-2023-14410130,"Cheese, American, nonfat or fat free (1 cracker-size slice, 9 g)","Cheese, American, nonfat or fat free (1 cracker-size slice, 9 g)",food,11.3,1.9,0.9,0.0,0.5,0.0
FNDDS-2021-2023-14410210,"Cheese, American, reduced sodium (1 cracker-size slice, 9 g)","Cheese, American, reduced sodium (1 cracker-size slice, 9 g)",food,33.8,2.0,0.1,2.8,0.0,0.0
FNDDS-2021-2023-14410330,"Cheese spread, American or Cheddar cheese base, reduced fat (1 cracker-size slice, 9 g)","Cheese spread, American or Cheddar cheese base, reduced fat (1 cracker-size slice, 9 g)",food,15.8,1.2,1.0,0.8,0.6,0.0
FNDDS-2021-2023-14410380,"Cream cheese, fat free (1 cup, 240 g)","Cream cheese, fat free (1 cup, 240 g)",food,252.0,37.7,18.4,2.4,13.2,0.0
FNDDS-2021-2023-14410500,"Cheese, processed cheese food (1 Handi-Snack cheese container, 16 g)","Cheese, processed cheese food (1 Handi-Snack cheese container, 16 g)",food,49.1,2.6,1.4,3.7,1.0,0.0
FNDDS-2021-2023-14410600,"Cheese, processed, with vegetables (1 cracker-size slice, 9 g)","Cheese, processed, with vegetables (1 cracker-size slice, 9 g)",food,32.0,1.3,0.3,2.9,0.2,0.0
FNDDS-2021-2023-14410620,"Cheese,  with wine (1 oz, 28.35 g)","Cheese,  with wine (1 oz, 28.35 g)",food,87.0,4.6,2.5,6.5,1.8,0.0
FNDDS-2021-2023-14420100,"Cheese spread, American or Cheddar cheese base (1 cracker-size slice, 9 g)","Cheese spread, American or Cheddar cheese base (1 cracker-size slice, 9 g)",food,26.1,1.5,0.8,1.9,0.7,0.0
FNDDS-2021-2023-14420160,"Cheese spread, Swiss cheese base (1 oz, 28.35 g)","Cheese spread, Swiss cheese base (1 oz, 28.35 g)",food,82.2,4.6,2.5,6.0,2.1,0.0
FNDDS-2021-2023-14420200,"Cheese spread, cream cheese (1 cup, 240 g)","Cheese spread, cream cheese (1 cup, 240 g)",food,708.0,17.0,8.4,68.6,8.4,0.0
FNDDS-2021-2023-14420300,"Cheese spread, pressurized can (1 cup, 225 g)","Cheese spread, pressurized can (1 cup, 225 g)",food,652.5,36.9,19.6,47.7,16.5,0.0
FNDDS-2021-2023-14502000,"Imitation cheese (1 slice, 21 g)","Imitation cheese (1 slice, 21 g)",food,81.9,5.2,0.2,6.7,0.2,0.0
FNDDS-2021-2023-14610200,"Cheese, cottage cheese, with gelatin dessert (1 cup, 240 g)","Cheese, cottage cheese, with gelatin dessert (1 cup, 240 g)",food,199.2,16.4,21.7,5.4,18.4,0.0
FNDDS-2021-2023-14610210,"Cheese, cottage cheese, with gelatin dessert and fruit (1 cup, 240 g)","Cheese, cottage cheese, with gelatin dessert and fruit (1 cup, 240 g)",food,180.0,12.8,23.8,4.2,20.4,1.0
FNDDS-2021-2023-14610250,"Cheese, cottage cheese, with gelatin dessert and vegetables (1 cup, 240 g)","Cheese, cottage cheese, with gelatin dessert and vegetables (1 cup, 240 g)",food,204.0,19.3,17.1,6.7,12.9,0.5
FNDDS-2021-2023-14610520,"Cheese ball (1 tablespoon, 15 g)","Cheese ball (1 tablespoon, 15 g)",food,66.1,2.7,0.7,5.8,0.3,0.2
FNDDS-2021-2023-14620110,"Artichoke dip (1 tablespoon, 15 g)","Artichoke dip (1 tablespoon, 15 g)",food,49.6,0.6,0.9,4.9,0.3,0.1
FNDDS-2021-2023-14620115,"Spinach and artichoke dip (1 tablespoon, 15 g)","Spinach and artichoke dip (1 tablespoon, 15 g)",food,49.4,0.6,0.8,4.9,0.2,0.2
FNDDS-2021-2023-14620130,"Seafood dip (1 tablespoon, 15 g)","Seafood dip (1 tablespoon, 15 g)",food,50.5,0.9,0.6,4.9,0.3,0.0
FNDDS-2021-2023-14620150,"Cheese dip with chili pepper (1 tablespoon, 15 g)","Cheese dip with chili pepper (1 tablespoon, 15 g)",food,21.4,0.5,1.7,1.4,0.3,0.1
FNDDS-2021-2023-14620200,"Cheese dip (1 tablespoon, 15 g)","Cheese dip (1 tablespoon, 15 g)",food,24.4,0.5,1.2,2.0,0.0,0.0
FNDDS-2021-2023-14620300,"Topping from cheese pizza (Topping from 1 piece, 40 g)","Topping from cheese pizza (Topping from 1 piece, 40 g)",food,92.0,6.8,3.0,5.9,1.8,0.4
FNDDS-2021-2023-14620310,"Topping from vegetable pizza (Topping from 1 piece, 49 g)","Topping from vegetable pizza (Topping from 1 piece, 49 g)",food,121.0,7.6,6.0,7.6,2.8,0.9
FNDDS-2021-2023-14620320,"Topping from meat pizza (Topping from 1 piece, 41 g)","Topping from meat pizza (Topping from 1 piece, 41 g)",food,131.6,7.9,2.3,10.0,1.3,0.3
FNDDS-2021-2023-14620330,"Topping from meat and vegetable pizza (Topping from 1 piece, 51 g)","Topping from meat and vegetable pizza (Topping from 1 piece, 51 g)",food,152.5,9.0,3.9,11.2,2.1,0.5
FNDDS-2021-2023-14630100,"Cheese fondue (1 tablespoon, 13 g)","Cheese fondue (1 tablespoon, 13 g)",food,35.9,2.5,0.3,2.8,0.1,0.0
FNDDS-2021-2023-14630200,"Cheese souffle (1 cup, 95 g)","Cheese souffle (1 cup, 95 g)",food,196.6,9.0,6.1,15.2,2.3,0.1
FNDDS-2021-2023-14630300,"Welsh rarebit (1 tablespoon, 15 g)","Welsh rarebit (1 tablespoon, 15 g)",food,24.8,1.1,0.9,1.8,0.6,0.0
FNDDS-2021-2023-14640002,"Cheese sandwich, American cheese, on white bread (1 sandwich, 102 g)","Cheese sandwich, American cheese, on white bread (1 sandwich, 102 g)",food,302.9,12.8,32.5,13.6,5.2,1.4
FNDDS-2021-2023-14640004,"Cheese sandwich, American cheese, on wheat bread (1 sandwich, 102 g)","Cheese sandwich, American cheese, on wheat bread (1 sandwich, 102 g)",food,300.9,13.9,30.3,13.8,5.1,3.3
FNDDS-2021-2023-14640008,"Cheese sandwich, cheddar cheese, on white bread (1 sandwich, 102 g)","Cheese sandwich, cheddar cheese, on white bread (1 sandwich, 102 g)",food,331.5,15.4,30.6,16.4,3.3,1.4
FNDDS-2021-2023-14640010,"Cheese sandwich, cheddar cheese, on wheat bread (1 sandwich, 102 g)","Cheese sandwich, cheddar cheese, on wheat bread (1 sandwich, 102 g)",food,329.5,16.6,28.3,16.6,3.3,3.3
FNDDS-2021-2023-14640014,"Cheese sandwich, reduced fat cheese, on white bread (1 sandwich, 102 g)","Cheese sandwich, reduced fat cheese, on white bread (1 sandwich, 102 g)",food,261.1,13.1,34.0,8.1,6.6,1.4
FNDDS-2021-2023-14640016,"Cheese sandwich, reduced fat cheese, on wheat bread (1 sandwich, 102 g)","Cheese sandwich, reduced fat cheese, on wheat bread (1 sandwich, 102 g)",food,259.1,14.3,31.7,8.3,6.5,3.3
FNDDS-2021-2023-14640105,"Grilled cheese sandwich, American cheese, on white bread (1 sandwich, 116 g)","Grilled cheese sandwich, American cheese, on white bread (1 sandwich, 116 g)",food,397.9,12.8,32.6,24.1,5.2,1.4
FNDDS-2021-2023-14640110,"Grilled cheese sandwich, American cheese, on wheat bread (1 sandwich, 116 g)","Grilled cheese sandwich, American cheese, on wheat bread (1 sandwich, 116 g)",food,395.6,13.9,30.3,24.4,5.2,3.2
FNDDS-2021-2023-14640125,"Grilled cheese sandwich, cheddar cheese, on white bread (1 sandwich, 116 g)","Grilled cheese sandwich, cheddar cheese, on white bread (1 sandwich, 116 g)",food,426.9,15.5,30.6,27.0,3.4,1.4
FNDDS-2021-2023-14640130,"Grilled cheese sandwich, cheddar cheese, on wheat bread (1 sandwich, 116 g)","Grilled cheese sandwich, cheddar cheese, on wheat bread (1 sandwich, 116 g)",food,424.6,16.7,28.3,27.3,3.3,3.2
FNDDS-2021-2023-14640155,"Grilled cheese sandwich, reduced fat cheese, on white bread (1 sandwich, 116 g)","Grilled cheese sandwich, reduced fat cheese, on white bread (1 sandwich, 116 g)",food,356.1,13.1,34.0,18.6,6.6,1.4
FNDDS-2021-2023-14640160,"Grilled cheese sandwich, reduced fat cheese, on wheat bread (1 sandwich, 116 g)","Grilled cheese sandwich, reduced fat cheese, on wheat bread (1 sandwich, 116 g)",food,353.8,14.3,31.8,18.8,6.5,3.2
FNDDS-2021-2023-14650100,"Cheese sauce (1 tablespoon, 16 g)","Cheese sauce (1 tablespoon, 16 g)",food,26.1,0.5,1.3,2.1,0.0,0.0
FNDDS-2021-2023-14650160,"Alfredo sauce (1 cup, 260 g)","Alfredo sauce (1 cup, 260 g)",food,390.0,5.5,4.6,39.0,2.3,0.0
FNDDS-2021-2023-14650165,"Alfredo sauce with added vegetables (1 cup, 260 g)","Alfredo sauce with added vegetables (1 cup, 260 g)",food,317.2,5.4,6.9,29.9,3.7,1.0
FNDDS-2021-2023-14650170,"Alfredo sauce with meat (1 cup, 260 g)","Alfredo sauce with meat (1 cup, 260 g)",food,444.6,17.0,3.7,39.8,1.9,0.0
FNDDS-2021-2023-14650175,"Alfredo sauce with meat and added vegetables (1 cup, 260 g)","Alfredo sauce with meat and added vegetables (1 cup, 260 g)",food,384.8,16.8,5.6,32.5,3.0,0.8
FNDDS-2021-2023-14650180,"Alfredo sauce with poultry (1 cup, 260 g)","Alfredo sauce with poultry (1 cup, 260 g)",food,405.6,17.9,3.7,35.4,1.9,0.0
FNDDS-2021-2023-14650185,"Alfredo sauce with poultry and added vegetables (1 cup, 260 g)","Alfredo sauce with poultry and added vegetables (1 cup, 260 g)",food,345.8,17.8,5.6,28.1,3.0,0.8
FNDDS-2021-2023-14650190,"Alfredo sauce with seafood (1 cup, 260 g)","Alfredo sauce with seafood (1 cup, 260 g)",food,377.0,15.4,5.2,32.5,1.9,0.0
FNDDS-2021-2023-14650195,"Alfredo sauce with seafood and added vegetables (1 cup, 260 g)","Alfredo sauce with seafood and added vegetables (1 cup, 260 g)",food,317.2,15.3,7.0,25.1,3.0,0.8
FNDDS-2021-2023-14660200,"Mozzarella sticks, breaded, baked, or fried (1 nugget, 7 g)","Mozzarella sticks, breaded, baked, or fried (1 nugget, 7 g)",food,22.8,1.0,1.8,1.3,0.2,0.1
FNDDS-2021-2023-14670000,"Mozzarella cheese, tomato, and basil, with oil and vinegar dressing (1 cup, 160 g)","Mozzarella cheese, tomato, and basil, with oil and vinegar dressing (1 cup, 160 g)",food,222.4,11.5,6.2,17.4,3.7,1.3
FNDDS-2021-2023-21101140,"Beef, steak, chuck (1 piece/slice, any size, 30 g)","Beef, steak, chuck (1 piece/slice, any size, 30 g)",food,67.5,7.8,0.1,4.0,0.0,0.0
FNDDS-2021-2023-21101150,"Beef, steak, cube (1 piece/slice, any size, 30 g)","Beef, steak, cube (1 piece/slice, any size, 30 g)",food,56.1,8.6,0.0,2.1,0.0,0.0
FNDDS-2021-2023-21101160,"Beef, steak, flank (1 piece/slice, any size, 30 g)","Beef, steak, flank (1 piece/slice, any size, 30 g)",food,72.9,8.7,0.0,4.2,0.0,0.0
FNDDS-2021-2023-21101180,"Beef, steak, ribeye, lean and fat eaten (1 piece/slice, any size, 30 g)","Beef, steak, ribeye, lean and fat eaten (1 piece/slice, any size, 30 g)",food,86.7,7.0,0.0,6.5,0.0,0.0
FNDDS-2021-2023-21101190,"Beef, steak, ribeye, lean only eaten (1 piece/slice, any size, 30 g)","Beef, steak, ribeye, lean only eaten (1 piece/slice, any size, 30 g)",food,69.0,7.9,0.0,4.1,0.0,0.0
FNDDS-2021-2023-21102140,"Beef, steak, round (1 piece/slice, any size, 30 g)","Beef, steak, round (1 piece/slice, any size, 30 g)",food,49.8,8.9,0.0,1.3,0.0,0.0
FNDDS-2021-2023-21102160,"Beef, steak, sirloin, lean and fat eaten (1 piece/slice, any size, 30 g)","Beef, steak, sirloin, lean and fat eaten (1 piece/slice, any size, 30 g)",food,78.6,7.9,0.0,5.0,0.0,0.0
FNDDS-2021-2023-21102170,"Beef, steak, sirloin, lean only eaten (1 piece/slice, any size, 30 g)","Beef, steak, sirloin, lean only eaten (1 piece/slice, any size, 30 g)",food,64.8,8.4,0.0,3.4,0.0,0.0
FNDDS-2021-2023-21102190,"Beef, steak, strip, lean and fat eaten (1 piece/slice, any size, 30 g)","Beef, steak, strip, lean and fat eaten (1 piece/slice, any size, 30 g)",food,78.6,7.9,0.0,5.0,0.0,0.0
FNDDS-2021-2023-21103140,"Beef, steak, strip, lean only eaten (1 piece/slice, any size, 30 g)","Beef, steak, strip, lean only eaten (1 piece/slice, any size, 30 g)",food,64.8,8.4,0.0,3.4,0.0,0.0
FNDDS-2021-2023-21103160,"Beef, steak, T-bone,  lean and fat eaten (1 piece/slice, any size, 30 g)","Beef, steak, T-bone,  lean and fat eaten (1 piece/slice, any size, 30 g)",food,82.2,7.6,0.0,5.5,0.0,0.0
FNDDS-2021-2023-21103170,"Beef, steak, T-bone, lean only eaten (1 piece/slice, any size, 30 g)","Beef, steak, T-bone, lean only eaten (1 piece/slice, any size, 30 g)",food,69.0,8.1,0.0,3.8,0.0,0.0
FNDDS-2021-2023-21103180,"Beef, steak, tenderloin (1 piece/slice, any size, 30 g)","Beef, steak, tenderloin (1 piece/slice, any size, 30 g)",food,58.8,9.2,0.0,2.5,0.0,0.0
FNDDS-2021-2023-21104110,"Beef, steak, country fried (1 piece/slice, any size, 30 g)","Beef, steak, country fried (1 piece/slice, any size, 30 g)",food,91.8,6.0,2.4,6.3,0.0,0.1
FNDDS-2021-2023-21301000,"Beef, oxtails (1 tail, 240 g)","Beef, oxtails (1 tail, 240 g)",food,616.8,62.2,0.0,39.6,0.0,0.0
FNDDS-2021-2023-21302000,"Beef, neck bones (1 neckbone, 45 g)","Beef, neck bones (1 neckbone, 45 g)",food,115.7,11.7,0.0,7.4,0.0,0.0
FNDDS-2021-2023-21304200,"Beef, shortribs (1 rib (yield after cooking, bone removed), 70 g)","Beef, shortribs (1 rib (yield after cooking, bone removed), 70 g)",food,177.1,12.7,8.5,9.9,6.9,0.2
FNDDS-2021-2023-21305000,"Beef, cow head (1 oz yields, 8 g)","Beef, cow head (1 oz yields, 8 g)",food,20.6,2.1,0.0,1.3,0.0,0.0
FNDDS-2021-2023-21401000,"Beef, roast (1 regular/thin slice, 60 g)","Beef, roast (1 regular/thin slice, 60 g)",food,123.6,17.5,0.0,5.8,0.0,0.0
FNDDS-2021-2023-21407000,"Beef, pot roast (1 regular/thin slice, 60 g)","Beef, pot roast (1 regular/thin slice, 60 g)",food,150.6,17.0,0.0,9.2,0.0,0.0
FNDDS-2021-2023-21410000,"Beef, stew meat (1 oz yields, 20 g)","Beef, stew meat (1 oz yields, 20 g)",food,50.2,5.7,0.0,3.1,0.0,0.0
FNDDS-2021-2023-21416000,"Beef, corned (1 piece/slice, any size, 30 g)","Beef, corned (1 piece/slice, any size, 30 g)",food,75.3,5.5,0.1,5.7,0.0,0.0
FNDDS-2021-2023-21417100,"Beef, brisket (1 regular/thin slice, 60 g)","Beef, brisket (1 regular/thin slice, 60 g)",food,138.6,17.6,0.0,7.2,0.0,0.0
FNDDS-2021-2023-21420100,"Beef, sandwich steak (1 slice, 30 g)","Beef, sandwich steak (1 slice, 30 g)",food,97.8,5.5,0.0,8.3,0.0,0.0
FNDDS-2021-2023-21500000,"Beef, ground, raw (1 cup, 225 g)","Beef, ground, raw (1 cup, 225 g)",food,479.2,41.4,0.0,33.5,0.0,0.0
FNDDS-2021-2023-21500100,"Beef, ground (1 oz yields, 20 g)","Beef, ground (1 oz yields, 20 g)",food,52.2,5.1,0.0,3.4,0.0,0.0
FNDDS-2021-2023-21500310,"Beef, ground, patty (1 miniature patty, 30 g)","Beef, ground, patty (1 miniature patty, 30 g)",food,81.6,7.6,0.0,5.5,0.0,0.0
FNDDS-2021-2023-21601000,"Beef, bacon, cooked (1 oz, cooked, 28.35 g)","Beef, bacon, cooked (1 oz, cooked, 28.35 g)",food,127.3,8.9,0.4,9.8,0.0,0.0
FNDDS-2021-2023-21601010,"Beef, bacon, reduced sodium, cooked (1 oz, cooked, 28.35 g)","Beef, bacon, reduced sodium, cooked (1 oz, cooked, 28.35 g)",food,153.4,10.5,0.4,11.9,0.0,0.0
FNDDS-2021-2023-21602000,"Beef, dried, chipped, uncooked (1 oz, 28.35 g)","Beef, dried, chipped, uncooked (1 oz, 28.35 g)",food,43.4,8.8,0.8,0.5,0.8,0.0
FNDDS-2021-2023-21602010,"Beef, dried, chipped, cooked in fat (1 oz, cooked, 28.35 g)","Beef, dried, chipped, cooked in fat (1 oz, cooked, 28.35 g)",food,63.8,8.0,0.7,3.2,0.7,0.0
FNDDS-2021-2023-21602100,"Beef jerky (1 cup, pieces, 90 g)","Beef jerky (1 cup, pieces, 90 g)",food,369.0,29.9,9.9,23.0,8.1,1.6
FNDDS-2021-2023-22002000,"Pork, ground (1 patty, 85 g)","Pork, ground (1 patty, 85 g)",food,254.2,22.9,0.0,18.0,0.0,0.0
FNDDS-2021-2023-22002050,"Pork, carnitas (1 oz yields, 20 g)","Pork, carnitas (1 oz yields, 20 g)",food,54.2,4.9,0.0,3.7,0.0,0.0
FNDDS-2021-2023-22002800,"Pork jerky (1 cubic inch, 20 g)","Pork jerky (1 cubic inch, 20 g)",food,82.4,7.0,1.9,4.9,2.0,0.0
FNDDS-2021-2023-22101010,"Pork, chop, lean and fat eaten (1 thin, 90 g)","Pork, chop, lean and fat eaten (1 thin, 90 g)",food,175.5,24.3,0.0,8.3,0.0,0.0
FNDDS-2021-2023-22101020,"Pork, chop, lean only eaten (1 thin, 90 g)","Pork, chop, lean only eaten (1 thin, 90 g)",food,153.9,25.2,0.0,5.3,0.0,0.0
FNDDS-2021-2023-22101310,"Pork, chop, coated, lean and fat eaten (1 thin, 90 g)","Pork, chop, coated, lean and fat eaten (1 thin, 90 g)",food,206.1,22.6,6.4,9.5,0.6,0.4
FNDDS-2021-2023-22101320,"Pork, chop, coated, lean only eaten (1 thin, 90 g)","Pork, chop, coated, lean only eaten (1 thin, 90 g)",food,187.2,23.4,6.4,7.0,0.6,0.4
FNDDS-2021-2023-22101330,"Pork, chop, stuffed (1 chop, any size, 180 g)","Pork, chop, stuffed (1 chop, any size, 180 g)",food,342.0,33.1,14.1,16.3,0.0,1.8
FNDDS-2021-2023-22201110,"Pork, steak, lean and fat eaten (1 slice, any size, 30 g)","Pork, steak, lean and fat eaten (1 slice, any size, 30 g)",food,79.2,7.6,0.0,5.2,0.0,0.0
FNDDS-2021-2023-22201120,"Pork, steak, lean only eaten (1 slice, any size, 30 g)","Pork, steak, lean only eaten (1 slice, any size, 30 g)",food,69.0,8.0,0.0,3.8,0.0,0.0
FNDDS-2021-2023-22201400,"Pork, steak, coated (1 slice, any size, 30 g)","Pork, steak, coated (1 slice, any size, 30 g)",food,82.5,7.3,2.2,4.7,0.2,0.1
FNDDS-2021-2023-22210300,"Pork, tenderloin (1 slice, any size, 30 g)","Pork, tenderloin (1 slice, any size, 30 g)",food,40.2,7.4,0.0,1.0,0.0,0.0
FNDDS-2021-2023-22311000,"Ham (1 regular/thin slice, 60 g)","Ham (1 regular/thin slice, 60 g)",food,70.2,11.4,0.9,2.3,0.9,0.0
FNDDS-2021-2023-22311450,"Ham, prosciutto (1 thin slice, 9.2 g)","Ham, prosciutto (1 thin slice, 9.2 g)",food,17.9,2.6,0.0,0.8,0.0,0.0
FNDDS-2021-2023-22311500,"Ham, canned (1 regular/thin slice, 60 g)","Ham, canned (1 regular/thin slice, 60 g)",food,100.2,12.5,0.3,5.1,0.0,0.0
FNDDS-2021-2023-22321110,"Ham, ground (1 patty, 85 g)","Ham, ground (1 patty, 85 g)",food,141.9,17.8,0.4,7.2,0.0,0.0
FNDDS-2021-2023-22400100,"Pork, roast (1 regular/thin slice, 60 g)","Pork, roast (1 regular/thin slice, 60 g)",food,108.6,16.0,0.0,4.5,0.0,0.0
FNDDS-2021-2023-22431000,"Pork, roll (1 slice, any size, 30 g)","Pork, roll (1 slice, any size, 30 g)",food,98.7,3.9,1.3,8.5,0.0,0.0
FNDDS-2021-2023-22501010,"Canadian bacon, cooked (1 slice, 23 g)","Canadian bacon, cooked (1 slice, 23 g)",food,33.6,6.5,0.4,0.6,0.3,0.0
FNDDS-2021-2023-22601000,"Pork bacon, smoked or cured, cooked (1 thin slice (yield after cooking), 5 g)","Pork bacon, smoked or cured, cooked (1 thin slice (yield after cooking), 5 g)",food,23.4,1.7,0.1,1.8,0.0,0.0
FNDDS-2021-2023-22601040,"Bacon or side pork, fresh, cooked (1 medium slice (yield after cooking), 8 g)","Bacon or side pork, fresh, cooked (1 medium slice (yield after cooking), 8 g)",food,37.4,2.7,0.1,2.8,0.0,0.0
FNDDS-2021-2023-22602010,"Pork bacon, smoked or cured, reduced sodium, cooked (1 thin slice (yield after cooking), 5 g)","Pork bacon, smoked or cured, reduced sodium, cooked (1 thin slice (yield after cooking), 5 g)",food,27.1,1.9,0.1,2.1,0.0,0.0
FNDDS-2021-2023-22621100,"Fat back, cooked (1 slice (2-1/4"" x 1-3/4"" x 1/4""), 26 g)","Fat back, cooked (1 slice (2-1/4"" x 1-3/4"" x 1/4""), 26 g)",food,195.0,0.7,0.0,21.3,0.0,0.0
FNDDS-2021-2023-22701000,"Pork, ribs (1 rib (yield after cooking, bone removed), 35 g)","Pork, ribs (1 rib (yield after cooking, bone removed), 35 g)",food,88.9,5.7,4.2,5.3,3.5,0.1
FNDDS-2021-2023-22704010,"Pork, cracklings (1 cup, 90 g)","Pork, cracklings (1 cup, 90 g)",food,512.1,40.5,0.0,37.5,0.0,0.0
FNDDS-2021-2023-22705010,"Pork, ears (1 item, 85 g)","Pork, ears (1 item, 85 g)",food,200.6,22.3,0.0,11.7,0.0,0.0
FNDDS-2021-2023-22706010,"Pork, bones (1 neckbone, 45 g)","Pork, bones (1 neckbone, 45 g)",food,106.2,11.8,0.0,6.2,0.0,0.0
FNDDS-2021-2023-22707010,"Pork, pig's feet (1 item, 85 g)","Pork, pig's feet (1 item, 85 g)",food,200.6,18.5,0.0,13.5,0.0,0.0
FNDDS-2021-2023-22707020,"Pork, pig's feet, pickled (1 item, 85 g)","Pork, pig's feet, pickled (1 item, 85 g)",food,119.0,9.9,0.0,8.5,0.0,0.0
FNDDS-2021-2023-22708010,"Pork, ham hocks (1 ham hock, 85 g)","Pork, ham hocks (1 ham hock, 85 g)",food,227.8,12.4,0.9,19.4,0.9,0.0
FNDDS-2021-2023-22708020,"Pork, belly (1 slice, any size, 30 g)","Pork, belly (1 slice, any size, 30 g)",food,121.2,8.0,0.0,9.7,0.0,0.0
FNDDS-2021-2023-22709010,"Pork skin rinds (1 rind, 1 g)","Pork skin rinds (1 rind, 1 g)",food,5.4,0.6,0.0,0.3,0.0,0.0
FNDDS-2021-2023-23101000,"Lamb, chop (1 chop, any size, 90 g)","Lamb, chop (1 chop, any size, 90 g)",food,237.6,24.7,0.0,14.7,0.0,0.0
FNDDS-2021-2023-23132000,"Lamb, ground (1 patty, 85 g)","Lamb, ground (1 patty, 85 g)",food,238.8,20.9,0.0,16.6,0.0,0.0
FNDDS-2021-2023-23150100,"Goat (1 cubic inch, 17 g)","Goat (1 cubic inch, 17 g)",food,24.1,4.6,0.0,0.5,0.0,0.0
FNDDS-2021-2023-23201010,"Veal, chop (1 chop, any size, 90 g)","Veal, chop (1 chop, any size, 90 g)",food,142.2,26.6,0.1,4.0,0.0,0.0
FNDDS-2021-2023-23220010,"Veal, ground (1 patty, 85 g)","Veal, ground (1 patty, 85 g)",food,181.0,21.8,1.3,9.9,0.0,0.0
FNDDS-2021-2023-23220020,"Mock chicken legs (1 stick, 85 g)","Mock chicken legs (1 stick, 85 g)",food,205.7,18.3,6.8,11.6,0.1,0.3
FNDDS-2021-2023-23310000,"Rabbit (1 cup, 135 g)","Rabbit (1 cup, 135 g)",food,275.4,40.6,0.0,11.3,0.0,0.0
FNDDS-2021-2023-23321200,"Venison, steak (1 patty, 85 g)","Venison, steak (1 patty, 85 g)",food,126.6,25.5,0.0,2.0,0.0,0.0
FNDDS-2021-2023-23321900,"Venison/deer jerky (1 strip or stick (4"" long), 14 g)","Venison/deer jerky (1 strip or stick (4"" long), 14 g)",food,55.7,4.5,2.1,3.1,2.1,0.0
FNDDS-2021-2023-23322100,"Venison sausage (1 patty, 35 g)","Venison sausage (1 patty, 35 g)",food,109.2,7.1,0.0,8.8,0.0,0.0
FNDDS-2021-2023-23323100,"Moose (1 cup, 135 g)","Moose (1 cup, 135 g)",food,179.6,39.2,0.0,1.3,0.0,0.0
FNDDS-2021-2023-23323500,"Bear (1 cup, 135 g)","Bear (1 cup, 135 g)",food,347.0,43.5,0.0,18.0,0.0,0.0
FNDDS-2021-2023-23324100,"Caribou (1 cup, 135 g)","Caribou (1 cup, 135 g)",food,224.1,39.8,0.0,5.9,0.0,0.0
FNDDS-2021-2023-23326100,"Bison (1 patty, 85 g)","Bison (1 patty, 85 g)",food,151.3,21.4,0.0,7.3,0.0,0.0
FNDDS-2021-2023-23331100,"Groundhog (1 cup, 135 g)","Groundhog (1 cup, 135 g)",food,214.7,37.9,0.0,5.9,0.0,0.0
FNDDS-2021-2023-23332100,"Opossum (1 cup, 135 g)","Opossum (1 cup, 135 g)",food,295.7,40.5,0.0,13.6,0.0,0.0
FNDDS-2021-2023-23333100,"Squirrel (1 cup, 135 g)","Squirrel (1 cup, 135 g)",food,232.2,41.2,0.0,6.3,0.0,0.0
FNDDS-2021-2023-23334100,"Beaver (1 cup, 135 g)","Beaver (1 cup, 135 g)",food,283.5,46.7,0.0,9.3,0.0,0.0
FNDDS-2021-2023-23335100,"Raccoon (1 cup, 135 g)","Raccoon (1 cup, 135 g)",food,341.6,39.2,0.0,19.4,0.0,0.0
FNDDS-2021-2023-23340100,"Armadillo (1 cup, 135 g)","Armadillo (1 cup, 135 g)",food,214.7,37.9,0.0,5.9,0.0,0.0
FNDDS-2021-2023-23345100,"Wild pig (1 cup, 135 g)","Wild pig (1 cup, 135 g)",food,214.7,37.9,0.0,5.9,0.0,0.0
FNDDS-2021-2023-23350100,"Ostrich (1 cup, 135 g)","Ostrich (1 cup, 135 g)",food,234.9,35.0,0.0,9.5,0.0,0.0
FNDDS-2021-2023-24122130,"Chicken breast, baked, broiled, or roasted, skin eaten, from raw (1 cup, cooked, diced, 135 g)","Chicken breast, baked, broiled, or roasted, skin eaten, from raw (1 cup, cooked, diced, 135 g)",food,259.2,35.4,0.0,11.9,0.0,0.0
FNDDS-2021-2023-24122131,"Chicken breast, baked, broiled, or roasted, skin not eaten, from raw (1 cup, cooked, diced, 135 g)","Chicken breast, baked, broiled, or roasted, skin not eaten, from raw (1 cup, cooked, diced, 135 g)",food,217.4,40.8,0.0,4.8,0.0,0.0
FNDDS-2021-2023-24122140,"Chicken breast, baked or broiled, skin eaten, from pre-cooked (1 cup, cooked, diced, 135 g)","Chicken breast, baked or broiled, skin eaten, from pre-cooked (1 cup, cooked, diced, 135 g)",food,236.3,35.6,0.1,10.4,0.1,0.0
FNDDS-2021-2023-24122141,"Chicken breast, baked or broiled, skin not eaten, from pre-cooked (1 cup, cooked, diced, 135 g)","Chicken breast, baked or broiled, skin not eaten, from pre-cooked (1 cup, cooked, diced, 135 g)",food,194.4,37.8,0.0,4.8,0.0,0.0
FNDDS-2021-2023-24122150,"Chicken breast, baked or broiled, skin eaten, from fast food / restaurant (1 cup, cooked, diced, 135 g)","Chicken breast, baked or broiled, skin eaten, from fast food / restaurant (1 cup, cooked, diced, 135 g)",food,278.1,34.7,0.0,14.3,0.0,0.0
FNDDS-2021-2023-24122151,"Chicken breast, baked or broiled, skin not eaten, from fast food / restaurant (1 cup, cooked, diced, 135 g)","Chicken breast, baked or broiled, skin not eaten, from fast food / restaurant (1 cup, cooked, diced, 135 g)",food,237.6,40.0,0.0,7.3,0.0,0.0
FNDDS-2021-2023-24122160,"Chicken breast, baked, broiled, or roasted with marinade, skin eaten, from raw (1 cup, cooked, diced, 135 g)","Chicken breast, baked, broiled, or roasted with marinade, skin eaten, from raw (1 cup, cooked, diced, 135 g)",food,275.4,34.2,0.4,14.0,0.4,0.0
FNDDS-2021-2023-24122161,"Chicken breast, baked, broiled, or roasted with marinade, skin not eaten, from raw (1 cup, cooked, diced, 135 g)","Chicken breast, baked, broiled, or roasted with marinade, skin not eaten, from raw (1 cup, cooked, diced, 135 g)",food,236.3,39.3,0.4,7.3,0.4,0.0
FNDDS-2021-2023-24122170,"Chicken breast, rotisserie, skin eaten (1 cup, cooked, diced, 135 g)","Chicken breast, rotisserie, skin eaten (1 cup, cooked, diced, 135 g)",food,236.3,35.6,0.1,10.4,0.1,0.0
FNDDS-2021-2023-24122171,"Chicken breast, rotisserie, skin not eaten (1 cup, cooked, diced, 135 g)","Chicken breast, rotisserie, skin not eaten (1 cup, cooked, diced, 135 g)",food,194.4,37.8,0.0,4.8,0.0,0.0
FNDDS-2021-2023-24123110,"Chicken breast, stewed, skin eaten (1 cup, cooked, diced, 135 g)","Chicken breast, stewed, skin eaten (1 cup, cooked, diced, 135 g)",food,244.4,33.3,0.0,11.2,0.0,0.0
FNDDS-2021-2023-24123120,"Chicken breast, stewed, skin not eaten (1 cup, cooked, diced, 135 g)","Chicken breast, stewed, skin not eaten (1 cup, cooked, diced, 135 g)",food,201.2,37.8,0.0,4.4,0.0,0.0
FNDDS-2021-2023-24123300,"Chicken breast, grilled without sauce, skin eaten (1 cup, cooked, diced, 135 g)","Chicken breast, grilled without sauce, skin eaten (1 cup, cooked, diced, 135 g)",food,278.1,34.7,0.0,14.3,0.0,0.0
FNDDS-2021-2023-24123301,"Chicken breast, grilled without sauce, skin not eaten (1 cup, cooked, diced, 135 g)","Chicken breast, grilled without sauce, skin not eaten (1 cup, cooked, diced, 135 g)",food,237.6,40.0,0.0,7.4,0.0,0.0
FNDDS-2021-2023-24123310,"Chicken breast, grilled with sauce, skin eaten (1 cup, cooked, diced, 165 g)","Chicken breast, grilled with sauce, skin eaten (1 cup, cooked, diced, 165 g)",food,333.3,35.0,12.1,15.1,9.9,0.3
FNDDS-2021-2023-24123311,"Chicken breast, grilled with sauce, skin not eaten (1 cup, cooked, diced, 165 g)","Chicken breast, grilled with sauce, skin not eaten (1 cup, cooked, diced, 165 g)",food,293.7,40.1,12.1,8.1,9.9,0.3
FNDDS-2021-2023-24124200,"Chicken breast, sauteed, skin eaten (1 cup, cooked, diced, 135 g)","Chicken breast, sauteed, skin eaten (1 cup, cooked, diced, 135 g)",food,278.1,34.7,0.0,14.3,0.0,0.0
FNDDS-2021-2023-24124201,"Chicken breast, sauteed, skin not eaten (1 cup, cooked, diced, 135 g)","Chicken breast, sauteed, skin not eaten (1 cup, cooked, diced, 135 g)",food,237.6,40.0,0.0,7.4,0.0,0.0
FNDDS-2021-2023-24127200,"Chicken breast, fried, coated, skin / coating eaten, from raw (1 cup, cooked, diced, 135 g)","Chicken breast, fried, coated, skin / coating eaten, from raw (1 cup, cooked, diced, 135 g)",food,328.1,29.0,8.1,19.0,0.1,0.3
FNDDS-2021-2023-24127201,"Chicken breast, fried, coated, skin / coating not eaten, from raw (1 cup, cooked, diced, 135 g)","Chicken breast, fried, coated, skin / coating not eaten, from raw (1 cup, cooked, diced, 135 g)",food,237.6,40.0,0.0,7.4,0.0,0.0
FNDDS-2021-2023-24127202,"Chicken breast, fried, coated, prepared skinless, coating eaten, from raw (1 cup, cooked, diced, 135 g)","Chicken breast, fried, coated, prepared skinless, coating eaten, from raw (1 cup, cooked, diced, 135 g)",food,295.7,33.2,8.1,13.5,0.1,0.3
FNDDS-2021-2023-24127210,"Chicken breast, fried, coated, skin / coating eaten, from pre-cooked (1 cup, cooked, diced, 135 g)","Chicken breast, fried, coated, skin / coating eaten, from pre-cooked (1 cup, cooked, diced, 135 g)",food,337.5,27.8,9.7,20.0,0.2,0.4
FNDDS-2021-2023-24127211,"Chicken breast, fried, coated, skin / coating not eaten, from pre-cooked (1 cup, cooked, diced, 135 g)","Chicken breast, fried, coated, skin / coating not eaten, from pre-cooked (1 cup, cooked, diced, 135 g)",food,237.6,40.0,0.0,7.4,0.0,0.0
FNDDS-2021-2023-24127220,"Chicken breast, fried, coated, skin / coating eaten, from fast food / restaurant (1 cup, cooked, diced, 135 g)","Chicken breast, fried, coated, skin / coating eaten, from fast food / restaurant (1 cup, cooked, diced, 135 g)",food,368.6,26.1,14.4,23.0,0.1,0.4
FNDDS-2021-2023-24127221,"Chicken breast, fried, coated, skin / coating not eaten, from fast food / restaurant (1 cup, cooked, diced, 135 g)","Chicken breast, fried, coated, skin / coating not eaten, from fast food / restaurant (1 cup, cooked, diced, 135 g)",food,287.6,30.8,8.1,14.6,0.1,0.3
FNDDS-2021-2023-24127500,"Chicken breast, baked, coated, skin / coating eaten (1 cup, cooked, diced, 135 g)","Chicken breast, baked, coated, skin / coating eaten (1 cup, cooked, diced, 135 g)",food,279.5,32.1,5.4,13.4,0.1,0.3
FNDDS-2021-2023-24127501,"Chicken breast, baked, coated, skin / coating not eaten (1 cup, cooked, diced, 135 g)","Chicken breast, baked, coated, skin / coating not eaten (1 cup, cooked, diced, 135 g)",food,237.6,40.0,0.0,7.4,0.0,0.0
FNDDS-2021-2023-24132230,"Chicken leg, drumstick and thigh, baked or broiled, skin eaten (1 cup, cooked, diced, 135 g)","Chicken leg, drumstick and thigh, baked or broiled, skin eaten (1 cup, cooked, diced, 135 g)",food,288.9,31.3,0.0,17.3,0.0,0.0
FNDDS-2021-2023-24132231,"Chicken leg, drumstick and thigh, baked or broiled, skin not eaten (1 cup, cooked, diced, 135 g)","Chicken leg, drumstick and thigh, baked or broiled, skin not eaten (1 cup, cooked, diced, 135 g)",food,226.8,32.9,0.0,9.6,0.0,0.0
FNDDS-2021-2023-24132240,"Chicken leg, drumstick and thigh, rotisserie, skin eaten (1 cup, cooked, diced, 135 g)","Chicken leg, drumstick and thigh, rotisserie, skin eaten (1 cup, cooked, diced, 135 g)",food,294.3,32.1,0.2,18.4,0.2,0.0
FNDDS-2021-2023-24132241,"Chicken leg, drumstick and thigh, rotisserie, skin not eaten (1 cup, cooked, diced, 135 g)","Chicken leg, drumstick and thigh, rotisserie, skin not eaten (1 cup, cooked, diced, 135 g)",food,249.8,34.4,0.0,12.4,0.0,0.0
FNDDS-2021-2023-24133210,"Chicken leg, drumstick and thigh, stewed, skin eaten (1 cup, cooked, diced, 135 g)","Chicken leg, drumstick and thigh, stewed, skin eaten (1 cup, cooked, diced, 135 g)",food,284.9,30.2,0.0,18.1,0.0,0.0
FNDDS-2021-2023-24133220,"Chicken leg, drumstick and thigh, stewed, skin not eaten (1 cup, cooked, diced, 135 g)","Chicken leg, drumstick and thigh, stewed, skin not eaten (1 cup, cooked, diced, 135 g)",food,221.4,32.5,0.0,10.1,0.0,0.0
FNDDS-2021-2023-24134100,"Chicken leg, drumstick and thigh, grilled without sauce, skin eaten (1 cup, cooked, diced, 135 g)","Chicken leg, drumstick and thigh, grilled without sauce, skin eaten (1 cup, cooked, diced, 135 g)",food,307.8,30.5,0.0,19.6,0.0,0.0
FNDDS-2021-2023-24134101,"Chicken leg, drumstick and thigh, grilled without sauce, skin not eaten (1 cup, cooked, diced, 135 g)","Chicken leg, drumstick and thigh, grilled without sauce, skin not eaten (1 cup, cooked, diced, 135 g)",food,247.1,32.3,0.0,12.1,0.0,0.0
FNDDS-2021-2023-24134150,"Chicken leg, drumstick and thigh, grilled with sauce, skin eaten (1 cup, cooked, diced, 165 g)","Chicken leg, drumstick and thigh, grilled with sauce, skin eaten (1 cup, cooked, diced, 165 g)",food,363.0,30.7,12.0,20.3,9.8,0.3
FNDDS-2021-2023-24134151,"Chicken leg, drumstick and thigh, grilled with sauce, skin not eaten (1 cup, cooked, diced, 165 g)","Chicken leg, drumstick and thigh, grilled with sauce, skin not eaten (1 cup, cooked, diced, 165 g)",food,301.9,32.3,12.0,12.9,9.8,0.3
FNDDS-2021-2023-24134300,"Chicken leg, drumstick and thigh, sauteed, skin eaten (1 cup, cooked, diced, 135 g)","Chicken leg, drumstick and thigh, sauteed, skin eaten (1 cup, cooked, diced, 135 g)",food,307.8,30.5,0.0,19.6,0.0,0.0
FNDDS-2021-2023-24134301,"Chicken leg, drumstick and thigh, sauteed, skin not eaten (1 cup, cooked, diced, 135 g)","Chicken leg, drumstick and thigh, sauteed, skin not eaten (1 cup, cooked, diced, 135 g)",food,247.1,32.3,0.0,12.1,0.0,0.0
FNDDS-2021-2023-24137300,"Chicken leg, drumstick and thigh, fried, coated, skin / coating eaten (1 cup, cooked, diced, 135 g)","Chicken leg, drumstick and thigh, fried, coated, skin / coating eaten (1 cup, cooked, diced, 135 g)",food,351.0,25.7,8.1,23.2,0.1,0.3
FNDDS-2021-2023-24137301,"Chicken leg, drumstick and thigh, fried, coated, skin / coating not eaten (1 cup, cooked, diced, 135 g)","Chicken leg, drumstick and thigh, fried, coated, skin / coating not eaten (1 cup, cooked, diced, 135 g)",food,247.1,32.3,0.0,12.1,0.0,0.0
FNDDS-2021-2023-24137310,"Chicken leg, drumstick and thigh, baked, coated, skin / coating eaten (1 cup, cooked, diced, 135 g)","Chicken leg, drumstick and thigh, baked, coated, skin / coating eaten (1 cup, cooked, diced, 135 g)",food,305.1,28.4,5.4,18.1,0.1,0.3
FNDDS-2021-2023-24137311,"Chicken leg, drumstick and thigh, baked, coated, skin / coating not eaten (1 cup, cooked, diced, 135 g)","Chicken leg, drumstick and thigh, baked, coated, skin / coating not eaten (1 cup, cooked, diced, 135 g)",food,247.1,32.3,0.0,12.1,0.0,0.0
FNDDS-2021-2023-24142300,"Chicken drumstick, baked, broiled, or roasted, skin eaten, from raw (1 cup, cooked, diced, 135 g)","Chicken drumstick, baked, broiled, or roasted, skin eaten, from raw (1 cup, cooked, diced, 135 g)",food,256.5,31.3,0.0,13.6,0.0,0.0
FNDDS-2021-2023-24142301,"Chicken drumstick, baked, broiled, or roasted, skin not eaten, from raw (1 cup, cooked, diced, 135 g)","Chicken drumstick, baked, broiled, or roasted, skin not eaten, from raw (1 cup, cooked, diced, 135 g)",food,207.9,32.5,0.0,7.7,0.0,0.0
FNDDS-2021-2023-24142310,"Chicken drumstick, baked or broiled, skin eaten, from pre-cooked (1 cup, cooked, diced, 135 g)","Chicken drumstick, baked or broiled, skin eaten, from pre-cooked (1 cup, cooked, diced, 135 g)",food,278.1,34.6,0.2,15.5,0.2,0.0
FNDDS-2021-2023-24142311,"Chicken drumstick, baked or broiled, skin not eaten, from pre-cooked (1 cup, cooked, diced, 135 g)","Chicken drumstick, baked or broiled, skin not eaten, from pre-cooked (1 cup, cooked, diced, 135 g)",food,232.2,37.4,0.0,9.1,0.0,0.0
FNDDS-2021-2023-24142320,"Chicken drumstick, baked or broiled, skin eaten, from fast food / restaurant (1 cup, cooked, diced, 135 g)","Chicken drumstick, baked or broiled, skin eaten, from fast food / restaurant (1 cup, cooked, diced, 135 g)",food,274.1,30.6,0.0,15.9,0.0,0.0
FNDDS-2021-2023-24142321,"Chicken drumstick, baked or broiled, skin not eaten, from fast food / restaurant (1 cup, cooked, diced, 135 g)","Chicken drumstick, baked or broiled, skin not eaten, from fast food / restaurant (1 cup, cooked, diced, 135 g)",food,226.8,31.7,0.0,10.1,0.0,0.0
FNDDS-2021-2023-24142400,"Chicken drumstick, rotisserie, skin eaten (1 cup, cooked, diced, 135 g)","Chicken drumstick, rotisserie, skin eaten (1 cup, cooked, diced, 135 g)",food,278.1,34.6,0.2,15.5,0.2,0.0
FNDDS-2021-2023-24142401,"Chicken drumstick, rotisserie, skin not eaten (1 cup, cooked, diced, 135 g)","Chicken drumstick, rotisserie, skin not eaten (1 cup, cooked, diced, 135 g)",food,232.2,37.4,0.0,9.1,0.0,0.0
FNDDS-2021-2023-24142500,"Chicken drumstick, grilled without sauce, skin eaten (1 cup, cooked, diced, 135 g)","Chicken drumstick, grilled without sauce, skin eaten (1 cup, cooked, diced, 135 g)",food,275.4,30.6,0.0,15.9,0.0,0.0
FNDDS-2021-2023-24142501,"Chicken drumstick, grilled without sauce, skin not eaten (1 cup, cooked, diced, 135 g)","Chicken drumstick, grilled without sauce, skin not eaten (1 cup, cooked, diced, 135 g)",food,228.2,31.9,0.0,10.2,0.0,0.0
FNDDS-2021-2023-24142510,"Chicken drumstick, grilled with sauce, skin eaten (1 cup, cooked, diced, 165 g)","Chicken drumstick, grilled with sauce, skin eaten (1 cup, cooked, diced, 165 g)",food,330.0,30.9,12.0,16.8,9.8,0.3
FNDDS-2021-2023-24142511,"Chicken drumstick, grilled with sauce, skin not eaten (1 cup, cooked, diced, 165 g)","Chicken drumstick, grilled with sauce, skin not eaten (1 cup, cooked, diced, 165 g)",food,283.8,32.0,12.0,10.9,9.8,0.3
FNDDS-2021-2023-24143210,"Chicken drumstick, stewed, skin eaten (1 cup, cooked, diced, 135 g)","Chicken drumstick, stewed, skin eaten (1 cup, cooked, diced, 135 g)",food,251.1,30.4,0.0,14.3,0.0,0.0
FNDDS-2021-2023-24143220,"Chicken drumstick, stewed, skin not eaten (1 cup, cooked, diced, 135 g)","Chicken drumstick, stewed, skin not eaten (1 cup, cooked, diced, 135 g)",food,199.8,32.0,0.0,8.0,0.0,0.0
FNDDS-2021-2023-24144300,"Chicken drumstick, sauteed, skin eaten (1 cup, cooked, diced, 135 g)","Chicken drumstick, sauteed, skin eaten (1 cup, cooked, diced, 135 g)",food,275.4,30.6,0.0,15.9,0.0,0.0
FNDDS-2021-2023-24144301,"Chicken drumstick, sauteed, skin not eaten (1 cup, cooked, diced, 135 g)","Chicken drumstick, sauteed, skin not eaten (1 cup, cooked, diced, 135 g)",food,228.2,31.9,0.0,10.2,0.0,0.0
FNDDS-2021-2023-24147300,"Chicken drumstick, fried, coated, skin / coating eaten, from raw (1 cup, cooked, diced, 135 g)","Chicken drumstick, fried, coated, skin / coating eaten, from raw (1 cup, cooked, diced, 135 g)",food,325.4,25.8,8.1,20.4,0.1,0.3
FNDDS-2021-2023-24147301,"Chicken drumstick, fried, coated, skin / coating not eaten, from raw (1 cup, cooked, diced, 135 g)","Chicken drumstick, fried, coated, skin / coating not eaten, from raw (1 cup, cooked, diced, 135 g)",food,228.2,31.9,0.0,10.2,0.0,0.0
FNDDS-2021-2023-24147302,"Chicken drumstick, fried, coated, prepared skinless, coating eaten, from raw (1 cup, cooked, diced, 135 g)","Chicken drumstick, fried, coated, prepared skinless, coating eaten, from raw (1 cup, cooked, diced, 135 g)",food,286.2,26.6,8.0,15.7,0.1,0.3
FNDDS-2021-2023-24147310,"Chicken drumstick, fried, coated, skin / coating eaten, from pre-cooked (1 cup, cooked, diced, 135 g)","Chicken drumstick, fried, coated, skin / coating eaten, from pre-cooked (1 cup, cooked, diced, 135 g)",food,333.5,24.7,9.7,21.2,0.2,0.4
FNDDS-2021-2023-24147311,"Chicken drumstick, fried, coated, skin / coating not eaten, from pre-cooked (1 cup, cooked, diced, 135 g)","Chicken drumstick, fried, coated, skin / coating not eaten, from pre-cooked (1 cup, cooked, diced, 135 g)",food,228.2,31.9,0.0,10.2,0.0,0.0
FNDDS-2021-2023-24147320,"Chicken drumstick, fried, coated, skin / coating eaten, from fast food / restaurant (1 cup, cooked, diced, 135 g)","Chicken drumstick, fried, coated, skin / coating eaten, from fast food / restaurant (1 cup, cooked, diced, 135 g)",food,388.8,24.0,16.3,25.4,0.1,0.8
FNDDS-2021-2023-24147321,"Chicken drumstick, fried, coated, skin / coating not eaten, from fast food / restaurant (1 cup, cooked, diced, 135 g)","Chicken drumstick, fried, coated, skin / coating not eaten, from fast food / restaurant (1 cup, cooked, diced, 135 g)",food,287.6,29.4,8.3,15.1,0.1,0.3
FNDDS-2021-2023-24147400,"Chicken drumstick, baked, coated, skin / coating eaten (1 cup, cooked, diced, 135 g)","Chicken drumstick, baked, coated, skin / coating eaten (1 cup, cooked, diced, 135 g)",food,276.8,28.4,5.4,14.9,0.1,0.3
FNDDS-2021-2023-24147401,"Chicken drumstick, baked, coated, skin / coating not eaten (1 cup, cooked, diced, 135 g)","Chicken drumstick, baked, coated, skin / coating not eaten (1 cup, cooked, diced, 135 g)",food,228.2,31.9,0.0,10.2,0.0,0.0
FNDDS-2021-2023-24152230,"Chicken thigh, baked, broiled, or roasted, skin eaten, from raw (1 cup, cooked, diced, 135 g)","Chicken thigh, baked, broiled, or roasted, skin eaten, from raw (1 cup, cooked, diced, 135 g)",food,311.9,31.2,0.0,19.7,0.0,0.0
FNDDS-2021-2023-24152231,"Chicken thigh, baked, broiled, or roasted, skin not eaten, from raw (1 cup, cooked, diced, 135 g)","Chicken thigh, baked, broiled, or roasted, skin not eaten, from raw (1 cup, cooked, diced, 135 g)",food,240.3,33.2,0.0,10.9,0.0,0.0
FNDDS-2021-2023-24152240,"Chicken thigh, baked or broiled, skin eaten, from pre-cooked (1 cup, cooked, diced, 135 g)","Chicken thigh, baked or broiled, skin eaten, from pre-cooked (1 cup, cooked, diced, 135 g)",food,305.1,30.4,0.2,20.4,0.2,0.0
FNDDS-2021-2023-24152241,"Chicken thigh, baked or broiled, skin not eaten, from pre-cooked (1 cup, cooked, diced, 135 g)","Chicken thigh, baked or broiled, skin not eaten, from pre-cooked (1 cup, cooked, diced, 135 g)",food,260.6,32.5,0.0,14.4,0.0,0.0
FNDDS-2021-2023-24152250,"Chicken thigh, baked or broiled, skin eaten, from fast food / restaurant (1 cup, cooked, diced, 135 g)","Chicken thigh, baked or broiled, skin eaten, from fast food / restaurant (1 cup, cooked, diced, 135 g)",food,328.1,30.5,0.0,21.9,0.0,0.0
FNDDS-2021-2023-24152251,"Chicken thigh, baked or broiled, skin not eaten, from fast food / restaurant (1 cup, cooked, diced, 135 g)","Chicken thigh, baked or broiled, skin not eaten, from fast food / restaurant (1 cup, cooked, diced, 135 g)",food,259.2,32.4,0.0,13.4,0.0,0.0
FNDDS-2021-2023-24152300,"Chicken thigh, rotisserie, skin eaten (1 cup, cooked, diced, 135 g)","Chicken thigh, rotisserie, skin eaten (1 cup, cooked, diced, 135 g)",food,305.1,30.4,0.2,20.4,0.2,0.0
FNDDS-2021-2023-24152301,"Chicken thigh, rotisserie, skin not eaten (1 cup, cooked, diced, 135 g)","Chicken thigh, rotisserie, skin not eaten (1 cup, cooked, diced, 135 g)",food,260.6,32.5,0.0,14.4,0.0,0.0
FNDDS-2021-2023-24153210,"Chicken thigh, stewed, skin eaten (1 cup, cooked, diced, 135 g)","Chicken thigh, stewed, skin eaten (1 cup, cooked, diced, 135 g)",food,306.5,30.2,0.0,20.7,0.0,0.0
FNDDS-2021-2023-24153220,"Chicken thigh, stewed, skin not eaten (1 cup, cooked, diced, 135 g)","Chicken thigh, stewed, skin not eaten (1 cup, cooked, diced, 135 g)",food,236.3,32.9,0.0,11.6,0.0,0.0
FNDDS-2021-2023-24154010,"Chicken thigh, grilled without sauce, skin eaten (1 cup, cooked, diced, 135 g)","Chicken thigh, grilled without sauce, skin eaten (1 cup, cooked, diced, 135 g)",food,328.1,30.5,0.0,22.0,0.0,0.0
FNDDS-2021-2023-24154011,"Chicken thigh, grilled without sauce, skin not eaten (1 cup, cooked, diced, 135 g)","Chicken thigh, grilled without sauce, skin not eaten (1 cup, cooked, diced, 135 g)",food,259.2,32.5,0.0,13.4,0.0,0.0
FNDDS-2021-2023-24154020,"Chicken thigh, grilled with sauce, skin eaten (1 cup, cooked, diced, 165 g)","Chicken thigh, grilled with sauce, skin eaten (1 cup, cooked, diced, 165 g)",food,384.4,30.7,12.0,22.8,9.8,0.3
FNDDS-2021-2023-24154021,"Chicken thigh, grilled with sauce, skin not eaten (1 cup, cooked, diced, 165 g)","Chicken thigh, grilled with sauce, skin not eaten (1 cup, cooked, diced, 165 g)",food,315.1,32.7,12.0,14.1,9.8,0.3
FNDDS-2021-2023-24154300,"Chicken thigh, sauteed, skin eaten (1 cup, cooked, diced, 135 g)","Chicken thigh, sauteed, skin eaten (1 cup, cooked, diced, 135 g)",food,328.1,30.5,0.0,22.0,0.0,0.0
FNDDS-2021-2023-24154301,"Chicken thigh, sauteed, skin not eaten (1 cup, cooked, diced, 135 g)","Chicken thigh, sauteed, skin not eaten (1 cup, cooked, diced, 135 g)",food,259.2,32.5,0.0,13.4,0.0,0.0
FNDDS-2021-2023-24157300,"Chicken thigh, fried, coated, skin / coating eaten, from raw (1 cup, cooked, diced, 135 g)","Chicken thigh, fried, coated, skin / coating eaten, from raw (1 cup, cooked, diced, 135 g)",food,368.6,25.7,8.1,25.1,0.1,0.3
FNDDS-2021-2023-24157301,"Chicken thigh, fried, coated, skin / coating not eaten, from raw (1 cup, cooked, diced, 135 g)","Chicken thigh, fried, coated, skin / coating not eaten, from raw (1 cup, cooked, diced, 135 g)",food,259.2,32.5,0.0,13.4,0.0,0.0
FNDDS-2021-2023-24157302,"Chicken thigh, fried, coated, prepared skinless, coating eaten, from raw (1 cup, cooked, diced, 135 g)","Chicken thigh, fried, coated, prepared skinless, coating eaten, from raw (1 cup, cooked, diced, 135 g)",food,311.9,27.1,8.0,18.2,0.1,0.3
FNDDS-2021-2023-24157310,"Chicken thigh, fried, coated, skin / coating eaten, from pre-cooked (1 cup, cooked, diced, 135 g)","Chicken thigh, fried, coated, skin / coating eaten, from pre-cooked (1 cup, cooked, diced, 135 g)",food,374.0,24.6,9.7,25.7,0.2,0.4
FNDDS-2021-2023-24157311,"Chicken thigh, fried, coated, skin / coating not eaten, from pre-cooked (1 cup, cooked, diced, 135 g)","Chicken thigh, fried, coated, skin / coating not eaten, from pre-cooked (1 cup, cooked, diced, 135 g)",food,259.2,32.5,0.0,13.4,0.0,0.0
FNDDS-2021-2023-24157320,"Chicken thigh, fried, coated, skin / coating eaten, from fast food (1 cup, cooked, diced, 135 g)","Chicken thigh, fried, coated, skin / coating eaten, from fast food (1 cup, cooked, diced, 135 g)",food,396.9,22.0,17.6,26.6,0.1,0.4
FNDDS-2021-2023-24157321,"Chicken thigh, fried, coated, skin / coating not eaten, from fast food (1 cup, cooked, diced, 135 g)","Chicken thigh, fried, coated, skin / coating not eaten, from fast food (1 cup, cooked, diced, 135 g)",food,294.3,26.2,8.5,17.3,0.1,0.3
FNDDS-2021-2023-24157330,"Chicken thigh, fried, coated, skin / coating eaten, from restaurant (1 cup, cooked, diced, 135 g)","Chicken thigh, fried, coated, skin / coating eaten, from restaurant (1 cup, cooked, diced, 135 g)",food,396.9,22.0,17.6,26.6,0.1,0.4
FNDDS-2021-2023-24157331,"Chicken thigh, fried, coated, skin / coating not eaten, from restaurant (1 cup, cooked, diced, 135 g)","Chicken thigh, fried, coated, skin / coating not eaten, from restaurant (1 cup, cooked, diced, 135 g)",food,294.3,26.2,8.5,17.3,0.1,0.3
FNDDS-2021-2023-24157400,"Chicken thigh, baked, coated, skin / coating eaten (1 cup, cooked, diced, 135 g)","Chicken thigh, baked, coated, skin / coating eaten (1 cup, cooked, diced, 135 g)",food,324.0,28.4,5.4,20.2,0.1,0.3
FNDDS-2021-2023-24157401,"Chicken thigh, baked, coated, skin / coating not eaten (1 cup, cooked, diced, 135 g)","Chicken thigh, baked, coated, skin / coating not eaten (1 cup, cooked, diced, 135 g)",food,259.2,32.5,0.0,13.4,0.0,0.0
FNDDS-2021-2023-24162130,"Chicken wing, baked, broiled, or roasted, from raw (1 wing, any size, 35 g)","Chicken wing, baked, broiled, or roasted, from raw (1 wing, any size, 35 g)",food,88.2,8.3,0.0,5.8,0.0,0.0
FNDDS-2021-2023-24162140,"Chicken wing, baked or broiled, from pre-cooked (1 wing, any size, 35 g)","Chicken wing, baked or broiled, from pre-cooked (1 wing, any size, 35 g)",food,89.9,8.2,0.2,6.3,0.2,0.0
FNDDS-2021-2023-24162150,"Chicken wing, baked or broiled, from fast food / restaurant (1 wing, 35 g)","Chicken wing, baked or broiled, from fast food / restaurant (1 wing, 35 g)",food,92.4,8.1,0.0,6.4,0.0,0.0
FNDDS-2021-2023-24162200,"Chicken wing, rotisserie (1 wing, any size, 35 g)","Chicken wing, rotisserie (1 wing, any size, 35 g)",food,89.9,8.2,0.2,6.3,0.2,0.0
FNDDS-2021-2023-24163110,"Chicken wing, stewed (1 wing, any size, 45 g)","Chicken wing, stewed (1 wing, any size, 45 g)",food,111.2,10.2,0.0,7.5,0.0,0.0
FNDDS-2021-2023-24164000,"Chicken wing, grilled without sauce (1 wing, any size, 35 g)","Chicken wing, grilled without sauce (1 wing, any size, 35 g)",food,92.8,8.1,0.0,6.4,0.0,0.0
FNDDS-2021-2023-24164010,"Chicken wing, grilled with sauce (1 wing, any size, 55 g)","Chicken wing, grilled with sauce (1 wing, any size, 55 g)",food,137.5,10.5,4.0,8.5,3.3,0.1
FNDDS-2021-2023-24164200,"Chicken wing, sauteed (1 wing, any size, 35 g)","Chicken wing, sauteed (1 wing, any size, 35 g)",food,92.8,8.1,0.0,6.4,0.0,0.0
FNDDS-2021-2023-24167200,"Chicken wing, fried, coated, from raw (1 wing, any size, 55 g)","Chicken wing, fried, coated, from raw (1 wing, any size, 55 g)",food,159.0,10.7,3.3,11.1,0.1,0.1
FNDDS-2021-2023-24167210,"Chicken wing, fried, coated, from pre-cooked (1 wing, any size, 55 g)","Chicken wing, fried, coated, from pre-cooked (1 wing, any size, 55 g)",food,161.7,10.2,3.9,11.3,0.1,0.2
FNDDS-2021-2023-24167220,"Chicken wing, fried, coated, from fast food (1 wing, any size, 55 g)","Chicken wing, fried, coated, from fast food (1 wing, any size, 55 g)",food,177.7,9.8,8.2,11.7,0.1,0.2
FNDDS-2021-2023-24167230,"Chicken wing, fried, coated, from restaurant (1 wing, any size, 55 g)","Chicken wing, fried, coated, from restaurant (1 wing, any size, 55 g)",food,177.7,9.8,8.2,11.7,0.1,0.2
FNDDS-2021-2023-24167300,"Chicken wing, baked, coated (1 wing, any size, 55 g)","Chicken wing, baked, coated (1 wing, any size, 55 g)",food,143.0,11.8,2.2,9.3,0.0,0.1
FNDDS-2021-2023-24168000,"Chicken ""wings"" with hot sauce, from fast food / restaurant (1 drummette, 35 g)","Chicken ""wings"" with hot sauce, from fast food / restaurant (1 drummette, 35 g)",food,95.2,5.9,2.2,7.1,0.8,0.0
FNDDS-2021-2023-24168001,"Chicken ""wings"" with other sauces or seasoning, from fast food / restaurant (1 drummette, 35 g)","Chicken ""wings"" with other sauces or seasoning, from fast food / restaurant (1 drummette, 35 g)",food,96.6,5.9,4.6,6.1,2.6,0.1
FNDDS-2021-2023-24168002,"Chicken ""wings"", plain, from fast food / restaurant (1 drummette, 22 g)","Chicken ""wings"", plain, from fast food / restaurant (1 drummette, 22 g)",food,71.1,3.9,3.3,4.7,0.0,0.1
FNDDS-2021-2023-24168010,"Chicken ""wings"" with hot sauce, from precooked (1 drummette, 35 g)","Chicken ""wings"" with hot sauce, from precooked (1 drummette, 35 g)",food,88.9,6.2,0.9,6.8,0.9,0.0
FNDDS-2021-2023-24168011,"Chicken ""wings"" with other sauces or seasoning, from precooked (1 drummette, 35 g)","Chicken ""wings"" with other sauces or seasoning, from precooked (1 drummette, 35 g)",food,90.3,6.2,3.3,5.8,2.7,0.1
FNDDS-2021-2023-24168012,"Chicken ""wings"", plain, from precooked (1 drummette, 22 g)","Chicken ""wings"", plain, from precooked (1 drummette, 22 g)",food,64.7,4.1,1.6,4.5,0.0,0.1
FNDDS-2021-2023-24168020,"Chicken ""wings"" with hot sauce, from other sources (1 drummette, 35 g)","Chicken ""wings"" with hot sauce, from other sources (1 drummette, 35 g)",food,93.4,5.9,1.8,7.0,0.8,0.0
FNDDS-2021-2023-24168021,"Chicken ""wings"" with other sauces or seasoning, from other sources (1 drummette, 35 g)","Chicken ""wings"" with other sauces or seasoning, from other sources (1 drummette, 35 g)",food,94.8,6.0,4.2,6.0,2.7,0.1
FNDDS-2021-2023-24168022,"Chicken ""wings"", plain, from other sources (1 drummette, 22 g)","Chicken ""wings"", plain, from other sources (1 drummette, 22 g)",food,69.1,4.0,2.8,4.6,0.0,0.1
FNDDS-2021-2023-24168030,"Chicken ""wings"", boneless, with hot sauce, from fast food / restaurant (1 boneless wing, 35 g)","Chicken ""wings"", boneless, with hot sauce, from fast food / restaurant (1 boneless wing, 35 g)",food,98.7,4.3,7.0,5.9,2.0,0.3
FNDDS-2021-2023-24168031,"Chicken ""wings"", boneless, with hot sauce, from other sources (1 boneless wing, 35 g)","Chicken ""wings"", boneless, with hot sauce, from other sources (1 boneless wing, 35 g)",food,81.2,4.0,7.0,4.1,2.1,0.5
FNDDS-2021-2023-24170200,"Chicken, back (1 small back (yield after cooking, bone removed), 110 g)","Chicken, back (1 small back (yield after cooking, bone removed), 110 g)",food,327.8,28.3,0.0,22.9,0.0,0.0
FNDDS-2021-2023-24180200,"Chicken, neck or ribs (1 neck (yield after cooking, bone removed), 35 g)","Chicken, neck or ribs (1 neck (yield after cooking, bone removed), 35 g)",food,85.8,6.8,0.0,6.3,0.0,0.0
FNDDS-2021-2023-24198340,"Chicken, tail (1 tail, 30 g)","Chicken, tail (1 tail, 30 g)",food,136.2,6.1,0.0,12.2,0.0,0.0
FNDDS-2021-2023-24198440,"Chicken skin (1 oz, raw (yield after cooking), 20 g)","Chicken skin (1 oz, raw (yield after cooking), 20 g)",food,90.0,4.0,0.0,8.1,0.0,0.0
FNDDS-2021-2023-24198500,"Chicken feet (1 foot, 35 g)","Chicken feet (1 foot, 35 g)",food,75.2,6.8,0.1,5.1,0.0,0.0
FNDDS-2021-2023-24198570,"Chicken, canned, meat only (1 cup, 205 g)","Chicken, canned, meat only (1 cup, 205 g)",food,379.2,51.9,1.8,16.6,0.0,0.0
FNDDS-2021-2023-24198670,"Chicken, chicken roll, roasted (1 slice, 28 g)","Chicken, chicken roll, roasted (1 slice, 28 g)",food,45.9,7.5,0.0,1.8,0.0,0.0
FNDDS-2021-2023-24198671,"Chicken patty, breaded (1 patty, 75 g)","Chicken patty, breaded (1 patty, 75 g)",food,215.2,11.1,9.6,14.7,0.0,0.2
FNDDS-2021-2023-24198677,"Chicken fillet, breaded (1 fillet, 120 g)","Chicken fillet, breaded (1 fillet, 120 g)",food,288.0,17.5,17.9,16.3,0.7,2.0
FNDDS-2021-2023-24198683,"Chicken fillet, grilled (1 nugget, 16 g)","Chicken fillet, grilled (1 nugget, 16 g)",food,24.2,3.6,0.4,0.9,0.0,0.0
FNDDS-2021-2023-24198720,"Chicken, ground (1 cup, cooked, 130 g)","Chicken, ground (1 cup, cooked, 130 g)",food,261.3,35.2,0.0,13.4,0.0,0.0
FNDDS-2021-2023-24198731,"Chicken nuggets, from fast food (1 nugget, 16 g)","Chicken nuggets, from fast food (1 nugget, 16 g)",food,49.1,2.5,2.4,3.3,0.0,0.1
FNDDS-2021-2023-24198732,"Chicken nuggets, from restaurant (1 nugget, 16 g)","Chicken nuggets, from restaurant (1 nugget, 16 g)",food,49.1,2.5,2.4,3.3,0.0,0.1
FNDDS-2021-2023-24198735,"Chicken nuggets, from school lunch (1 nugget, 16 g)","Chicken nuggets, from school lunch (1 nugget, 16 g)",food,43.2,2.5,3.7,2.1,0.1,0.4
FNDDS-2021-2023-24198736,"Chicken nuggets, from frozen (1 nugget, 16 g)","Chicken nuggets, from frozen (1 nugget, 16 g)",food,47.7,2.1,2.9,3.1,0.1,0.3
FNDDS-2021-2023-24198737,"Chicken nuggets, from other sources (1 nugget, 16 g)","Chicken nuggets, from other sources (1 nugget, 16 g)",food,48.6,2.4,2.5,3.2,0.0,0.2
FNDDS-2021-2023-24198741,"Chicken tenders or strips, breaded, from fast food (1 tender, strip, or finger, 50 g)","Chicken tenders or strips, breaded, from fast food (1 tender, strip, or finger, 50 g)",food,135.5,9.6,8.6,7.0,0.2,0.6
FNDDS-2021-2023-24198742,"Chicken tenders or strips, breaded, from restaurant (1 tender, strip, or finger, 50 g)","Chicken tenders or strips, breaded, from restaurant (1 tender, strip, or finger, 50 g)",food,141.5,9.4,8.4,7.8,0.2,0.6
FNDDS-2021-2023-24198745,"Chicken tenders or strips, breaded, from school lunch (1 tender or finger, 17 g)","Chicken tenders or strips, breaded, from school lunch (1 tender or finger, 17 g)",food,45.9,2.7,3.9,2.2,0.1,0.4
FNDDS-2021-2023-24198746,"Chicken tenders or strips, breaded, from frozen (1 tender or finger, 17 g)","Chicken tenders or strips, breaded, from frozen (1 tender or finger, 17 g)",food,40.8,2.5,2.5,2.3,0.1,0.3
FNDDS-2021-2023-24198747,"Chicken tenders or strips, breaded, from other sources (1 tender, strip, or finger, 50 g)","Chicken tenders or strips, breaded, from other sources (1 tender, strip, or finger, 50 g)",food,131.0,8.9,8.2,6.9,0.2,0.7
FNDDS-2021-2023-24201020,"Turkey, light meat, skin not eaten (1 small or thin slice, 30 g)","Turkey, light meat, skin not eaten (1 small or thin slice, 30 g)",food,41.7,8.6,0.0,0.6,0.0,0.0
FNDDS-2021-2023-24201030,"Turkey, light meat, skin eaten (1 small or thin slice, 30 g)","Turkey, light meat, skin eaten (1 small or thin slice, 30 g)",food,50.7,8.5,0.0,1.7,0.0,0.0
FNDDS-2021-2023-24201060,"Turkey, light meat, breaded, baked or fried, skin not eaten (1 small or thin slice, 30 g)","Turkey, light meat, breaded, baked or fried, skin not eaten (1 small or thin slice, 30 g)",food,51.9,8.2,1.9,1.1,0.2,0.1
FNDDS-2021-2023-24201070,"Turkey, light meat, breaded, baked or fried, skin eaten (1 small or thin slice, 30 g)","Turkey, light meat, breaded, baked or fried, skin eaten (1 small or thin slice, 30 g)",food,60.0,8.0,1.9,2.1,0.2,0.1
FNDDS-2021-2023-24201120,"Turkey, light meat, roasted, skin not eaten (1 small or thin slice, 30 g)","Turkey, light meat, roasted, skin not eaten (1 small or thin slice, 30 g)",food,41.7,8.6,0.0,0.6,0.0,0.0
FNDDS-2021-2023-24201130,"Turkey, light meat, roasted, skin eaten (1 small or thin slice, 30 g)","Turkey, light meat, roasted, skin eaten (1 small or thin slice, 30 g)",food,50.7,8.5,0.0,1.7,0.0,0.0
FNDDS-2021-2023-24201220,"Turkey, dark meat, roasted, skin not eaten (1 small or thin slice, 30 g)","Turkey, dark meat, roasted, skin not eaten (1 small or thin slice, 30 g)",food,50.1,8.1,0.0,1.8,0.0,0.0
FNDDS-2021-2023-24201230,"Turkey, dark meat, roasted, skin eaten (1 small or thin slice, 30 g)","Turkey, dark meat, roasted, skin eaten (1 small or thin slice, 30 g)",food,60.6,7.9,0.0,3.1,0.0,0.0
FNDDS-2021-2023-24201320,"Turkey, light and dark meat, roasted, skin not eaten (1 small or thin slice, 30 g)","Turkey, light and dark meat, roasted, skin not eaten (1 small or thin slice, 30 g)",food,45.3,8.4,0.0,1.1,0.0,0.0
FNDDS-2021-2023-24201330,"Turkey, light and dark meat, roasted, skin eaten (1 small or thin slice, 30 g)","Turkey, light and dark meat, roasted, skin eaten (1 small or thin slice, 30 g)",food,54.9,8.2,0.0,2.3,0.0,0.0
FNDDS-2021-2023-24201360,"Turkey, light or dark meat, fried, coated, skin not eaten (1 small or thin slice, 30 g)","Turkey, light or dark meat, fried, coated, skin not eaten (1 small or thin slice, 30 g)",food,49.5,8.2,0.4,1.5,0.0,0.0
FNDDS-2021-2023-24201370,"Turkey, light or dark meat, fried, coated, skin eaten (1 small or thin slice, 28 g)","Turkey, light or dark meat, fried, coated, skin eaten (1 small or thin slice, 28 g)",food,53.8,7.3,0.4,2.4,0.0,0.0
FNDDS-2021-2023-24201410,"Turkey, light or dark meat, stewed, skin not eaten (1 small or thin slice, 28 g)","Turkey, light or dark meat, stewed, skin not eaten (1 small or thin slice, 28 g)",food,44.2,8.7,0.1,0.7,0.0,0.0
FNDDS-2021-2023-24201420,"Turkey light or dark meat, stewed, skin eaten (1 small or thin slice, 28 g)","Turkey light or dark meat, stewed, skin eaten (1 small or thin slice, 28 g)",food,57.1,8.5,0.0,2.4,0.0,0.0
FNDDS-2021-2023-24201510,"Turkey, light or dark meat, smoked, skin eaten (1 small or thin slice, 28 g)","Turkey, light or dark meat, smoked, skin eaten (1 small or thin slice, 28 g)",food,58.2,7.9,0.0,2.7,0.0,0.0
FNDDS-2021-2023-24201520,"Turkey, light or dark meat, smoked, skin not eaten (1 small or thin slice, 28 g)","Turkey, light or dark meat, smoked, skin not eaten (1 small or thin slice, 28 g)",food,45.4,8.2,0.0,1.4,0.0,0.0
FNDDS-2021-2023-24202010,"Turkey, drumstick, cooked, skin not eaten (1 small drumstick (from hen, approx 11 to 13 lb bird) (yield after cooking, bone and skin removed), 130 g)","Turkey, drumstick, cooked, skin not eaten (1 small drumstick (from hen, approx 11 to 13 lb bird) (yield after cooking, bone and skin removed), 130 g)",food,187.2,37.1,0.0,4.4,0.0,0.0
FNDDS-2021-2023-24202020,"Turkey, drumstick, cooked, skin eaten (1 small drumstick (from hen, approx 11 to 13 lb bird) (yield after cooking, bone removed), 145 g)","Turkey, drumstick, cooked, skin eaten (1 small drumstick (from hen, approx 11 to 13 lb bird) (yield after cooking, bone removed), 145 g)",food,298.7,40.0,0.0,14.1,0.0,0.0
FNDDS-2021-2023-24202060,"Turkey, drumstick, roasted, skin not eaten (1 small drumstick (from hen, approx 11 to 13 lb bird) (yield after cooking, bone and skin removed), 115 g)","Turkey, drumstick, roasted, skin not eaten (1 small drumstick (from hen, approx 11 to 13 lb bird) (yield after cooking, bone and skin removed), 115 g)",food,165.6,32.8,0.0,3.9,0.0,0.0
FNDDS-2021-2023-24202070,"Turkey, drumstick, roasted, skin eaten (1 small drumstick (from hen, approx 11 to 13 lb bird) (yield after cooking, bone removed), 125 g)","Turkey, drumstick, roasted, skin eaten (1 small drumstick (from hen, approx 11 to 13 lb bird) (yield after cooking, bone removed), 125 g)",food,253.8,33.6,0.0,12.6,0.0,0.0
FNDDS-2021-2023-24202460,"Turkey, thigh, cooked, skin eaten (1 small thigh (from hen, approx 11 to 13 lb bird) (yield after cooking, bone removed), 225 g)","Turkey, thigh, cooked, skin eaten (1 small thigh (from hen, approx 11 to 13 lb bird) (yield after cooking, bone removed), 225 g)",food,409.5,54.9,0.6,20.8,0.0,0.0
FNDDS-2021-2023-24202500,"Turkey, thigh, cooked, skin not eaten (1 small thigh (from hen, approx 11 to 13 lb bird) (yield after cooking, bone and skin removed), 205 g)","Turkey, thigh, cooked, skin not eaten (1 small thigh (from hen, approx 11 to 13 lb bird) (yield after cooking, bone and skin removed), 205 g)",food,330.0,55.1,0.0,12.3,0.0,0.0
FNDDS-2021-2023-24202600,"Turkey, neck (1 small neck (from 11 to 13 lb turkey), 115 g)","Turkey, neck (1 small neck (from 11 to 13 lb turkey), 115 g)",food,185.1,25.6,0.0,8.4,0.0,0.0
FNDDS-2021-2023-24203010,"Turkey, wing, cooked, skin not eaten (1 small wing (yield after cooking, bone and skin removed), 60 g)","Turkey, wing, cooked, skin not eaten (1 small wing (yield after cooking, bone and skin removed), 60 g)",food,83.4,17.3,0.0,1.2,0.0,0.0
FNDDS-2021-2023-24203020,"Turkey, wing, cooked, skin eaten (1 small wing (yield after cooking, bone removed), 90 g)","Turkey, wing, cooked, skin eaten (1 small wing (yield after cooking, bone removed), 90 g)",food,181.8,24.2,0.0,9.0,0.0,0.0
FNDDS-2021-2023-24205000,"Turkey, tail (1 tail (yield after cooking, bone removed), 60 g)","Turkey, tail (1 tail (yield after cooking, bone removed), 60 g)",food,176.4,13.3,0.0,13.7,0.0,0.0
FNDDS-2021-2023-24205100,"Turkey, back (1 back (yield after cooking, bone removed), 525 g)","Turkey, back (1 back (yield after cooking, bone removed), 525 g)",food,1065.8,134.4,0.0,59.3,0.0,0.0
FNDDS-2021-2023-24206000,"Turkey, canned (1 cup, drained, 135 g)","Turkey, canned (1 cup, drained, 135 g)",food,249.8,34.2,1.2,10.9,0.0,0.0
FNDDS-2021-2023-24207000,"Turkey, ground (1 cup, cooked, 130 g)","Turkey, ground (1 cup, cooked, 130 g)",food,274.3,35.0,0.0,15.0,0.0,0.0
FNDDS-2021-2023-24208000,"Turkey, nuggets (1 nugget, 20 g)","Turkey, nuggets (1 nugget, 20 g)",food,47.2,4.4,3.4,1.7,0.3,0.2
FNDDS-2021-2023-24208500,"Turkey bacon, cooked (1 oz, cooked, 28.35 g)","Turkey bacon, cooked (1 oz, cooked, 28.35 g)",food,104.3,8.4,1.2,7.3,1.2,0.0
FNDDS-2021-2023-24208510,"Turkey bacon, reduced sodium, cooked (1 oz, cooked, 28.35 g)","Turkey bacon, reduced sodium, cooked (1 oz, cooked, 28.35 g)",food,71.7,3.8,1.4,5.7,0.0,0.0
FNDDS-2021-2023-24300110,"Duck, cooked, skin eaten (1/2 duck (yield after cooking, bone removed), 380 g)","Duck, cooked, skin eaten (1/2 duck (yield after cooking, bone removed), 380 g)",food,1276.8,71.8,0.0,107.2,0.0,0.0
FNDDS-2021-2023-24300120,"Duck, cooked, skin not eaten (1/2 duck (yield after cooking, bone and skin removed), 220 g)","Duck, cooked, skin not eaten (1/2 duck (yield after cooking, bone and skin removed), 220 g)",food,440.0,51.5,0.0,24.6,0.0,0.0
FNDDS-2021-2023-24301010,"Duck, roasted, skin eaten (1/2 duck (yield after cooking, bone removed), 380 g)","Duck, roasted, skin eaten (1/2 duck (yield after cooking, bone removed), 380 g)",food,1276.8,71.8,0.0,107.2,0.0,0.0
FNDDS-2021-2023-24301020,"Duck, roasted, skin not eaten (1/2 duck (yield after cooking, bone and skin removed), 220 g)","Duck, roasted, skin not eaten (1/2 duck (yield after cooking, bone and skin removed), 220 g)",food,440.0,51.5,0.0,24.6,0.0,0.0
FNDDS-2021-2023-24302010,"Duck, Peking (1 oz, cooked, 28.35 g)","Duck, Peking (1 oz, cooked, 28.35 g)",food,43.7,1.5,1.8,3.3,1.3,0.1
FNDDS-2021-2023-24311010,"Goose, wild, roasted (1 cup, cooked, diced, 140 g)","Goose, wild, roasted (1 cup, cooked, diced, 140 g)",food,425.6,35.1,0.0,30.5,0.0,0.0
FNDDS-2021-2023-24400010,"Cornish game hen, cooked, skin eaten (1 hen (1-1/4 lb, raw) (yield after cooking, bone removed), 305 g)","Cornish game hen, cooked, skin eaten (1 hen (1-1/4 lb, raw) (yield after cooking, bone removed), 305 g)",food,783.8,67.4,0.0,55.2,0.0,0.0
FNDDS-2021-2023-24400020,"Cornish game hen, cooked, skin not eaten (1 hen (1-1/4 lb, raw) (yield after cooking, bone and skin removed), 250 g)","Cornish game hen, cooked, skin not eaten (1 hen (1-1/4 lb, raw) (yield after cooking, bone and skin removed), 250 g)",food,332.5,57.8,0.0,9.6,0.0,0.0
FNDDS-2021-2023-24401010,"Cornish game hen, roasted, skin eaten (1 hen (1-1/4 lb, raw) (yield after cooking, bone removed), 305 g)","Cornish game hen, roasted, skin eaten (1 hen (1-1/4 lb, raw) (yield after cooking, bone removed), 305 g)",food,783.8,67.4,0.0,55.2,0.0,0.0
FNDDS-2021-2023-24401020,"Cornish game hen, roasted, skin not eaten (1 hen (1-1/4 lb, raw) (yield after cooking, bone and skin removed), 250 g)","Cornish game hen, roasted, skin not eaten (1 hen (1-1/4 lb, raw) (yield after cooking, bone and skin removed), 250 g)",food,332.5,57.8,0.0,9.6,0.0,0.0
FNDDS-2021-2023-24402110,"Dove, fried (1 dove (yield after cooking, bone removed), 110 g)","Dove, fried (1 dove (yield after cooking, bone removed), 110 g)",food,245.3,25.4,1.6,15.2,0.1,0.0
FNDDS-2021-2023-24403100,"Quail, cooked (1 quail (yield after cooking, bone removed), 75 g)","Quail, cooked (1 quail (yield after cooking, bone removed), 75 g)",food,169.5,18.8,0.0,10.5,0.0,0.0
FNDDS-2021-2023-24404100,"Pheasant, cooked (1/2 pheasant breast (yield after cooking, bone removed), 130 g)","Pheasant, cooked (1/2 pheasant breast (yield after cooking, bone removed), 130 g)",food,309.4,42.0,0.0,15.6,0.0,0.0
FNDDS-2021-2023-25110140,"Liver, beef (1 slice, any size, 85 g)","Liver, beef (1 slice, any size, 85 g)",food,147.9,22.4,4.4,3.9,0.0,0.0
FNDDS-2021-2023-25110450,"Liver, chicken (1 liver, 22 g)","Liver, chicken (1 liver, 22 g)",food,41.6,4.4,1.4,1.9,0.0,0.0
FNDDS-2021-2023-25112200,"Liver, paste or pate (1 cup, 210 g)","Liver, paste or pate (1 cup, 210 g)",food,422.1,28.1,13.8,27.5,0.0,0.0
FNDDS-2021-2023-25120000,"Heart (1 heart, 3 g)","Heart (1 heart, 3 g)",food,4.9,0.8,0.0,0.1,0.0,0.0
FNDDS-2021-2023-25130000,"Kidney (1 kidney, 230 g)","Kidney (1 kidney, 230 g)",food,361.1,62.1,0.0,10.6,0.0,0.0
FNDDS-2021-2023-25140110,"Sweetbreads (1 pair, 190 g)","Sweetbreads (1 pair, 190 g)",food,235.6,42.8,0.0,5.9,0.0,0.0
FNDDS-2021-2023-25150000,"Brains (1 cup, 140 g)","Brains (1 cup, 140 g)",food,210.0,16.2,2.1,14.6,0.0,0.0
FNDDS-2021-2023-25160000,"Tongue (1 oz yields, 20 g)","Tongue (1 oz yields, 20 g)",food,56.4,3.8,0.0,4.4,0.0,0.0
FNDDS-2021-2023-25160130,"Tongue pot roast, Puerto Rican style (1 slice (5"" x 2"" x 1""), 110 g)","Tongue pot roast, Puerto Rican style (1 slice (5"" x 2"" x 1""), 110 g)",food,348.7,23.1,0.4,27.5,0.0,0.1
FNDDS-2021-2023-25170110,"Tripe (1 cup, 140 g)","Tripe (1 cup, 140 g)",food,124.6,17.6,0.0,5.4,0.0,0.0
FNDDS-2021-2023-25170210,"Chitterlings (1 cup, 125 g)","Chitterlings (1 cup, 125 g)",food,288.8,15.5,0.0,25.2,0.0,0.0
FNDDS-2021-2023-25170310,"Hog maws (1 cup, 140 g)","Hog maws (1 cup, 140 g)",food,350.0,37.1,0.0,22.4,0.0,0.0
FNDDS-2021-2023-25170420,"Gizzard (1 gizzard, 22 g)","Gizzard (1 gizzard, 22 g)",food,33.7,6.6,0.0,0.6,0.0,0.0
FNDDS-2021-2023-25210210,"Hot dog, beef (1 regular, 57 g)","Hot dog, beef (1 regular, 57 g)",food,176.7,6.7,1.6,16.0,0.7,0.0
FNDDS-2021-2023-25210280,"Hot dog, meat and poultry (1 regular, 57 g)","Hot dog, meat and poultry (1 regular, 57 g)",food,157.9,5.5,2.9,13.8,1.6,0.0
FNDDS-2021-2023-25210290,"Hot dog, reduced fat (1 regular, 57 g)","Hot dog, reduced fat (1 regular, 57 g)",food,123.1,7.9,2.9,8.9,0.0,0.0
FNDDS-2021-2023-25210410,"Hot dog, turkey (1 regular, 57 g)","Hot dog, turkey (1 regular, 57 g)",food,127.1,7.0,2.2,9.9,0.7,0.0
FNDDS-2021-2023-25220105,"Beef sausage (1 patty, 35 g)","Beef sausage (1 patty, 35 g)",food,119.3,4.7,1.2,10.0,0.3,0.0
FNDDS-2021-2023-25220150,"Beef sausage with cheese (1 link, 76 g)","Beef sausage with cheese (1 link, 76 g)",food,259.2,10.3,2.9,21.7,1.0,0.0
FNDDS-2021-2023-25220210,"Blood sausage (1 slice, round (2-1/4"" dia x 1/8"" thick), 8 g)","Blood sausage (1 slice, round (2-1/4"" dia x 1/8"" thick), 8 g)",food,30.3,1.2,0.1,2.8,0.1,0.0
FNDDS-2021-2023-25220350,"Bratwurst (1 bun-size or griller link, 75 g)","Bratwurst (1 bun-size or griller link, 75 g)",food,249.8,10.3,2.1,21.9,0.0,0.0
FNDDS-2021-2023-25220360,"Bratwurst, with cheese (1 bun-size or griller link, 75 g)","Bratwurst, with cheese (1 bun-size or griller link, 75 g)",food,250.5,10.5,2.5,21.8,0.4,0.0
FNDDS-2021-2023-25220410,"Bologna (1 slice, NFS, 28 g)","Bologna (1 slice, NFS, 28 g)",food,78.7,2.9,1.8,6.7,0.6,0.0
FNDDS-2021-2023-25220425,"Bologna, reduced fat (1 slice, NFS, 28 g)","Bologna, reduced fat (1 slice, NFS, 28 g)",food,57.1,3.3,1.5,4.1,0.0,0.0
FNDDS-2021-2023-25220435,"Bologna, reduced sodium (1 slice, NFS, 28 g)","Bologna, reduced sodium (1 slice, NFS, 28 g)",food,78.7,2.9,1.8,6.7,0.6,0.0
FNDDS-2021-2023-25220710,"Chorizo (1 patty, 35 g)","Chorizo (1 patty, 35 g)",food,119.3,6.8,0.9,9.8,0.0,0.0
FNDDS-2021-2023-25220910,"Head cheese (1 slice, NFS, 28 g)","Head cheese (1 slice, NFS, 28 g)",food,44.0,3.9,0.0,3.1,0.0,0.0
FNDDS-2021-2023-25221110,"Knockwurst (1 bun-size or griller link, 75 g)","Knockwurst (1 bun-size or griller link, 75 g)",food,230.2,8.3,2.4,20.8,0.0,0.0
FNDDS-2021-2023-25221210,"Mortadella (1 slice (15 per 8 oz package), 15 g)","Mortadella (1 slice (15 per 8 oz package), 15 g)",food,46.6,2.5,0.5,3.8,0.0,0.0
FNDDS-2021-2023-25221220,"Pastrami, made from any kind of meat, reduced fat (1 slice, NFS, 28 g)","Pastrami, made from any kind of meat, reduced fat (1 slice, NFS, 28 g)",food,32.2,5.2,0.2,1.0,0.1,0.0
FNDDS-2021-2023-25221255,"Pepperoni, reduced fat (1 sausage (10-1/4"" long  x 1-3/8"" dia), 251 g)","Pepperoni, reduced fat (1 sausage (10-1/4"" long  x 1-3/8"" dia), 251 g)",food,948.8,53.0,1.8,79.3,0.7,0.0
FNDDS-2021-2023-25221260,"Pepperoni, reduced sodium (1 sausage (10-1/4"" long  x 1-3/8"" dia), 251 g)","Pepperoni, reduced sodium (1 sausage (10-1/4"" long  x 1-3/8"" dia), 251 g)",food,1265.0,48.2,3.0,116.2,0.0,0.0
FNDDS-2021-2023-25221310,"Polish sausage (1 patty, 35 g)","Polish sausage (1 patty, 35 g)",food,117.9,4.3,1.8,10.4,0.8,0.0
FNDDS-2021-2023-25221350,"Italian sausage (1 patty, 35 g)","Italian sausage (1 patty, 35 g)",food,110.9,6.4,0.8,9.2,0.5,0.0
FNDDS-2021-2023-25221405,"Pork sausage (1 patty, 35 g)","Pork sausage (1 patty, 35 g)",food,113.7,6.5,0.5,9.5,0.4,0.0
FNDDS-2021-2023-25221406,"Pork sausage, reduced fat (1 patty, 35 g)","Pork sausage, reduced fat (1 patty, 35 g)",food,93.4,7.3,0.1,7.1,0.0,0.0
FNDDS-2021-2023-25221408,"Pork sausage, reduced sodium (1 patty, 35 g)","Pork sausage, reduced sodium (1 patty, 35 g)",food,81.5,7.0,4.6,3.9,0.3,0.0
FNDDS-2021-2023-25221460,"Pork and beef sausage (1 patty, 35 g)","Pork and beef sausage (1 patty, 35 g)",food,116.5,5.6,0.8,9.8,0.4,0.0
FNDDS-2021-2023-25221505,"Salami, made from any type of meat, reduced fat (1 slice, NFS, 28 g)","Salami, made from any type of meat, reduced fat (1 slice, NFS, 28 g)",food,48.2,5.4,0.4,2.6,0.3,0.0
FNDDS-2021-2023-25221515,"Salami, made from any type of meat, reduced sodium (1 slice, NFS, 28 g)","Salami, made from any type of meat, reduced sodium (1 slice, NFS, 28 g)",food,105.8,5.9,0.2,8.8,0.1,0.0
FNDDS-2021-2023-25221610,"Scrapple, cooked (1 slice (2-3/4"" x 2-1/8"" x 1/4"") (1/18 of loaf), 25 g)","Scrapple, cooked (1 slice (2-3/4"" x 2-1/8"" x 1/4"") (1/18 of loaf), 25 g)",food,56.8,2.1,3.8,3.7,0.1,0.1
FNDDS-2021-2023-25221810,"Thuringer (1 slice (4-3/8"" dia x 1/10"" thick) (1 oz), 28 g)","Thuringer (1 slice (4-3/8"" dia x 1/10"" thick) (1 oz), 28 g)",food,101.4,4.9,0.9,8.5,0.2,0.0
FNDDS-2021-2023-25221830,"Turkey or chicken sausage (1 patty, 35 g)","Turkey or chicken sausage (1 patty, 35 g)",food,67.5,6.9,0.4,4.3,0.0,0.0
FNDDS-2021-2023-25221855,"Turkey or chicken sausage, reduced sodium (1 patty, 35 g)","Turkey or chicken sausage, reduced sodium (1 patty, 35 g)",food,80.5,7.0,4.7,3.7,0.3,0.0
FNDDS-2021-2023-25221870,"Turkey or chicken and pork sausage (1 oz, cooked, 28.35 g)","Turkey or chicken and pork sausage (1 oz, cooked, 28.35 g)",food,87.0,6.4,0.2,6.5,0.0,0.0
FNDDS-2021-2023-25221910,"Vienna sausage, canned (1 sausage (7/8"" dia x 2"" long), 16 g)","Vienna sausage, canned (1 sausage (7/8"" dia x 2"" long), 16 g)",food,36.8,1.7,0.4,3.1,0.0,0.0
FNDDS-2021-2023-25221950,"Pickled sausage (1 sausage, 14 g)","Pickled sausage (1 sausage, 14 g)",food,44.0,2.5,0.3,3.6,0.2,0.0
FNDDS-2021-2023-25230210,"Ham, prepackaged or deli, luncheon meat (1 slice, NFS, 28 g)","Ham, prepackaged or deli, luncheon meat (1 slice, NFS, 28 g)",food,28.3,4.7,0.1,1.0,0.0,0.0
FNDDS-2021-2023-25230220,"Ham, prepackaged or deli, luncheon meat, reduced sodium (1 slice, NFS, 28 g)","Ham, prepackaged or deli, luncheon meat, reduced sodium (1 slice, NFS, 28 g)",food,28.3,4.7,0.1,1.0,0.0,0.0
FNDDS-2021-2023-25230320,"Chicken, prepackaged or deli, luncheon meat (1 slice, NFS, 28 g)","Chicken, prepackaged or deli, luncheon meat (1 slice, NFS, 28 g)",food,27.4,4.9,0.8,0.5,0.2,0.0
FNDDS-2021-2023-25230340,"Chicken, prepackaged or deli, luncheon meat, reduced sodium (1 slice, NFS, 28 g)","Chicken, prepackaged or deli, luncheon meat, reduced sodium (1 slice, NFS, 28 g)",food,27.4,4.9,0.8,0.5,0.2,0.0
FNDDS-2021-2023-25230420,"Ham luncheon meat, loaf type (1 slice, NFS, 28 g)","Ham luncheon meat, loaf type (1 slice, NFS, 28 g)",food,32.8,5.0,0.4,1.2,0.4,0.0
FNDDS-2021-2023-25230530,"Spam (1 slice, NFS, 56 g)","Spam (1 slice, NFS, 56 g)",food,176.4,7.5,2.6,14.9,0.0,0.0
FNDDS-2021-2023-25230550,"Spam, reduced sodium (1 slice, NFS, 56 g)","Spam, reduced sodium (1 slice, NFS, 56 g)",food,164.1,7.0,1.9,14.1,0.0,0.0
FNDDS-2021-2023-25230560,"Liverwurst (1 slice, NFS, 28 g)","Liverwurst (1 slice, NFS, 28 g)",food,91.6,4.1,0.9,8.0,0.0,0.0
FNDDS-2021-2023-25230610,"Luncheon meat, loaf type (1 slice, NFS, 28 g)","Luncheon meat, loaf type (1 slice, NFS, 28 g)",food,63.0,3.1,2.4,4.5,2.4,0.4
FNDDS-2021-2023-25230780,"Turkey, prepackaged or deli, luncheon meat (1 slice, NFS, 28 g)","Turkey, prepackaged or deli, luncheon meat (1 slice, NFS, 28 g)",food,29.7,4.1,0.6,1.1,0.3,0.0
FNDDS-2021-2023-25230785,"Turkey, prepackaged or deli, luncheon meat, reduced sodium (1 slice, NFS, 28 g)","Turkey, prepackaged or deli, luncheon meat, reduced sodium (1 slice, NFS, 28 g)",food,29.7,4.1,0.6,1.1,0.3,0.0
FNDDS-2021-2023-25230800,"Turkey ham, prepackaged or deli, luncheon meat (1 slice, NFS, 28 g)","Turkey ham, prepackaged or deli, luncheon meat (1 slice, NFS, 28 g)",food,29.7,4.1,0.6,1.1,0.3,0.0
FNDDS-2021-2023-25231110,"Beef, prepackaged or deli, luncheon meat (1 slice, NFS, 28 g)","Beef, prepackaged or deli, luncheon meat (1 slice, NFS, 28 g)",food,32.2,5.2,0.2,1.0,0.1,0.0
FNDDS-2021-2023-25231120,"Beef, prepackaged or deli, luncheon meat, reduced sodium (1 slice, NFS, 28 g)","Beef, prepackaged or deli, luncheon meat, reduced sodium (1 slice, NFS, 28 g)",food,32.2,5.2,0.2,1.0,0.1,0.0
FNDDS-2021-2023-25240110,"Chicken salad spread (1 cup, 208 g)","Chicken salad spread (1 cup, 208 g)",food,416.0,24.1,15.4,28.1,0.0,0.0
FNDDS-2021-2023-25240220,"Ham salad spread (1 cup, 253 g)","Ham salad spread (1 cup, 253 g)",food,546.5,22.0,26.8,39.2,0.0,0.0
FNDDS-2021-2023-26100100,"Fish, raw (1 cup, 135 g)","Fish, raw (1 cup, 135 g)",food,126.9,23.2,0.0,3.2,0.0,0.0
FNDDS-2021-2023-26100180,"Fish, canned (1 cup, 135 g)","Fish, canned (1 cup, 135 g)",food,210.6,31.3,0.0,8.5,0.0,0.0
FNDDS-2021-2023-26100190,"Fish, smoked (1 cup, 135 g)","Fish, smoked (1 cup, 135 g)",food,156.6,34.0,0.0,1.3,0.0,0.0
FNDDS-2021-2023-26100270,"Fish, stick (1 stick, 20 g)","Fish, stick (1 stick, 20 g)",food,55.4,2.2,4.3,3.2,0.3,0.3
FNDDS-2021-2023-26101110,"Fish, anchovy (1 can, 45 g)","Fish, anchovy (1 can, 45 g)",food,94.5,13.0,0.0,4.4,0.0,0.0
FNDDS-2021-2023-26105110,"Fish, carp (1 fillet, any size, 90 g)","Fish, carp (1 fillet, any size, 90 g)",food,191.7,18.0,7.0,9.6,0.1,0.3
FNDDS-2021-2023-26107120,"Fish, catfish, baked or broiled (1 small/regular fillet, 90 g)","Fish, catfish, baked or broiled (1 small/regular fillet, 90 g)",food,170.1,17.0,0.0,10.7,0.0,0.0
FNDDS-2021-2023-26107123,"Fish, catfish, grilled (1 small/regular fillet, 90 g)","Fish, catfish, grilled (1 small/regular fillet, 90 g)",food,153.9,17.4,0.0,8.8,0.0,0.0
FNDDS-2021-2023-26107130,"Fish, catfish, baked or broiled, coated (1 small/regular fillet, 90 g)","Fish, catfish, baked or broiled, coated (1 small/regular fillet, 90 g)",food,184.5,15.5,7.0,10.0,0.1,0.3
FNDDS-2021-2023-26107140,"Fish, catfish, fried (1 small/regular fillet, 90 g)","Fish, catfish, fried (1 small/regular fillet, 90 g)",food,229.5,12.2,10.5,15.0,0.2,0.5
FNDDS-2021-2023-26107160,"Fish, catfish, steamed (1 small/regular fillet, 90 g)","Fish, catfish, steamed (1 small/regular fillet, 90 g)",food,135.0,17.3,0.0,6.8,0.0,0.0
FNDDS-2021-2023-26109120,"Fish, cod, baked or broiled (1 small/regular fillet, 140 g)","Fish, cod, baked or broiled (1 small/regular fillet, 140 g)",food,176.4,26.6,0.0,7.1,0.0,0.0
FNDDS-2021-2023-26109123,"Fish, cod, grilled (1 small/regular fillet, 140 g)","Fish, cod, grilled (1 small/regular fillet, 140 g)",food,151.2,27.2,0.0,3.9,0.0,0.0
FNDDS-2021-2023-26109130,"Fish, cod, baked or broiled, coated (1 small/regular fillet, 140 g)","Fish, cod, baked or broiled, coated (1 small/regular fillet, 140 g)",food,212.8,24.2,10.9,7.4,0.2,0.4
FNDDS-2021-2023-26109140,"Fish, cod, fried (1 small/regular fillet, 140 g)","Fish, cod, fried (1 small/regular fillet, 140 g)",food,303.8,18.9,16.4,17.5,0.3,0.7
FNDDS-2021-2023-26109160,"Fish, cod, steamed (1 small/regular fillet, 140 g)","Fish, cod, steamed (1 small/regular fillet, 140 g)",food,121.8,27.0,0.0,0.7,0.0,0.0
FNDDS-2021-2023-26111110,"Fish, croaker (1 fillet, any size, 90 g)","Fish, croaker (1 fillet, any size, 90 g)",food,170.1,17.9,7.0,7.4,0.1,0.3
FNDDS-2021-2023-26113110,"Fish, eel (1 cup, 135 g)","Fish, eel (1 cup, 135 g)",food,368.6,27.8,10.5,23.1,0.2,0.4
FNDDS-2021-2023-26115120,"Fish, flounder, baked or broiled (1 small/regular fillet, 90 g)","Fish, flounder, baked or broiled (1 small/regular fillet, 90 g)",food,115.2,13.9,0.0,6.2,0.0,0.0
FNDDS-2021-2023-26115123,"Fish, flounder, grilled (1 small/regular fillet, 90 g)","Fish, flounder, grilled (1 small/regular fillet, 90 g)",food,98.1,14.1,0.0,4.2,0.0,0.0
FNDDS-2021-2023-26115130,"Fish, flounder, baked or broiled, coated (1 small/regular fillet, 90 g)","Fish, flounder, baked or broiled, coated (1 small/regular fillet, 90 g)",food,137.7,12.9,7.0,6.2,0.1,0.3
FNDDS-2021-2023-26115140,"Fish, flounder, fried (1 small/regular fillet, 90 g)","Fish, flounder, fried (1 small/regular fillet, 90 g)",food,195.3,10.3,10.5,12.2,0.2,0.5
FNDDS-2021-2023-26115160,"Fish, flounder, steamed (1 small/regular fillet, 90 g)","Fish, flounder, steamed (1 small/regular fillet, 90 g)",food,79.2,14.1,0.0,2.2,0.0,0.0
FNDDS-2021-2023-26117120,"Fish, haddock, baked or broiled (1 small/regular fillet, 140 g)","Fish, haddock, baked or broiled (1 small/regular fillet, 140 g)",food,176.4,28.4,0.0,7.1,0.0,0.0
FNDDS-2021-2023-26117121,"Fish, haddock, grilled (1 small/regular fillet, 140 g)","Fish, haddock, grilled (1 small/regular fillet, 140 g)",food,151.2,29.0,0.0,4.0,0.0,0.0
FNDDS-2021-2023-26117130,"Fish, haddock, baked or broiled, coated (1 small/regular fillet, 140 g)","Fish, haddock, baked or broiled, coated (1 small/regular fillet, 140 g)",food,212.8,25.8,10.9,7.4,0.2,0.4
FNDDS-2021-2023-26117140,"Fish, haddock, fried (1 small/regular fillet, 140 g)","Fish, haddock, fried (1 small/regular fillet, 140 g)",food,303.8,20.0,16.4,17.5,0.3,0.7
FNDDS-2021-2023-26117160,"Fish, haddock, steamed (1 small/regular fillet, 140 g)","Fish, haddock, steamed (1 small/regular fillet, 140 g)",food,121.8,28.8,0.0,0.8,0.0,0.0
FNDDS-2021-2023-26118010,"Fish, halibut (1 fillet, any size, 140 g)","Fish, halibut (1 fillet, any size, 140 g)",food,245.0,29.0,10.9,8.7,0.2,0.4
FNDDS-2021-2023-26119110,"Fish, herring (1 fillet, any size, 90 g)","Fish, herring (1 fillet, any size, 90 g)",food,220.5,18.1,7.0,12.9,0.1,0.3
FNDDS-2021-2023-26119180,"Fish, pickled (1 cup, 135 g)","Fish, pickled (1 cup, 135 g)",food,353.7,19.2,13.0,24.3,10.4,0.0
FNDDS-2021-2023-26121120,"Fish, mackerel, baked or broiled (1 small/regular fillet, 140 g)","Fish, mackerel, baked or broiled (1 small/regular fillet, 140 g)",food,331.8,34.9,0.0,20.0,0.0,0.0
FNDDS-2021-2023-26121121,"Fish, mackerel, grilled (1 small/regular fillet, 140 g)","Fish, mackerel, grilled (1 small/regular fillet, 140 g)",food,309.4,35.6,0.0,17.2,0.0,0.0
FNDDS-2021-2023-26121131,"Fish, mackerel, baked or broiled, coated (1 small/regular fillet, 140 g)","Fish, mackerel, baked or broiled, coated (1 small/regular fillet, 140 g)",food,343.0,31.2,10.9,18.3,0.2,0.4
FNDDS-2021-2023-26121140,"Fish, mackerel, fried (1 small/regular fillet, 140 g)","Fish, mackerel, fried (1 small/regular fillet, 140 g)",food,397.6,24.1,16.4,25.5,0.3,0.7
FNDDS-2021-2023-26121180,"Fish, mackerel, canned (1 cup, 135 g)","Fish, mackerel, canned (1 cup, 135 g)",food,210.6,31.3,0.0,8.5,0.0,0.0
FNDDS-2021-2023-26123110,"Fish, mullet (1 fillet, any size, 140 g)","Fish, mullet (1 fillet, any size, 140 g)",food,282.8,30.2,10.9,12.3,0.2,0.4
FNDDS-2021-2023-26127120,"Fish, perch, baked or broiled (1 small/regular fillet, 90 g)","Fish, perch, baked or broiled (1 small/regular fillet, 90 g)",food,125.1,17.1,0.0,5.8,0.0,0.0
FNDDS-2021-2023-26127123,"Fish, perch, grilled (1 small/regular fillet, 90 g)","Fish, perch, grilled (1 small/regular fillet, 90 g)",food,108.9,17.5,0.0,3.8,0.0,0.0
FNDDS-2021-2023-26127130,"Fish, perch, baked or broiled, coated (1 small/regular fillet, 90 g)","Fish, perch, baked or broiled, coated (1 small/regular fillet, 90 g)",food,146.7,15.6,7.0,5.8,0.1,0.3
FNDDS-2021-2023-26127140,"Fish, perch, fried (1 small/regular fillet, 90 g)","Fish, perch, fried (1 small/regular fillet, 90 g)",food,201.6,12.2,10.5,12.0,0.2,0.5
FNDDS-2021-2023-26127160,"Fish, perch, steamed (1 small/regular fillet, 90 g)","Fish, perch, steamed (1 small/regular fillet, 90 g)",food,103.5,22.1,0.0,1.0,0.0,0.0
FNDDS-2021-2023-26129110,"Fish, pike (1 fillet, any size, 140 g)","Fish, pike (1 fillet, any size, 140 g)",food,240.8,30.1,10.9,7.8,0.2,0.4
FNDDS-2021-2023-26131120,"Fish, pompano, baked or broiled (1 small/regular fillet, 90 g)","Fish, pompano, baked or broiled (1 small/regular fillet, 90 g)",food,219.6,20.7,0.0,14.7,0.0,0.0
FNDDS-2021-2023-26131121,"Fish, pompano, grilled (1 small/regular fillet, 90 g)","Fish, pompano, grilled (1 small/regular fillet, 90 g)",food,205.2,21.1,0.0,12.9,0.0,0.0
FNDDS-2021-2023-26131130,"Fish, pompano, baked or broiled, coated (1 small/regular fillet, 90 g)","Fish, pompano, baked or broiled, coated (1 small/regular fillet, 90 g)",food,226.8,18.5,7.0,13.3,0.1,0.3
FNDDS-2021-2023-26131140,"Fish, pompano, fried (1 small/regular fillet, 90 g)","Fish, pompano, fried (1 small/regular fillet, 90 g)",food,260.1,14.4,10.5,17.5,0.2,0.5
FNDDS-2021-2023-26131160,"Fish, pompano, steamed (1 small/regular fillet, 90 g)","Fish, pompano, steamed (1 small/regular fillet, 90 g)",food,186.3,21.1,0.0,10.8,0.0,0.0
FNDDS-2021-2023-26133110,"Fish, snapper (1 fillet, any size, 90 g)","Fish, snapper (1 fillet, any size, 90 g)",food,166.5,20.5,7.0,5.6,0.1,0.3
FNDDS-2021-2023-26137100,"Fish, salmon, raw (1 cup, 135 g)","Fish, salmon, raw (1 cup, 135 g)",food,253.8,27.5,0.0,15.1,0.0,0.0
FNDDS-2021-2023-26137120,"Fish, salmon, baked or broiled (1 small/regular fillet, 140 g)","Fish, salmon, baked or broiled (1 small/regular fillet, 140 g)",food,383.6,35.6,0.0,25.8,0.0,0.0
FNDDS-2021-2023-26137123,"Fish, salmon, grilled (1 small/regular fillet, 140 g)","Fish, salmon, grilled (1 small/regular fillet, 140 g)",food,362.6,36.3,0.0,23.1,0.0,0.0
FNDDS-2021-2023-26137130,"Fish, salmon, baked or broiled, coated (1 small/regular fillet, 140 g)","Fish, salmon, baked or broiled, coated (1 small/regular fillet, 140 g)",food,387.8,31.8,10.9,23.2,0.2,0.4
FNDDS-2021-2023-26137140,"Fish, salmon, fried (1 small/regular fillet, 140 g)","Fish, salmon, fried (1 small/regular fillet, 140 g)",food,429.8,24.4,16.4,29.0,0.3,0.7
FNDDS-2021-2023-26137160,"Fish, salmon, steamed (1 small/regular fillet, 140 g)","Fish, salmon, steamed (1 small/regular fillet, 140 g)",food,331.8,36.1,0.0,19.7,0.0,0.0
FNDDS-2021-2023-26137180,"Fish, salmon, canned (1 cup, 135 g)","Fish, salmon, canned (1 cup, 135 g)",food,183.6,33.2,0.0,5.7,0.0,0.0
FNDDS-2021-2023-26137190,"Fish, salmon, smoked (1 cup, 135 g)","Fish, salmon, smoked (1 cup, 135 g)",food,158.0,24.7,0.0,5.8,0.0,0.0
FNDDS-2021-2023-26139180,"Fish, sardines, canned (1 sardine, 12 g)","Fish, sardines, canned (1 sardine, 12 g)",food,25.0,3.0,0.0,1.4,0.0,0.0
FNDDS-2021-2023-26141120,"Fish, bass, baked or broiled (1 small/regular fillet, 90 g)","Fish, bass, baked or broiled (1 small/regular fillet, 90 g)",food,144.9,20.6,0.0,6.3,0.0,0.0
FNDDS-2021-2023-26141121,"Fish, bass, grilled (1 small/regular fillet, 90 g)","Fish, bass, grilled (1 small/regular fillet, 90 g)",food,128.7,21.1,0.0,4.3,0.0,0.0
FNDDS-2021-2023-26141130,"Fish, bass, baked or broiled, coated (1 small/regular fillet, 90 g)","Fish, bass, baked or broiled, coated (1 small/regular fillet, 90 g)",food,163.8,18.5,7.0,6.3,0.1,0.3
FNDDS-2021-2023-26141140,"Fish, bass, fried (1 small/regular fillet, 90 g)","Fish, bass, fried (1 small/regular fillet, 90 g)",food,214.2,14.3,10.5,12.3,0.2,0.5
FNDDS-2021-2023-26141160,"Fish, bass, steamed (1 small/regular fillet, 90 g)","Fish, bass, steamed (1 small/regular fillet, 90 g)",food,110.7,21.0,0.0,2.3,0.0,0.0
FNDDS-2021-2023-26143110,"Fish, shark (1 fillet, any size, 140 g)","Fish, shark (1 fillet, any size, 140 g)",food,302.4,32.6,10.9,13.4,0.2,0.4
FNDDS-2021-2023-26149110,"Fish, swordfish (1 fillet, any size, 140 g)","Fish, swordfish (1 fillet, any size, 140 g)",food,323.4,30.7,10.9,16.5,0.2,0.4
FNDDS-2021-2023-26151120,"Fish, trout, baked or broiled (1 small/regular fillet, 90 g)","Fish, trout, baked or broiled (1 small/regular fillet, 90 g)",food,194.4,22.3,0.0,11.0,0.0,0.0
FNDDS-2021-2023-26151123,"Fish, trout, grilled (1 small/regular fillet, 90 g)","Fish, trout, grilled (1 small/regular fillet, 90 g)",food,179.1,22.8,0.0,9.1,0.0,0.0
FNDDS-2021-2023-26151130,"Fish, trout, baked or broiled, coated (1 small/regular fillet, 90 g)","Fish, trout, baked or broiled, coated (1 small/regular fillet, 90 g)",food,205.2,20.0,7.0,10.2,0.1,0.3
FNDDS-2021-2023-26151140,"Fish, trout, fried (1 small/regular fillet, 90 g)","Fish, trout, fried (1 small/regular fillet, 90 g)",food,243.9,15.4,10.5,15.2,0.2,0.5
FNDDS-2021-2023-26151160,"Fish, trout, steamed (1 small/regular fillet, 90 g)","Fish, trout, steamed (1 small/regular fillet, 90 g)",food,160.2,22.7,0.0,7.0,0.0,0.0
FNDDS-2021-2023-26153100,"Fish, tuna, raw (1 cup, 135 g)","Fish, tuna, raw (1 cup, 135 g)",food,147.2,32.9,0.0,0.7,0.0,0.0
FNDDS-2021-2023-26153120,"Fish, tuna, cooked (1 small/regular fillet, 90 g)","Fish, tuna, cooked (1 small/regular fillet, 90 g)",food,158.4,27.3,0.0,4.6,0.0,0.0
FNDDS-2021-2023-26155110,"Fish, tuna, canned (1 cup, 135 g)","Fish, tuna, canned (1 cup, 135 g)",food,114.8,25.7,0.1,1.3,0.0,0.0
FNDDS-2021-2023-26157120,"Fish, whiting, baked or broiled (1 small/regular fillet, 90 g)","Fish, whiting, baked or broiled (1 small/regular fillet, 90 g)",food,137.7,20.5,0.0,5.5,0.0,0.0
FNDDS-2021-2023-26157123,"Fish, whiting, grilled (1 small/regular fillet, 90 g)","Fish, whiting, grilled (1 small/regular fillet, 90 g)",food,120.6,20.9,0.0,3.5,0.0,0.0
FNDDS-2021-2023-26157130,"Fish, whiting, baked or broiled, coated (1 small/regular fillet, 90 g)","Fish, whiting, baked or broiled, coated (1 small/regular fillet, 90 g)",food,156.6,18.4,7.0,5.6,0.1,0.3
FNDDS-2021-2023-26157140,"Fish, whiting, fried (1 small/regular fillet, 90 g)","Fish, whiting, fried (1 small/regular fillet, 90 g)",food,209.7,14.2,10.5,11.9,0.2,0.5
FNDDS-2021-2023-26157160,"Fish, whiting, steamed (1 small/regular fillet, 90 g)","Fish, whiting, steamed (1 small/regular fillet, 90 g)",food,102.6,20.8,0.0,1.5,0.0,0.0
FNDDS-2021-2023-26158010,"Fish, tilapia, baked or broiled (1 small/regular fillet, 90 g)","Fish, tilapia, baked or broiled (1 small/regular fillet, 90 g)",food,144.0,22.5,0.0,6.0,0.0,0.0
FNDDS-2021-2023-26158013,"Fish, tilapia, grilled (1 small/regular fillet, 90 g)","Fish, tilapia, grilled (1 small/regular fillet, 90 g)",food,127.8,22.9,0.0,4.0,0.0,0.0
FNDDS-2021-2023-26158020,"Fish, tilapia, baked or broiled, coated (1 small/regular fillet, 90 g)","Fish, tilapia, baked or broiled, coated (1 small/regular fillet, 90 g)",food,162.0,20.1,7.0,6.0,0.1,0.3
FNDDS-2021-2023-26158030,"Fish, tilapia, fried (1 small/regular fillet, 90 g)","Fish, tilapia, fried (1 small/regular fillet, 90 g)",food,213.3,15.5,10.5,12.2,0.2,0.5
FNDDS-2021-2023-26158050,"Fish, tilapia, steamed (1 small/regular fillet, 90 g)","Fish, tilapia, steamed (1 small/regular fillet, 90 g)",food,108.9,22.9,0.0,1.9,0.0,0.0
FNDDS-2021-2023-26158110,"Fish, white, mixed species, baked or broiled (1 small/regular fillet, 90 g)","Fish, white, mixed species, baked or broiled (1 small/regular fillet, 90 g)",food,128.7,19.8,0.0,5.3,0.0,0.0
FNDDS-2021-2023-26158120,"Fish, white, mixed species, baked or broiled, coated (1 small/regular fillet, 90 g)","Fish, white, mixed species, baked or broiled, coated (1 small/regular fillet, 90 g)",food,149.4,17.8,7.0,5.4,0.1,0.3
FNDDS-2021-2023-26158130,"Fish, white, mixed species, fried (1 small/regular fillet, 90 g)","Fish, white, mixed species, fried (1 small/regular fillet, 90 g)",food,204.3,13.8,10.5,11.7,0.2,0.5
FNDDS-2021-2023-26158140,"Fish, white, mixed species, steamed (1 small/regular fillet, 90 g)","Fish, white, mixed species, steamed (1 small/regular fillet, 90 g)",food,93.6,20.1,0.0,1.2,0.0,0.0
FNDDS-2021-2023-26158150,"Fish, white, mixed species, grilled (1 small/regular fillet, 90 g)","Fish, white, mixed species, grilled (1 small/regular fillet, 90 g)",food,112.5,20.2,0.0,3.2,0.0,0.0
FNDDS-2021-2023-26203110,"Frog legs (1 leg, 25 g)","Frog legs (1 leg, 25 g)",food,55.0,3.6,2.9,3.1,0.1,0.1
FNDDS-2021-2023-26205110,"Octopus (1 cup, 135 g)","Octopus (1 cup, 135 g)",food,305.1,17.8,18.1,17.6,0.3,0.7
FNDDS-2021-2023-26211100,"Caviar (1 tablespoon, 16 g)","Caviar (1 tablespoon, 16 g)",food,42.2,3.9,0.6,2.9,0.0,0.0
FNDDS-2021-2023-26213120,"Calamari, cooked (1 item, 15 g)","Calamari, cooked (1 item, 15 g)",food,23.2,2.9,0.6,0.9,0.0,0.0
FNDDS-2021-2023-26213140,"Calamari, fried (1 item, 15 g)","Calamari, fried (1 item, 15 g)",food,35.1,2.1,2.1,2.0,0.0,0.1
FNDDS-2021-2023-26215120,"Turtle (1 cup, 135 g)","Turtle (1 cup, 135 g)",food,212.0,33.2,0.0,7.8,0.0,0.0
FNDDS-2021-2023-26301110,"Abalone (1 cup, 135 g)","Abalone (1 cup, 135 g)",food,239.0,28.6,10.1,8.3,0.0,0.0
FNDDS-2021-2023-26303100,"Clams, raw (1 clam, 15 g)","Clams, raw (1 clam, 15 g)",food,12.9,2.2,0.5,0.1,0.0,0.0
FNDDS-2021-2023-26303120,"Clams, baked or broiled (1 clam, 15 g)","Clams, baked or broiled (1 clam, 15 g)",food,22.2,2.7,0.7,0.9,0.0,0.0
FNDDS-2021-2023-26303140,"Clams, fried (1 clam, 15 g)","Clams, fried (1 clam, 15 g)",food,34.5,2.0,2.2,1.9,0.0,0.1
FNDDS-2021-2023-26303160,"Clams, steamed or boiled (1 clam, 15 g)","Clams, steamed or boiled (1 clam, 15 g)",food,16.3,2.8,0.7,0.2,0.0,0.0
FNDDS-2021-2023-26303180,"Clams, canned (1 cup, 225 g)","Clams, canned (1 cup, 225 g)",food,243.0,41.2,10.0,2.7,0.0,0.0
FNDDS-2021-2023-26305160,"Crab (1 crab, 40 g)","Crab (1 crab, 40 g)",food,33.2,7.2,0.0,0.3,0.0,0.0
FNDDS-2021-2023-26305180,"Crab, canned (1 cup, 135 g)","Crab, canned (1 cup, 135 g)",food,112.1,24.2,0.0,1.0,0.0,0.0
FNDDS-2021-2023-26307140,"Crab, soft shell (1 crab, 65 g)","Crab, soft shell (1 crab, 65 g)",food,147.6,10.1,7.6,8.3,0.1,0.3
FNDDS-2021-2023-26309140,"Crayfish, fried (1 crayfish, 15 g)","Crayfish, fried (1 crayfish, 15 g)",food,33.4,2.1,1.8,1.9,0.0,0.1
FNDDS-2021-2023-26309160,"Crayfish, cooked (1 crayfish, 15 g)","Crayfish, cooked (1 crayfish, 15 g)",food,14.5,3.0,0.0,0.2,0.0,0.0
FNDDS-2021-2023-26311110,"Lobster (1 lobster, 200 g)","Lobster (1 lobster, 200 g)",food,194.0,41.8,0.0,1.9,0.0,0.0
FNDDS-2021-2023-26313110,"Mussels (1 mussel, 15 g)","Mussels (1 mussel, 15 g)",food,16.3,2.3,0.7,0.4,0.0,0.0
FNDDS-2021-2023-26315100,"Oysters, raw (1 oyster, 15 g)","Oysters, raw (1 oyster, 15 g)",food,7.6,0.9,0.4,0.3,0.1,0.0
FNDDS-2021-2023-26315120,"Oysters, baked or broiled (1 oyster, 15 g)","Oysters, baked or broiled (1 oyster, 15 g)",food,15.6,1.1,0.5,1.0,0.1,0.0
FNDDS-2021-2023-26315130,"Oysters, steamed (1 oyster, 15 g)","Oysters, steamed (1 oyster, 15 g)",food,9.8,1.1,0.5,0.3,0.1,0.0
FNDDS-2021-2023-26315140,"Oysters, fried (1 oyster, 15 g)","Oysters, fried (1 oyster, 15 g)",food,30.4,0.9,2.1,2.0,0.1,0.1
FNDDS-2021-2023-26315180,"Oysters, canned (1 oyster, 15 g)","Oysters, canned (1 oyster, 15 g)",food,11.1,1.2,0.6,0.4,0.0,0.0
FNDDS-2021-2023-26317120,"Scallops, baked or broiled (1 scallop, 15 g)","Scallops, baked or broiled (1 scallop, 15 g)",food,18.9,2.2,0.6,0.8,0.0,0.0
FNDDS-2021-2023-26317121,"Scallops, grilled (1 scallop, 15 g)","Scallops, grilled (1 scallop, 15 g)",food,16.2,2.3,0.6,0.4,0.0,0.0
FNDDS-2021-2023-26317130,"Scallops, steamed or boiled (1 scallop, 15 g)","Scallops, steamed or boiled (1 scallop, 15 g)",food,13.0,2.3,0.6,0.1,0.0,0.0
FNDDS-2021-2023-26317140,"Scallops, fried (1 scallop, 15 g)","Scallops, fried (1 scallop, 15 g)",food,32.5,1.7,2.1,1.9,0.0,0.1
FNDDS-2021-2023-26319120,"Shrimp, baked or broiled (1 tiny shrimp, 5 g)","Shrimp, baked or broiled (1 tiny shrimp, 5 g)",food,6.5,0.8,0.1,0.3,0.0,0.0
FNDDS-2021-2023-26319123,"Shrimp, grilled (1 tiny shrimp, 5 g)","Shrimp, grilled (1 tiny shrimp, 5 g)",food,5.5,0.9,0.1,0.2,0.0,0.0
FNDDS-2021-2023-26319130,"Shrimp, steamed or boiled (1 tiny shrimp, 5 g)","Shrimp, steamed or boiled (1 tiny shrimp, 5 g)",food,4.5,0.9,0.1,0.1,0.0,0.0
FNDDS-2021-2023-26319140,"Shrimp, fried (1 tiny shrimp, 5 g)","Shrimp, fried (1 tiny shrimp, 5 g)",food,10.9,0.6,0.6,0.6,0.0,0.0
FNDDS-2021-2023-26319160,"Shrimp, baked or broiled, coated (1 tiny shrimp, 5 g)","Shrimp, baked or broiled, coated (1 tiny shrimp, 5 g)",food,7.7,0.8,0.4,0.3,0.0,0.0
FNDDS-2021-2023-26319170,"Shrimp, dried (1 cup, 135 g)","Shrimp, dried (1 cup, 135 g)",food,337.5,68.9,0.0,4.6,0.0,0.0
FNDDS-2021-2023-26319180,"Shrimp, canned (1 cup, 135 g)","Shrimp, canned (1 cup, 135 g)",food,135.0,27.5,0.0,1.8,0.0,0.0
FNDDS-2021-2023-26321110,"Escargot (1 snail, 5 g)","Escargot (1 snail, 5 g)",food,7.9,1.0,0.1,0.3,0.0,0.0
FNDDS-2021-2023-27111000,"Beef with tomato-based sauce (1 cup, 249 g)","Beef with tomato-based sauce (1 cup, 249 g)",food,371.0,54.0,3.9,15.8,2.6,1.0
FNDDS-2021-2023-27111200,"Beef burgundy (1 cup, 244 g)","Beef burgundy (1 cup, 244 g)",food,361.1,45.1,10.2,14.6,3.5,2.0
FNDDS-2021-2023-27111300,"Guisada, beef (1 cup, 255 g)","Guisada, beef (1 cup, 255 g)",food,293.2,27.5,6.4,16.9,1.6,1.3
FNDDS-2021-2023-27111405,"Chili with meat, from restaurant (1 cup, 255 g)","Chili with meat, from restaurant (1 cup, 255 g)",food,408.0,30.6,17.0,23.8,3.5,4.8
FNDDS-2021-2023-27111406,"Chili with meat and beans (1 cup, 255 g)","Chili with meat and beans (1 cup, 255 g)",food,300.9,25.0,26.0,11.0,3.8,7.6
FNDDS-2021-2023-27111407,"Chili with meat, canned (1 cup, 255 g)","Chili with meat, canned (1 cup, 255 g)",food,270.3,21.7,27.5,8.6,3.6,8.2
FNDDS-2021-2023-27111420,"Chili with meat (1 cup, 255 g)","Chili with meat (1 cup, 255 g)",food,354.4,33.9,6.1,21.0,3.5,1.3
FNDDS-2021-2023-27111500,"Sloppy joe, no bun (1 cup, 250 g)","Sloppy joe, no bun (1 cup, 250 g)",food,350.0,30.2,13.7,19.1,9.5,1.8
FNDDS-2021-2023-27112000,"Beef with gravy (1 cup, 244 g)","Beef with gravy (1 cup, 244 g)",food,380.6,52.7,3.9,17.2,0.2,0.0
FNDDS-2021-2023-27112010,"Salisbury steak with gravy (1 steak with gravy, 129 g)","Salisbury steak with gravy (1 steak with gravy, 129 g)",food,192.2,9.0,8.7,13.5,0.3,1.3
FNDDS-2021-2023-27113000,"Beef with cream or white sauce (1 cup, 256 g)","Beef with cream or white sauce (1 cup, 256 g)",food,473.6,57.6,7.0,23.8,3.5,0.0
FNDDS-2021-2023-27113100,"Beef stroganoff (1 cup, 256 g)","Beef stroganoff (1 cup, 256 g)",food,384.0,25.9,15.9,23.9,3.5,1.8
FNDDS-2021-2023-27113200,"Creamed chipped or dried beef (1 cup, 246 g)","Creamed chipped or dried beef (1 cup, 246 g)",food,327.2,18.8,18.6,19.8,11.3,0.2
FNDDS-2021-2023-27113300,"Swedish meatballs with cream or white sauce (1 cup, 246 g)","Swedish meatballs with cream or white sauce (1 cup, 246 g)",food,418.2,30.8,15.5,25.3,6.1,0.5
FNDDS-2021-2023-27114000,"Beef with mushroom sauce (1 cup, 256 g)","Beef with mushroom sauce (1 cup, 256 g)",food,417.3,56.3,4.7,19.3,1.4,0.3
FNDDS-2021-2023-27115000,"Beef with soy-based sauce (1 cup, 244 g)","Beef with soy-based sauce (1 cup, 244 g)",food,456.3,38.8,8.2,30.3,2.6,1.2
FNDDS-2021-2023-27115100,"Steak teriyaki (1 cup, 244 g)","Steak teriyaki (1 cup, 244 g)",food,483.1,70.5,4.7,20.1,4.3,0.0
FNDDS-2021-2023-27116100,"Beef curry (1 cup, 240 g)","Beef curry (1 cup, 240 g)",food,271.2,18.2,15.7,15.8,6.1,3.4
FNDDS-2021-2023-27116110,"Beef curry with rice (1 cup, 200 g)","Beef curry with rice (1 cup, 200 g)",food,238.0,11.2,30.2,8.1,3.1,2.0
FNDDS-2021-2023-27116200,"Barbecue beef, with sauce (1 cup, 240 g)","Barbecue beef, with sauce (1 cup, 240 g)",food,547.2,47.5,29.3,25.9,23.9,0.7
FNDDS-2021-2023-27116210,"Barbecue beef, no sauce (1 cup, 135 g)","Barbecue beef, no sauce (1 cup, 135 g)",food,340.2,37.8,0.0,20.5,0.0,0.0
FNDDS-2021-2023-27116300,"Beef with sweet and sour sauce (1 cup, 252 g)","Beef with sweet and sour sauce (1 cup, 252 g)",food,531.7,23.4,35.8,32.3,21.2,1.5
FNDDS-2021-2023-27116350,"Stewed seasoned ground beef, Mexican style (1 cup, 222 g)","Stewed seasoned ground beef, Mexican style (1 cup, 222 g)",food,375.2,31.7,2.8,25.3,0.9,0.4
FNDDS-2021-2023-27116400,"Steak tartare (1 cup, 225 g)","Steak tartare (1 cup, 225 g)",food,486.0,39.1,0.8,35.1,0.2,0.5
FNDDS-2021-2023-27118110,"Meatballs, Puerto Rican style (1 meatball with sauce, 50 g)","Meatballs, Puerto Rican style (1 meatball with sauce, 50 g)",food,112.5,7.2,3.5,7.7,0.8,0.4
FNDDS-2021-2023-27118120,"Stewed seasoned ground beef, Puerto Rican style (1 cup, 200 g)","Stewed seasoned ground beef, Puerto Rican style (1 cup, 200 g)",food,556.0,27.6,7.7,45.6,3.5,1.8
FNDDS-2021-2023-27118130,"Stewed dried beef, Puerto Rican style (1 cup, 200 g)","Stewed dried beef, Puerto Rican style (1 cup, 200 g)",food,516.0,35.4,7.8,38.2,5.1,1.6
FNDDS-2021-2023-27120020,"Ham or pork with gravy (1 cup, 244 g)","Ham or pork with gravy (1 cup, 244 g)",food,390.4,49.3,3.9,18.3,0.2,0.0
FNDDS-2021-2023-27120030,"Barbecue pork, with sauce (1 cup, 240 g)","Barbecue pork, with sauce (1 cup, 240 g)",food,542.4,42.2,29.3,27.1,23.9,0.7
FNDDS-2021-2023-27120040,"Barbecue pork, no sauce (1 cup, 135 g)","Barbecue pork, no sauce (1 cup, 135 g)",food,336.2,33.5,0.0,21.5,0.0,0.0
FNDDS-2021-2023-27120060,"Sweet and sour pork (1 cup, 226 g)","Sweet and sour pork (1 cup, 226 g)",food,587.6,20.1,57.6,30.7,23.3,2.3
FNDDS-2021-2023-27120080,"Ham stroganoff (1 cup, 244 g)","Ham stroganoff (1 cup, 244 g)",food,319.6,18.6,12.7,21.6,4.6,1.7
FNDDS-2021-2023-27120090,"Ham or pork with mushroom sauce (1 cup, 244 g)","Ham or pork with mushroom sauce (1 cup, 244 g)",food,407.5,50.3,4.5,19.5,1.4,0.2
FNDDS-2021-2023-27120100,"Ham or pork with tomato-based sauce (1 cup, 249 g)","Ham or pork with tomato-based sauce (1 cup, 249 g)",food,381.0,50.5,4.0,16.9,2.6,1.0
FNDDS-2021-2023-27120110,"Sausage with tomato-based sauce (1 cup, 248 g)","Sausage with tomato-based sauce (1 cup, 248 g)",food,580.3,33.0,6.4,47.4,4.5,1.0
FNDDS-2021-2023-27120120,"Sausage gravy (1 cup, 240 g)","Sausage gravy (1 cup, 240 g)",food,432.0,16.3,18.4,32.6,9.4,0.2
FNDDS-2021-2023-27120130,"Guisada, pork (1 cup, 255 g)","Guisada, pork (1 cup, 255 g)",food,300.9,26.3,6.4,18.1,1.6,1.3
FNDDS-2021-2023-27120150,"Pork or ham with soy-based sauce (1 cup, 244 g)","Pork or ham with soy-based sauce (1 cup, 244 g)",food,463.6,36.4,8.2,31.0,2.6,1.2
FNDDS-2021-2023-27120210,"Chili hot dog, no bun (1 hot dog with sauce, 125 g)","Chili hot dog, no bun (1 hot dog with sauce, 125 g)",food,252.5,12.5,8.9,18.8,1.7,2.1
FNDDS-2021-2023-27120250,"Frankfurters or hot dogs with tomato-based sauce (1 cup, 244 g)","Frankfurters or hot dogs with tomato-based sauce (1 cup, 244 g)",food,544.1,20.8,8.8,47.8,4.7,1.0
FNDDS-2021-2023-27121000,"Pork with chili and tomatoes (1 cup, 236 g)","Pork with chili and tomatoes (1 cup, 236 g)",food,224.2,27.4,6.3,9.4,3.8,2.1
FNDDS-2021-2023-27121010,"Stewed pork, Puerto Rican style (1 cup, 200 g)","Stewed pork, Puerto Rican style (1 cup, 200 g)",food,400.0,35.8,5.5,25.4,2.6,1.2
FNDDS-2021-2023-27130010,"Lamb or mutton with gravy (1 cup, 244 g)","Lamb or mutton with gravy (1 cup, 244 g)",food,534.4,42.2,3.9,37.6,0.2,0.0
FNDDS-2021-2023-27133010,"Stewed goat, Puerto Rican style (1 cup, 177 g)","Stewed goat, Puerto Rican style (1 cup, 177 g)",food,469.1,39.5,3.5,32.0,1.6,0.9
FNDDS-2021-2023-27135020,"Veal scallopini (1 slice with sauce, 96 g)","Veal scallopini (1 slice with sauce, 96 g)",food,231.4,18.0,1.4,16.8,0.5,0.4
FNDDS-2021-2023-27135050,"Veal Marsala (1 slice with sauce, 96 g)","Veal Marsala (1 slice with sauce, 96 g)",food,168.0,17.1,6.5,8.2,0.5,0.5
FNDDS-2021-2023-27135110,"Veal parmigiana (1 patty with sauce and cheese, 182 g)","Veal parmigiana (1 patty with sauce and cheese, 182 g)",food,371.3,27.8,15.2,21.7,3.1,1.5
FNDDS-2021-2023-27135150,"Veal cordon bleu (1 roll (with ham and sauce), 229 g)","Veal cordon bleu (1 roll (with ham and sauce), 229 g)",food,501.5,54.3,21.4,22.2,1.4,1.4
FNDDS-2021-2023-27136050,"Venison or deer with tomato-based sauce (1 cup, 249 g)","Venison or deer with tomato-based sauce (1 cup, 249 g)",food,348.6,63.7,4.0,7.1,2.6,1.0
FNDDS-2021-2023-27136080,"Venison or deer with gravy (1 cup, 244 g)","Venison or deer with gravy (1 cup, 244 g)",food,358.7,62.2,3.9,8.6,0.2,0.0
FNDDS-2021-2023-27141000,"Chicken or turkey cacciatore (1 cup, 244 g)","Chicken or turkey cacciatore (1 cup, 244 g)",food,424.6,32.2,16.9,25.9,3.9,2.7
FNDDS-2021-2023-27141030,"Spaghetti sauce with poultry (1 cup, 260 g)","Spaghetti sauce with poultry (1 cup, 260 g)",food,195.0,16.4,17.0,6.8,11.6,3.9
FNDDS-2021-2023-27141035,"Spaghetti sauce with poultry and added vegetables (1 cup, 260 g)","Spaghetti sauce with poultry and added vegetables (1 cup, 260 g)",food,184.6,16.6,15.7,6.2,10.5,3.6
FNDDS-2021-2023-27141050,"Stewed chicken with tomato-based sauce, Mexican style (1 cup, 244 g)","Stewed chicken with tomato-based sauce, Mexican style (1 cup, 244 g)",food,292.8,29.3,6.1,17.2,2.4,1.0
FNDDS-2021-2023-27141500,"Chili with chicken and beans (1 cup, 255 g)","Chili with chicken and beans (1 cup, 255 g)",food,252.4,26.0,26.0,5.3,3.8,7.6
FNDDS-2021-2023-27141505,"Chili with chicken (1 cup, 255 g)","Chili with chicken (1 cup, 255 g)",food,255.0,36.0,6.1,9.5,3.5,1.3
FNDDS-2021-2023-27141510,"Chili, white (1 cup, 255 g)","Chili, white (1 cup, 255 g)",food,242.2,25.3,24.7,4.9,2.5,6.1
FNDDS-2021-2023-27142000,"Chicken with gravy (1 cup, 244 g)","Chicken with gravy (1 cup, 244 g)",food,314.8,46.1,3.9,12.7,0.2,0.0
FNDDS-2021-2023-27142100,"Chicken or turkey fricassee (1 cup, 244 g)","Chicken or turkey fricassee (1 cup, 244 g)",food,295.2,26.1,8.6,17.5,0.6,0.2
FNDDS-2021-2023-27142200,"Turkey with gravy (1 cup, 244 g)","Turkey with gravy (1 cup, 244 g)",food,305.0,50.0,3.9,8.4,0.2,0.0
FNDDS-2021-2023-27143000,"Chicken or turkey with cream sauce (1 cup, 241 g)","Chicken or turkey with cream sauce (1 cup, 241 g)",food,378.4,47.7,6.6,18.0,3.3,0.0
FNDDS-2021-2023-27144000,"Chicken or turkey with mushroom sauce (1 cup, 256 g)","Chicken or turkey with mushroom sauce (1 cup, 256 g)",food,348.2,49.4,4.7,14.6,1.5,0.3
FNDDS-2021-2023-27145000,"Chicken or turkey with teriyaki (1 cup, 244 g)","Chicken or turkey with teriyaki (1 cup, 244 g)",food,397.7,62.7,4.0,14.5,3.6,0.0
FNDDS-2021-2023-27146011,"Barbecue chicken (1 cup, 240 g)","Barbecue chicken (1 cup, 240 g)",food,400.8,45.6,29.3,11.1,23.9,0.7
FNDDS-2021-2023-27146100,"Sweet and sour chicken or turkey (1 cup, 252 g)","Sweet and sour chicken or turkey (1 cup, 252 g)",food,630.0,25.5,60.2,31.8,29.0,2.5
FNDDS-2021-2023-27146110,"Sweet and sour chicken or turkey, without vegetables (1 cup, 252 g)","Sweet and sour chicken or turkey, without vegetables (1 cup, 252 g)",food,630.0,25.5,60.2,31.8,29.0,2.5
FNDDS-2021-2023-27146150,"Chicken curry (1 cup, 240 g)","Chicken curry (1 cup, 240 g)",food,256.8,15.6,15.7,15.6,6.1,3.4
FNDDS-2021-2023-27146155,"Chicken curry with rice (1 cup, 200 g)","Chicken curry with rice (1 cup, 200 g)",food,232.0,9.9,30.2,8.0,3.1,2.0
FNDDS-2021-2023-27146160,"Chicken with mole sauce (1 cup, 244 g)","Chicken with mole sauce (1 cup, 244 g)",food,334.3,46.4,7.9,13.6,5.2,0.7
FNDDS-2021-2023-27146200,"Chicken or turkey with cheese sauce (1 cup, 241 g)","Chicken or turkey with cheese sauce (1 cup, 241 g)",food,416.9,52.5,4.0,21.4,0.1,0.0
FNDDS-2021-2023-27146250,"Chicken or turkey cordon bleu (1 roll (1/2 breast with ham and sauce), 229 g)","Chicken or turkey cordon bleu (1 roll (1/2 breast with ham and sauce), 229 g)",food,480.9,51.8,21.3,21.0,1.4,1.4
FNDDS-2021-2023-27146300,"Chicken or turkey parmigiana (1 patty with sauce and cheese, 182 g)","Chicken or turkey parmigiana (1 patty with sauce and cheese, 182 g)",food,316.7,29.5,15.1,15.2,3.1,1.5
FNDDS-2021-2023-27146350,"Orange chicken (1 cup, 252 g)","Orange chicken (1 cup, 252 g)",food,660.2,36.5,56.7,32.0,34.3,2.0
FNDDS-2021-2023-27146360,"Sesame chicken (1 cup, 252 g)","Sesame chicken (1 cup, 252 g)",food,738.4,36.0,67.8,35.8,40.3,1.8
FNDDS-2021-2023-27146400,"Chicken kiev (1 serving (1 whole breast), 258 g)","Chicken kiev (1 serving (1 whole breast), 258 g)",food,722.4,55.0,14.1,49.5,0.2,0.3
FNDDS-2021-2023-27148010,"Stuffed chicken, drumstick or breast, Puerto Rican style (1 breast (4"" x 3"" x 3/4""), 210 g)","Stuffed chicken, drumstick or breast, Puerto Rican style (1 breast (4"" x 3"" x 3/4""), 210 g)",food,495.6,59.6,13.7,22.1,0.8,0.6
FNDDS-2021-2023-27150010,"Fish with cream or white sauce, not tuna or lobster (1 cup, 249 g)","Fish with cream or white sauce, not tuna or lobster (1 cup, 249 g)",food,288.8,42.3,6.8,9.1,3.4,0.0
FNDDS-2021-2023-27150050,"Fish timbale or mousse (1 cup, 175 g)","Fish timbale or mousse (1 cup, 175 g)",food,260.8,17.7,3.4,19.2,1.6,0.0
FNDDS-2021-2023-27150110,"Shrimp cocktail (1 cup, 250 g)","Shrimp cocktail (1 cup, 250 g)",food,247.5,33.0,19.8,3.0,7.4,1.0
FNDDS-2021-2023-27150120,"Tuna with cream or white sauce (1 cup, 237 g)","Tuna with cream or white sauce (1 cup, 237 g)",food,241.7,34.1,6.7,8.8,3.3,0.0
FNDDS-2021-2023-27150130,"Seafood thermidor (1 cup, 250 g)","Seafood thermidor (1 cup, 250 g)",food,627.5,26.5,11.7,53.0,6.4,0.2
FNDDS-2021-2023-27150140,"Seafood sauce (1 tablespoon, 16 g)","Seafood sauce (1 tablespoon, 16 g)",food,32.5,1.4,0.4,2.8,0.0,0.0
FNDDS-2021-2023-27150151,"Spaghetti sauce with seafood (1 cup, 260 g)","Spaghetti sauce with seafood (1 cup, 260 g)",food,166.4,13.9,18.4,3.8,11.6,3.9
FNDDS-2021-2023-27150155,"Spaghetti sauce with seafood and added vegetables (1 cup, 260 g)","Spaghetti sauce with seafood and added vegetables (1 cup, 260 g)",food,156.0,14.1,17.2,3.2,10.5,3.6
FNDDS-2021-2023-27150160,"Shrimp with lobster sauce (1 cup, 185 g)","Shrimp with lobster sauce (1 cup, 185 g)",food,279.4,31.1,4.0,14.5,1.5,0.0
FNDDS-2021-2023-27150170,"Sweet and sour shrimp (1 cup, 176 g)","Sweet and sour shrimp (1 cup, 176 g)",food,302.7,10.4,28.5,16.2,14.9,1.1
FNDDS-2021-2023-27150210,"Fish sauce (1 tablespoon, 16 g)","Fish sauce (1 tablespoon, 16 g)",food,5.6,0.8,0.6,0.0,0.6,0.0
FNDDS-2021-2023-27150230,"Shrimp scampi (1 cup, 250 g)","Shrimp scampi (1 cup, 250 g)",food,480.0,38.5,5.7,32.5,0.2,0.5
FNDDS-2021-2023-27150310,"Fish with tomato-based sauce (1 cup, 222 g)","Fish with tomato-based sauce (1 cup, 222 g)",food,177.6,36.2,3.5,1.5,2.4,0.9
FNDDS-2021-2023-27150320,"Fish curry (1 cup, 240 g)","Fish curry (1 cup, 240 g)",food,223.2,11.9,16.0,13.0,6.1,3.4
FNDDS-2021-2023-27150325,"Fish curry with rice (1 cup, 200 g)","Fish curry with rice (1 cup, 200 g)",food,214.0,8.1,30.4,6.7,3.1,2.0
FNDDS-2021-2023-27150410,"Shrimp teriyaki (1 cup, 201 g)","Shrimp teriyaki (1 cup, 201 g)",food,241.2,43.4,6.7,3.1,3.5,0.0
FNDDS-2021-2023-27151030,"Ceviche (1 cup, 250 g)","Ceviche (1 cup, 250 g)",food,157.5,26.2,8.9,1.9,3.4,1.2
FNDDS-2021-2023-27151040,"Crabs in tomato-based sauce, Puerto Rican style (1 cup, 170 g)","Crabs in tomato-based sauce, Puerto Rican style (1 cup, 170 g)",food,244.8,21.2,5.0,15.1,2.0,1.0
FNDDS-2021-2023-27151050,"Shrimp in garlic sauce, Puerto Rican style (1 cup, 212 g)","Shrimp in garlic sauce, Puerto Rican style (1 cup, 212 g)",food,595.7,24.6,5.2,53.0,1.0,0.4
FNDDS-2021-2023-27151070,"Stew, fish (1 cup, 255 g)","Stew, fish (1 cup, 255 g)",food,117.3,19.5,7.0,1.1,1.6,1.3
FNDDS-2021-2023-27161010,"Meat loaf, Puerto Rican style (1 serving (3"" x 1"" x 2""), 95 g)","Meat loaf, Puerto Rican style (1 serving (3"" x 1"" x 2""), 95 g)",food,308.8,18.8,10.2,20.9,1.0,0.6
FNDDS-2021-2023-27162010,"Meat with tomato-based sauce (1 cup, 249 g)","Meat with tomato-based sauce (1 cup, 249 g)",food,371.0,54.0,3.9,15.8,2.6,1.0
FNDDS-2021-2023-27162040,"Spaghetti sauce with meat (1 cup, 260 g)","Spaghetti sauce with meat (1 cup, 260 g)",food,234.0,15.4,17.0,11.3,11.6,3.9
FNDDS-2021-2023-27162060,"Spaghetti sauce with meat and added vegetables (1 cup, 260 g)","Spaghetti sauce with meat and added vegetables (1 cup, 260 g)",food,223.6,15.7,15.7,10.7,10.5,3.6
FNDDS-2021-2023-27162500,"Stewed, seasoned, ground beef and pork, Mexican style (1 cup, 222 g)","Stewed, seasoned, ground beef and pork, Mexican style (1 cup, 222 g)",food,308.6,37.1,3.2,15.5,1.0,0.4
FNDDS-2021-2023-27211000,"Beef and potatoes, no sauce (1 cup, 190 g)","Beef and potatoes, no sauce (1 cup, 190 g)",food,252.7,15.0,27.5,9.4,1.2,2.5
FNDDS-2021-2023-27211190,"Beef and potatoes with cream sauce, white sauce or mushroom sauce (1 cup, 252 g)","Beef and potatoes with cream sauce, white sauce or mushroom sauce (1 cup, 252 g)",food,252.0,20.3,21.8,9.6,3.2,1.8
FNDDS-2021-2023-27211300,"Beef, roast, hash (1 cup, 190 g)","Beef, roast, hash (1 cup, 190 g)",food,266.0,25.1,20.3,9.7,2.8,1.9
FNDDS-2021-2023-27211400,"Corned beef hash (1 cup, NFS, 220 g)","Corned beef hash (1 cup, NFS, 220 g)",food,360.8,19.2,20.4,22.4,0.7,2.4
FNDDS-2021-2023-27211500,"Beef and potatoes with cheese sauce (1 cup, 249 g)","Beef and potatoes with cheese sauce (1 cup, 249 g)",food,313.7,20.3,27.6,13.9,1.2,2.2
FNDDS-2021-2023-27211550,"Stewed, seasoned, ground beef with potatoes, Mexican style (1 cup, 222 g)","Stewed, seasoned, ground beef with potatoes, Mexican style (1 cup, 222 g)",food,304.1,23.1,12.4,17.5,1.6,1.8
FNDDS-2021-2023-27212000,"Beef and noodles, no sauce (1 cup, 156 g)","Beef and noodles, no sauce (1 cup, 156 g)",food,294.8,17.8,25.3,13.1,0.4,1.2
FNDDS-2021-2023-27212050,"Beef and macaroni with cheese sauce (1 cup, 246 g)","Beef and macaroni with cheese sauce (1 cup, 246 g)",food,337.0,22.4,30.3,13.3,3.7,1.2
FNDDS-2021-2023-27212100,"Beef and noodles with tomato-based sauce (1 cup, 249 g)","Beef and noodles with tomato-based sauce (1 cup, 249 g)",food,286.4,21.8,26.6,9.8,5.0,1.0
FNDDS-2021-2023-27212120,"Chili with macaroni (1 cup, 255 g)","Chili with macaroni (1 cup, 255 g)",food,321.3,22.9,36.7,9.3,3.3,7.1
FNDDS-2021-2023-27212200,"Beef and noodles with gravy (1 cup, 249 g)","Beef and noodles with gravy (1 cup, 249 g)",food,346.1,19.2,38.3,12.6,0.8,1.7
FNDDS-2021-2023-27212300,"Beef and noodles with cream or white sauce (1 cup, 249 g)","Beef and noodles with cream or white sauce (1 cup, 249 g)",food,348.6,19.6,37.4,13.3,3.9,1.5
FNDDS-2021-2023-27212350,"Beef stroganoff with noodles (1 cup, 256 g)","Beef stroganoff with noodles (1 cup, 256 g)",food,330.2,19.9,23.0,17.4,2.6,1.8
FNDDS-2021-2023-27212400,"Beef and noodles with mushroom sauce (1 cup, 249 g)","Beef and noodles with mushroom sauce (1 cup, 249 g)",food,338.6,18.8,37.4,12.8,2.0,2.0
FNDDS-2021-2023-27212500,"Beef and noodles with soy-based sauce (1 cup, 249 g)","Beef and noodles with soy-based sauce (1 cup, 249 g)",food,430.8,32.9,18.8,24.9,2.1,1.5
FNDDS-2021-2023-27213000,"Beef and rice, no sauce (1 cup, 196 g)","Beef and rice, no sauce (1 cup, 196 g)",food,286.2,14.2,33.7,9.8,0.1,0.4
FNDDS-2021-2023-27213010,"Biryani with meat (1 cup, 196 g)","Biryani with meat (1 cup, 196 g)",food,284.2,16.7,23.9,13.3,3.3,2.0
FNDDS-2021-2023-27213100,"Beef and rice with tomato-based sauce (1 cup, 244 g)","Beef and rice with tomato-based sauce (1 cup, 244 g)",food,331.8,15.6,38.8,12.6,2.7,1.7
FNDDS-2021-2023-27213120,"Porcupine balls with tomato-based sauce (1 cup, 176 g)","Porcupine balls with tomato-based sauce (1 cup, 176 g)",food,269.3,18.3,23.6,10.9,5.3,1.1
FNDDS-2021-2023-27213200,"Beef and rice with gravy (1 cup, 222 g)","Beef and rice with gravy (1 cup, 222 g)",food,304.1,13.9,35.5,11.4,0.3,0.4
FNDDS-2021-2023-27213300,"Beef and rice with cream sauce (1 cup, 248 g)","Beef and rice with cream sauce (1 cup, 248 g)",food,344.7,16.6,39.4,13.0,3.3,0.5
FNDDS-2021-2023-27213400,"Beef and rice with mushroom sauce (1 cup, 248 g)","Beef and rice with mushroom sauce (1 cup, 248 g)",food,334.8,15.5,38.4,12.8,1.5,1.0
FNDDS-2021-2023-27213420,"Porcupine balls with mushroom sauce (1 cup, 176 g)","Porcupine balls with mushroom sauce (1 cup, 176 g)",food,276.3,18.1,18.8,13.7,0.9,0.9
FNDDS-2021-2023-27213500,"Beef and rice with soy-based sauce (1 cup, 244 g)","Beef and rice with soy-based sauce (1 cup, 244 g)",food,434.3,33.2,19.4,25.1,2.1,1.2
FNDDS-2021-2023-27213600,"Beef and rice with cheese sauce (1 cup, 248 g)","Beef and rice with cheese sauce (1 cup, 248 g)",food,352.2,20.0,36.5,13.3,0.4,1.0
FNDDS-2021-2023-27214100,"Meat loaf made with beef (1 small or thin slice, 86 g)","Meat loaf made with beef (1 small or thin slice, 86 g)",food,171.1,15.0,6.2,9.2,1.6,0.3
FNDDS-2021-2023-27214110,"Meat loaf made with beef, with tomato-based sauce (1 small or thin slice, 109 g)","Meat loaf made with beef, with tomato-based sauce (1 small or thin slice, 109 g)",food,173.3,15.0,7.4,9.1,2.4,0.8
FNDDS-2021-2023-27214300,"Beef wellington (1 slice, 116 g)","Beef wellington (1 slice, 116 g)",food,426.9,22.3,11.8,31.8,0.1,0.5
FNDDS-2021-2023-27214500,"Corned beef patty (1 patty, 100 g)","Corned beef patty (1 patty, 100 g)",food,164.0,8.7,9.3,10.2,0.3,1.1
FNDDS-2021-2023-27218210,"Beef stew with potatoes, Puerto Rican style (1 cup, 212 g)","Beef stew with potatoes, Puerto Rican style (1 cup, 212 g)",food,466.4,31.0,13.8,31.4,2.0,2.1
FNDDS-2021-2023-27220010,"Meat loaf made with ham (1 small or thin slice, 86 g)","Meat loaf made with ham (1 small or thin slice, 86 g)",food,153.9,17.7,5.3,6.5,1.4,0.3
FNDDS-2021-2023-27220020,"Ham and noodles with cream or white sauce (1 cup, 244 g)","Ham and noodles with cream or white sauce (1 cup, 244 g)",food,339.2,16.6,37.3,13.3,3.9,1.5
FNDDS-2021-2023-27220030,"Ham and rice with mushroom sauce (1 cup, 248 g)","Ham and rice with mushroom sauce (1 cup, 248 g)",food,337.3,13.3,40.4,12.9,1.5,1.0
FNDDS-2021-2023-27220050,"Ham or pork with stuffing (1 cup, 200 g)","Ham or pork with stuffing (1 cup, 200 g)",food,286.0,12.5,20.8,16.5,2.3,0.8
FNDDS-2021-2023-27220080,"Ham croquette (1 croquette (1-1/2"" dia, 2"" high), 62 g)","Ham croquette (1 croquette (1-1/2"" dia, 2"" high), 62 g)",food,169.3,11.2,1.6,12.8,0.3,0.1
FNDDS-2021-2023-27220110,"Pork and rice with tomato-based sauce (1 cup, 244 g)","Pork and rice with tomato-based sauce (1 cup, 244 g)",food,341.6,15.7,41.0,12.2,2.9,1.7
FNDDS-2021-2023-27220120,"Sausage and rice with tomato-based sauce (1 cup, 244 g)","Sausage and rice with tomato-based sauce (1 cup, 244 g)",food,327.0,11.3,40.0,13.4,3.2,1.7
FNDDS-2021-2023-27220150,"Sausage and rice with mushroom sauce (1 cup, 244 g)","Sausage and rice with mushroom sauce (1 cup, 244 g)",food,346.5,11.9,41.0,14.7,2.0,1.0
FNDDS-2021-2023-27220170,"Sausage and rice with cheese sauce (1 cup, 244 g)","Sausage and rice with cheese sauce (1 cup, 244 g)",food,368.4,15.4,33.9,18.6,0.5,0.5
FNDDS-2021-2023-27220190,"Sausage and noodles with cream or white sauce (1 cup, 244 g)","Sausage and noodles with cream or white sauce (1 cup, 244 g)",food,373.3,14.4,36.1,19.0,4.1,1.5
FNDDS-2021-2023-27220210,"Ham and noodles, no sauce (1 cup, 157 g)","Ham and noodles, no sauce (1 cup, 157 g)",food,226.1,11.2,25.0,8.7,0.4,1.3
FNDDS-2021-2023-27220310,"Ham or pork and rice, no sauce (1 cup, 196 g)","Ham or pork and rice, no sauce (1 cup, 196 g)",food,280.3,13.2,32.9,9.8,0.1,0.4
FNDDS-2021-2023-27220510,"Ham or pork and potatoes with gravy (1 cup, 252 g)","Ham or pork and potatoes with gravy (1 cup, 252 g)",food,317.5,13.6,29.5,16.0,1.4,2.3
FNDDS-2021-2023-27220520,"Ham or pork and potatoes with cheese sauce (1 cup, 249 g)","Ham or pork and potatoes with cheese sauce (1 cup, 249 g)",food,316.2,19.6,27.6,14.2,1.2,2.2
FNDDS-2021-2023-27221100,"Stewed pig's feet, Puerto Rican style (1 cup (yield after bone removed), 184 g)","Stewed pig's feet, Puerto Rican style (1 cup (yield after bone removed), 184 g)",food,250.2,18.4,7.6,16.0,1.4,0.9
FNDDS-2021-2023-27221150,"Stew, pork (1 cup, 255 g)","Stew, pork (1 cup, 255 g)",food,277.9,21.3,16.0,13.8,4.0,3.3
FNDDS-2021-2023-27221170,"Stew, pork, with pasta (1 cup, 255 g)","Stew, pork, with pasta (1 cup, 255 g)",food,339.1,23.8,27.5,14.2,2.3,2.8
FNDDS-2021-2023-27230010,"Lamb or mutton loaf (1 small or thin slice, 86 g)","Lamb or mutton loaf (1 small or thin slice, 86 g)",food,165.1,12.0,6.4,10.0,4.0,0.3
FNDDS-2021-2023-27231000,"Lamb or mutton and potatoes with gravy (1 cup, 252 g)","Lamb or mutton and potatoes with gravy (1 cup, 252 g)",food,325.1,12.9,31.5,16.3,1.5,2.5
FNDDS-2021-2023-27232000,"Lamb or mutton and potatoes with tomato-based sauce (1 cup, 252 g)","Lamb or mutton and potatoes with tomato-based sauce (1 cup, 252 g)",food,317.5,13.3,31.5,15.7,4.1,3.8
FNDDS-2021-2023-27233000,"Lamb or mutton and noodles with gravy (1 cup, 249 g)","Lamb or mutton and noodles with gravy (1 cup, 249 g)",food,351.1,16.9,38.8,13.6,0.8,1.7
FNDDS-2021-2023-27235000,"Meat loaf made with venison/deer (1 small or thin slice, 86 g)","Meat loaf made with venison/deer (1 small or thin slice, 86 g)",food,142.8,16.3,5.4,5.8,1.4,0.3
FNDDS-2021-2023-27236000,"Venison or deer and noodles with cream or white sauce (1 cup, 249 g)","Venison or deer and noodles with cream or white sauce (1 cup, 249 g)",food,351.1,20.8,36.1,13.4,3.7,1.5
FNDDS-2021-2023-27241000,"Chicken or turkey hash (1 cup, 190 g)","Chicken or turkey hash (1 cup, 190 g)",food,209.0,18.2,15.7,7.8,1.8,2.5
FNDDS-2021-2023-27241010,"Chicken or turkey and potatoes with gravy (1 cup, 242 g)","Chicken or turkey and potatoes with gravy (1 cup, 242 g)",food,295.2,18.1,21.9,15.4,1.4,2.2
FNDDS-2021-2023-27242000,"Chicken or turkey and noodles, no sauce (1 cup, 157 g)","Chicken or turkey and noodles, no sauce (1 cup, 157 g)",food,232.4,12.1,24.3,9.6,0.4,1.1
FNDDS-2021-2023-27242200,"Chicken or turkey and noodles with gravy (1 cup, 224 g)","Chicken or turkey and noodles with gravy (1 cup, 224 g)",food,313.6,15.7,34.0,12.7,0.7,1.6
FNDDS-2021-2023-27242250,"Chicken or turkey and noodles with mushroom sauce (1 cup, 224 g)","Chicken or turkey and noodles with mushroom sauce (1 cup, 224 g)",food,304.6,15.5,33.4,12.2,1.8,1.8
FNDDS-2021-2023-27242300,"Chicken or turkey and noodles with cream or white sauce (1 cup, 224 g)","Chicken or turkey and noodles with cream or white sauce (1 cup, 224 g)",food,313.6,16.6,34.0,12.3,3.5,1.3
FNDDS-2021-2023-27242310,"Chicken or turkey and noodles with cheese sauce (1 cup, 224 g)","Chicken or turkey and noodles with cheese sauce (1 cup, 224 g)",food,327.0,20.0,30.5,13.8,0.5,1.3
FNDDS-2021-2023-27242350,"Chicken or turkey tetrazzini (1 cup, 246 g)","Chicken or turkey tetrazzini (1 cup, 246 g)",food,292.7,29.5,17.1,11.8,0.6,1.2
FNDDS-2021-2023-27242400,"Chicken or turkey and noodles with tomato-based sauce (1 cup, 224 g)","Chicken or turkey and noodles with tomato-based sauce (1 cup, 224 g)",food,306.9,15.9,34.0,12.2,3.0,2.5
FNDDS-2021-2023-27242500,"Chicken or turkey and noodles with soy-based sauce (1 cup, 224 g)","Chicken or turkey and noodles with soy-based sauce (1 cup, 224 g)",food,351.7,26.0,17.0,20.2,2.1,1.3
FNDDS-2021-2023-27243000,"Chicken or turkey and rice, no sauce (1 cup, 196 g)","Chicken or turkey and rice, no sauce (1 cup, 196 g)",food,292.0,12.7,33.3,11.4,0.1,0.4
FNDDS-2021-2023-27243100,"Biryani with chicken (1 cup, 196 g)","Biryani with chicken (1 cup, 196 g)",food,203.8,14.0,26.7,4.7,3.7,2.2
FNDDS-2021-2023-27243300,"Chicken or turkey and rice with cream sauce (1 cup, 248 g)","Chicken or turkey and rice with cream sauce (1 cup, 248 g)",food,337.3,20.2,31.7,14.5,4.9,1.2
FNDDS-2021-2023-27243400,"Chicken or turkey and rice with mushroom sauce (1 cup, 248 g)","Chicken or turkey and rice with mushroom sauce (1 cup, 248 g)",food,334.8,14.1,38.2,13.6,1.5,1.0
FNDDS-2021-2023-27243500,"Chicken or turkey and rice with tomato-based sauce (1 cup, 244 g)","Chicken or turkey and rice with tomato-based sauce (1 cup, 244 g)",food,346.5,14.0,38.3,15.1,2.7,1.5
FNDDS-2021-2023-27243600,"Chicken or turkey and rice with soy-based sauce (1 cup, 244 g)","Chicken or turkey and rice with soy-based sauce (1 cup, 244 g)",food,395.3,29.3,19.5,22.5,2.3,1.2
FNDDS-2021-2023-27246100,"Chicken or turkey with dumplings (1 cup, 244 g)","Chicken or turkey with dumplings (1 cup, 244 g)",food,351.4,38.3,19.6,13.5,1.1,0.7
FNDDS-2021-2023-27246200,"Chicken or turkey with stuffing (1 cup, 200 g)","Chicken or turkey with stuffing (1 cup, 200 g)",food,344.0,40.0,23.4,9.8,2.5,1.0
FNDDS-2021-2023-27246300,"Chicken or turkey cake, patty, or croquette (1 cake or patty, 85 g)","Chicken or turkey cake, patty, or croquette (1 cake or patty, 85 g)",food,222.7,17.7,2.2,16.0,0.4,0.2
FNDDS-2021-2023-27246400,"Chicken or turkey souffle (1 cup, 159 g)","Chicken or turkey souffle (1 cup, 159 g)",food,271.9,18.6,8.9,18.0,3.5,0.2
FNDDS-2021-2023-27246500,"Meat loaf made with chicken or turkey (1 small or thin slice, 86 g)","Meat loaf made with chicken or turkey (1 small or thin slice, 86 g)",food,147.9,16.2,6.9,6.3,1.8,0.5
FNDDS-2021-2023-27246505,"Meat loaf made with chicken or turkey, with tomato-based sauce (1 small or thin slice, 109 g)","Meat loaf made with chicken or turkey, with tomato-based sauce (1 small or thin slice, 109 g)",food,158.1,16.9,7.9,6.8,2.6,0.9
FNDDS-2021-2023-27250040,"Crab, cake (1 cake or patty, 85 g)","Crab, cake (1 cake or patty, 85 g)",food,181.9,12.2,3.8,12.8,0.6,0.3
FNDDS-2021-2023-27250050,"Fish, cake or patty (1 cake or patty, 85 g)","Fish, cake or patty (1 cake or patty, 85 g)",food,180.2,11.6,8.8,10.7,0.9,1.0
FNDDS-2021-2023-27250060,"Gefilte fish (1 cup, 250 g)","Gefilte fish (1 cup, 250 g)",food,205.0,26.0,21.9,1.0,1.2,1.0
FNDDS-2021-2023-27250070,"Fish, salmon cake or patty (1 ball, 85 g)","Fish, salmon cake or patty (1 ball, 85 g)",food,242.2,13.7,3.8,18.8,0.6,0.3
FNDDS-2021-2023-27250120,"Shrimp and noodles, no sauce (1 cup, 157 g)","Shrimp and noodles, no sauce (1 cup, 157 g)",food,229.2,11.5,25.7,8.6,0.4,1.3
FNDDS-2021-2023-27250122,"Shrimp and noodles with gravy (1 cup, 224 g)","Shrimp and noodles with gravy (1 cup, 224 g)",food,293.4,13.5,32.9,11.6,0.7,1.3
FNDDS-2021-2023-27250124,"Shrimp and noodles with mushroom sauce (1 cup, 224 g)","Shrimp and noodles with mushroom sauce (1 cup, 224 g)",food,297.9,14.1,33.6,11.7,1.8,1.8
FNDDS-2021-2023-27250126,"Shrimp and noodles with cream or white sauce (1 cup, 224 g)","Shrimp and noodles with cream or white sauce (1 cup, 224 g)",food,320.3,16.0,36.3,11.9,3.7,1.6
FNDDS-2021-2023-27250128,"Shrimp and noodles with soy-based sauce (1 cup, 224 g)","Shrimp and noodles with soy-based sauce (1 cup, 224 g)",food,315.8,22.8,18.3,16.2,1.9,1.3
FNDDS-2021-2023-27250130,"Shrimp and noodles with cheese sauce (1 cup, 224 g)","Shrimp and noodles with cheese sauce (1 cup, 224 g)",food,304.6,18.3,30.0,12.0,0.5,1.3
FNDDS-2021-2023-27250132,"Shrimp and noodles with tomato sauce (1 cup, 224 g)","Shrimp and noodles with tomato sauce (1 cup, 224 g)",food,300.2,14.5,34.5,11.7,3.0,2.5
FNDDS-2021-2023-27250160,"Tuna cake or patty (1 cake or patty, 120 g)","Tuna cake or patty (1 cake or patty, 120 g)",food,247.2,18.4,3.2,17.9,0.6,0.2
FNDDS-2021-2023-27250210,"Clam cake or patty (1 cake or patty, 120 g)","Clam cake or patty (1 cake or patty, 120 g)",food,295.2,22.8,8.1,18.5,0.6,0.2
FNDDS-2021-2023-27250250,"Flounder with crab stuffing (1 piece, 210 g)","Flounder with crab stuffing (1 piece, 210 g)",food,285.6,31.7,12.0,11.6,1.8,0.6
FNDDS-2021-2023-27250260,"Lobster with bread stuffing, baked (1 lobster, 400 g)","Lobster with bread stuffing, baked (1 lobster, 400 g)",food,708.0,60.0,39.3,33.0,4.8,2.0
FNDDS-2021-2023-27250270,"Clams Casino (1 clam, 30 g)","Clams Casino (1 clam, 30 g)",food,48.6,3.5,3.1,2.4,0.5,0.3
FNDDS-2021-2023-27250400,"Shrimp, cake or patty (1 cake or patty, 85 g)","Shrimp, cake or patty (1 cake or patty, 85 g)",food,185.3,11.8,4.5,13.0,0.6,0.3
FNDDS-2021-2023-27250410,"Shrimp with crab stuffing (1 cup, 140 g)","Shrimp with crab stuffing (1 cup, 140 g)",food,243.6,23.0,8.6,12.6,0.5,0.4
FNDDS-2021-2023-27250450,"Shrimp toast (1/2 slice, 48 g)","Shrimp toast (1/2 slice, 48 g)",food,106.6,4.1,5.8,7.4,0.7,0.4
FNDDS-2021-2023-27250520,"Imitation crab meat (1 cup, 135 g)","Imitation crab meat (1 cup, 135 g)",food,128.2,10.3,20.2,0.6,8.4,0.7
FNDDS-2021-2023-27250550,"Seafood souffle (1 cup, 159 g)","Seafood souffle (1 cup, 159 g)",food,243.3,15.8,8.8,15.9,3.5,0.2
FNDDS-2021-2023-27250610,"Tuna noodle casserole with cream or white sauce (1 cup, 224 g)","Tuna noodle casserole with cream or white sauce (1 cup, 224 g)",food,376.3,22.6,34.5,16.4,4.8,1.6
FNDDS-2021-2023-27250630,"Tuna noodle casserole with mushroom sauce (1 cup, 224 g)","Tuna noodle casserole with mushroom sauce (1 cup, 224 g)",food,311.4,20.2,31.1,11.6,2.6,1.8
FNDDS-2021-2023-27250710,"Tuna and rice with mushroom sauce (1 cup, 248 g)","Tuna and rice with mushroom sauce (1 cup, 248 g)",food,317.4,11.3,38.2,12.8,1.5,1.0
FNDDS-2021-2023-27250810,"Fish and rice with tomato-based sauce (1 cup, 248 g)","Fish and rice with tomato-based sauce (1 cup, 248 g)",food,334.8,13.4,40.9,12.7,2.9,1.7
FNDDS-2021-2023-27250820,"Fish and rice with cream sauce (1 cup, 248 g)","Fish and rice with cream sauce (1 cup, 248 g)",food,329.8,13.7,39.2,12.4,3.3,0.5
FNDDS-2021-2023-27250830,"Fish and rice with mushroom sauce (1 cup, 248 g)","Fish and rice with mushroom sauce (1 cup, 248 g)",food,334.8,13.2,39.9,12.8,1.5,1.0
FNDDS-2021-2023-27250900,"Fish and noodles with mushroom sauce (1 cup, 224 g)","Fish and noodles with mushroom sauce (1 cup, 224 g)",food,293.4,14.1,33.2,11.4,1.8,1.8
FNDDS-2021-2023-27250950,"Shellfish and noodles with tomato-based sauce (1 cup, 224 g)","Shellfish and noodles with tomato-based sauce (1 cup, 224 g)",food,302.4,14.7,35.2,11.3,3.0,2.5
FNDDS-2021-2023-27251010,"Stewed salmon, Puerto Rican style (1 cup, 212 g)","Stewed salmon, Puerto Rican style (1 cup, 212 g)",food,309.5,25.4,18.0,14.9,2.7,2.8
FNDDS-2021-2023-27260080,"Meat loaf made with beef and pork (1 small or thin slice, 86 g)","Meat loaf made with beef and pork (1 small or thin slice, 86 g)",food,168.6,14.9,6.2,9.0,1.5,0.3
FNDDS-2021-2023-27260090,"Meat loaf made with beef, veal and pork (1 small or thin slice, 86 g)","Meat loaf made with beef, veal and pork (1 small or thin slice, 86 g)",food,168.6,14.9,6.2,9.0,1.5,0.3
FNDDS-2021-2023-27260100,"Meat loaf made with beef and pork, with tomato-based sauce (1 small or thin slice, 109 g)","Meat loaf made with beef and pork, with tomato-based sauce (1 small or thin slice, 109 g)",food,171.1,14.8,7.4,8.9,2.4,0.8
FNDDS-2021-2023-27260500,"Vienna sausages stewed with potatoes, Puerto Rican style (1 cup, 175 g)","Vienna sausages stewed with potatoes, Puerto Rican style (1 cup, 175 g)",food,383.2,8.9,22.9,28.7,2.3,3.0
FNDDS-2021-2023-27261500,"Stewed, seasoned, ground beef and pork with potatoes, Mexican style (1 cup, 222 g)","Stewed, seasoned, ground beef and pork with potatoes, Mexican style (1 cup, 222 g)",food,317.5,28.4,9.2,17.8,1.1,1.3
FNDDS-2021-2023-27311110,"Beef, potatoes, and vegetables including carrots, broccoli, and/or dark-green leafy; no sauce (1 cup, 162 g)","Beef, potatoes, and vegetables including carrots, broccoli, and/or dark-green leafy; no sauce (1 cup, 162 g)",food,204.1,11.2,21.9,8.3,1.9,2.9
FNDDS-2021-2023-27311120,"Beef, potatoes, and vegetables, excluding carrots, broccoli, and dark-green leafy; no sauce (1 cup, 162 g)","Beef, potatoes, and vegetables, excluding carrots, broccoli, and dark-green leafy; no sauce (1 cup, 162 g)",food,212.2,11.3,24.3,8.3,1.8,2.8
FNDDS-2021-2023-27311210,"Corned beef, potatoes, and vegetables including carrots, broccoli, and/or dark-green leafy; no sauce (1 cup, 162 g)","Corned beef, potatoes, and vegetables including carrots, broccoli, and/or dark-green leafy; no sauce (1 cup, 162 g)",food,205.7,7.7,22.2,9.7,2.0,2.9
FNDDS-2021-2023-27311220,"Corned beef, potatoes, and vegetables excluding carrots, broccoli, and dark-green leafy; no sauce (1 cup, 162 g)","Corned beef, potatoes, and vegetables excluding carrots, broccoli, and dark-green leafy; no sauce (1 cup, 162 g)",food,205.7,7.8,24.9,8.7,1.8,2.8
FNDDS-2021-2023-27311310,"Stew, beef, canned (1 cup, 255 g)","Stew, beef, canned (1 cup, 255 g)",food,255.0,12.8,16.7,15.2,2.7,2.8
FNDDS-2021-2023-27311410,"Stew, beef (1 cup, 255 g)","Stew, beef (1 cup, 255 g)",food,272.8,22.3,16.0,12.9,4.0,3.3
FNDDS-2021-2023-27311430,"Stew, beef, with pasta (1 cup, 255 g)","Stew, beef, with pasta (1 cup, 255 g)",food,336.6,24.9,27.5,13.3,2.3,2.8
FNDDS-2021-2023-27311510,"Shepherd's pie (1 slice, any size, 210 g)","Shepherd's pie (1 slice, any size, 210 g)",food,258.3,16.0,18.3,13.2,3.9,3.2
FNDDS-2021-2023-27311600,"Beef, potatoes, and vegetables including carrots, broccoli, and/or dark-green leafy; gravy (1 cup, 252 g)","Beef, potatoes, and vegetables including carrots, broccoli, and/or dark-green leafy; gravy (1 cup, 252 g)",food,325.1,13.2,28.2,18.0,2.4,3.5
FNDDS-2021-2023-27311605,"Beef, potatoes, and vegetables excluding carrots, broccoli, and dark-green leafy; gravy (1 cup, 252 g)","Beef, potatoes, and vegetables excluding carrots, broccoli, and dark-green leafy; gravy (1 cup, 252 g)",food,317.5,13.4,31.2,16.0,2.3,3.3
FNDDS-2021-2023-27311610,"Beef, potatoes, and vegetables including carrots, broccoli, and/or dark-green leafy; cream sauce, white sauce, or mushroom sauce (1 cup, 252 g)","Beef, potatoes, and vegetables including carrots, broccoli, and/or dark-green leafy; cream sauce, white sauce, or mushroom sauce (1 cup, 252 g)",food,320.0,13.3,28.0,17.8,3.3,3.5
FNDDS-2021-2023-27311620,"Beef, potatoes, and vegetables excluding carrots, broccoli, and dark-green leafy; cream sauce, white sauce, or mushroom sauce (1 cup, 252 g)","Beef, potatoes, and vegetables excluding carrots, broccoli, and dark-green leafy; cream sauce, white sauce, or mushroom sauce (1 cup, 252 g)",food,322.6,13.4,30.7,16.9,3.1,3.3
FNDDS-2021-2023-27311625,"Beef, potatoes, and vegetables including carrots, broccoli, and/or dark-green leafy; tomato-based sauce (1 cup, 252 g)","Beef, potatoes, and vegetables including carrots, broccoli, and/or dark-green leafy; tomato-based sauce (1 cup, 252 g)",food,317.5,13.4,28.0,17.5,4.5,4.3
FNDDS-2021-2023-27311630,"Beef, potatoes, and vegetables excluding carrots, broccoli, and dark-green leafy; tomato-based sauce (1 cup, 252 g)","Beef, potatoes, and vegetables excluding carrots, broccoli, and dark-green leafy; tomato-based sauce (1 cup, 252 g)",food,317.5,13.6,31.0,16.5,4.4,4.0
FNDDS-2021-2023-27311635,"Beef, potatoes, and vegetables including carrots, broccoli, and/or dark-green leafy; cheese sauce (1 cup, 252 g)","Beef, potatoes, and vegetables including carrots, broccoli, and/or dark-green leafy; cheese sauce (1 cup, 252 g)",food,320.0,20.5,29.7,13.7,2.4,3.5
FNDDS-2021-2023-27311640,"Beef, potatoes, and vegetables excluding carrots, broccoli, and dark-green leafy; cheese sauce (1 cup, 252 g)","Beef, potatoes, and vegetables excluding carrots, broccoli, and dark-green leafy; cheese sauce (1 cup, 252 g)",food,330.1,20.6,32.8,13.7,2.3,3.3
FNDDS-2021-2023-27311645,"Beef, potatoes, and vegetables including carrots, broccoli, and/or dark-green leafy; soy-based sauce (1 cup, 252 g)","Beef, potatoes, and vegetables including carrots, broccoli, and/or dark-green leafy; soy-based sauce (1 cup, 252 g)",food,375.5,29.7,15.0,22.2,3.4,2.8
FNDDS-2021-2023-27311650,"Beef, potatoes, and vegetables excluding carrots, broccoli, and dark-green leafy; soy-based sauce (1 cup, 252 g)","Beef, potatoes, and vegetables excluding carrots, broccoli, and dark-green leafy; soy-based sauce (1 cup, 252 g)",food,373.0,29.7,14.6,22.2,3.5,2.5
FNDDS-2021-2023-27313010,"Beef, noodles, and vegetables including carrots, broccoli, and/or dark-green leafy; no sauce (1 cup, 162 g)","Beef, noodles, and vegetables including carrots, broccoli, and/or dark-green leafy; no sauce (1 cup, 162 g)",food,239.8,14.1,27.1,8.4,1.5,2.4
FNDDS-2021-2023-27313020,"Beef, noodles, and vegetables excluding carrots, broccoli, and dark-green leafy; no sauce (1 cup, 162 g)","Beef, noodles, and vegetables excluding carrots, broccoli, and dark-green leafy; no sauce (1 cup, 162 g)",food,244.6,14.2,29.6,8.0,1.4,2.3
FNDDS-2021-2023-27313110,"Beef chow mein or chop suey with noodles (1 cup, 220 g)","Beef chow mein or chop suey with noodles (1 cup, 220 g)",food,283.8,23.8,24.6,10.8,3.4,3.3
FNDDS-2021-2023-27313150,"Beef, noodles, and vegetables including carrots, broccoli, and/or dark-green leafy; soy-based sauce (1 cup, 217 g)","Beef, noodles, and vegetables including carrots, broccoli, and/or dark-green leafy; soy-based sauce (1 cup, 217 g)",food,301.6,22.4,16.5,16.4,2.8,2.6
FNDDS-2021-2023-27313160,"Beef, noodles, and vegetables excluding carrots, broccoli, and dark-green leafy; soy-based sauce (1 cup, 217 g)","Beef, noodles, and vegetables excluding carrots, broccoli, and dark-green leafy; soy-based sauce (1 cup, 217 g)",food,301.6,22.6,16.1,16.6,3.0,2.2
FNDDS-2021-2023-27313210,"Beef, noodles, and vegetables including carrots, broccoli, and/or dark-green leafy; tomato-based sauce (1 cup, 249 g)","Beef, noodles, and vegetables including carrots, broccoli, and/or dark-green leafy; tomato-based sauce (1 cup, 249 g)",food,313.7,16.8,34.1,12.6,4.0,3.7
FNDDS-2021-2023-27313220,"Beef, noodles, and vegetables excluding carrots, broccoli, and dark-green leafy; tomato-based sauce (1 cup, 249 g)","Beef, noodles, and vegetables excluding carrots, broccoli, and dark-green leafy; tomato-based sauce (1 cup, 249 g)",food,323.7,16.9,37.1,12.6,3.9,3.5
FNDDS-2021-2023-27313310,"Beef, noodles, and vegetables including carrots, broccoli, and/or dark-green leafy; mushroom sauce (1 cup, 249 g)","Beef, noodles, and vegetables including carrots, broccoli, and/or dark-green leafy; mushroom sauce (1 cup, 249 g)",food,311.2,16.4,33.9,12.6,2.8,3.0
FNDDS-2021-2023-27313320,"Beef, noodles, and vegetables excluding carrots, broccoli, and dark-green leafy; mushroom sauce (1 cup, 249 g)","Beef, noodles, and vegetables excluding carrots, broccoli, and dark-green leafy; mushroom sauce (1 cup, 249 g)",food,321.2,16.5,36.4,12.5,2.7,2.7
FNDDS-2021-2023-27313410,"Beef, noodles, and vegetables including carrots, broccoli, and/or dark-green leafy; gravy (1 cup, 249 g)","Beef, noodles, and vegetables including carrots, broccoli, and/or dark-green leafy; gravy (1 cup, 249 g)",food,316.2,16.6,34.4,12.5,1.9,2.7
FNDDS-2021-2023-27313420,"Beef, noodles, and vegetables excluding carrots, broccoli, and dark-green leafy; gravy (1 cup, 249 g)","Beef, noodles, and vegetables excluding carrots, broccoli, and dark-green leafy; gravy (1 cup, 249 g)",food,326.2,16.6,37.1,12.6,1.7,2.5
FNDDS-2021-2023-27315010,"Beef, rice, and vegetables including carrots, broccoli, and/or dark-green leafy; no sauce (1 cup, 162 g)","Beef, rice, and vegetables including carrots, broccoli, and/or dark-green leafy; no sauce (1 cup, 162 g)",food,241.4,12.2,29.8,7.9,1.1,1.6
FNDDS-2021-2023-27315020,"Beef, rice, and vegetables excluding carrots, broccoli, and dark-green leafy; no sauce (1 cup, 162 g)","Beef, rice, and vegetables excluding carrots, broccoli, and dark-green leafy; no sauce (1 cup, 162 g)",food,241.4,12.3,32.4,6.9,1.0,1.5
FNDDS-2021-2023-27315210,"Beef, rice, and vegetables including carrots, broccoli, and/or dark-green leafy; tomato-based sauce (1 cup, 249 g)","Beef, rice, and vegetables including carrots, broccoli, and/or dark-green leafy; tomato-based sauce (1 cup, 249 g)",food,326.2,14.6,37.1,13.4,3.6,2.7
FNDDS-2021-2023-27315220,"Beef, rice, and vegetables excluding carrots, broccoli, and/or dark-green leafy; tomato-based sauce (1 cup, 249 g)","Beef, rice, and vegetables excluding carrots, broccoli, and/or dark-green leafy; tomato-based sauce (1 cup, 249 g)",food,328.7,14.7,40.1,12.4,3.5,2.5
FNDDS-2021-2023-27315250,"Stuffed cabbage rolls with beef and rice (1 cabbage roll, 103 g)","Stuffed cabbage rolls with beef and rice (1 cabbage roll, 103 g)",food,117.4,8.5,9.1,5.2,3.6,1.3
FNDDS-2021-2023-27315270,"Stuffed grape leaves with beef and rice (1 roll, 21 g)","Stuffed grape leaves with beef and rice (1 roll, 21 g)",food,47.9,1.7,2.4,3.6,0.5,0.7
FNDDS-2021-2023-27315310,"Beef, rice, and vegetables including carrots, broccoli, and/or dark-green leafy; mushroom sauce (1 cup, 249 g)","Beef, rice, and vegetables including carrots, broccoli, and/or dark-green leafy; mushroom sauce (1 cup, 249 g)",food,323.7,14.4,36.6,13.0,2.4,2.2
FNDDS-2021-2023-27315320,"Beef, rice, and vegetables excluding carrots, broccoli, and dark-green leafy; mushroom sauce (1 cup, 249 g)","Beef, rice, and vegetables excluding carrots, broccoli, and dark-green leafy; mushroom sauce (1 cup, 249 g)",food,331.2,14.5,39.1,13.0,2.3,2.0
FNDDS-2021-2023-27315330,"Beef, rice, and vegetables including carrots, broccoli, and/or dark-green leafy; cheese sauce (1 cup, 249 g)","Beef, rice, and vegetables including carrots, broccoli, and/or dark-green leafy; cheese sauce (1 cup, 249 g)",food,366.0,21.4,38.6,13.7,1.4,2.0
FNDDS-2021-2023-27315340,"Beef, rice, and vegetables excluding carrots, broccoli, and dark-green leafy; cheese sauce (1 cup, 249 g)","Beef, rice, and vegetables excluding carrots, broccoli, and dark-green leafy; cheese sauce (1 cup, 249 g)",food,356.1,20.4,39.3,13.0,1.2,1.7
FNDDS-2021-2023-27315410,"Beef, rice, and vegetables including carrots, broccoli, and/or dark-green leafy; gravy (1 cup, 249 g)","Beef, rice, and vegetables including carrots, broccoli, and/or dark-green leafy; gravy (1 cup, 249 g)",food,326.2,14.4,37.4,12.9,1.5,2.0
FNDDS-2021-2023-27315420,"Beef, rice, and vegetables excluding carrots, broccoli, and dark-green leafy; gravy (1 cup, 249 g)","Beef, rice, and vegetables excluding carrots, broccoli, and dark-green leafy; gravy (1 cup, 249 g)",food,336.2,14.4,40.1,12.9,1.3,1.7
FNDDS-2021-2023-27315510,"Beef, rice, and vegetables including carrots, broccoli, and/or dark-green leafy; soy-based sauce (1 cup, 217 g)","Beef, rice, and vegetables including carrots, broccoli, and/or dark-green leafy; soy-based sauce (1 cup, 217 g)",food,310.3,23.0,17.1,16.7,2.8,2.4
FNDDS-2021-2023-27315520,"Beef, rice, and vegetables excluding carrots, broccoli, and dark-green leafy; soy-based sauce (1 cup, 217 g)","Beef, rice, and vegetables excluding carrots, broccoli, and dark-green leafy; soy-based sauce (1 cup, 217 g)",food,314.6,23.7,16.8,17.3,3.0,2.0
FNDDS-2021-2023-27317010,"Pot pie, beef (1 slice, any size, 210 g)","Pot pie, beef (1 slice, any size, 210 g)",food,569.1,18.7,50.4,32.3,7.0,4.2
FNDDS-2021-2023-27317100,"Beef, dumplings, and vegetables including carrots, broccoli, and/or dark-green leafy; gravy (1 cup, 249 g)","Beef, dumplings, and vegetables including carrots, broccoli, and/or dark-green leafy; gravy (1 cup, 249 g)",food,316.2,15.3,29.1,15.8,2.8,2.2
FNDDS-2021-2023-27317110,"Beef, dumplings, and vegetables excluding carrots, broccoli, and dark-green leafy; gravy (1 cup, 249 g)","Beef, dumplings, and vegetables excluding carrots, broccoli, and dark-green leafy; gravy (1 cup, 249 g)",food,323.7,15.4,31.9,15.3,2.7,2.0
FNDDS-2021-2023-27319010,"Stuffed green pepper, Puerto Rican style (1 pepper (3-1/2"" x 3-1/2"" x 2""), 250 g)","Stuffed green pepper, Puerto Rican style (1 pepper (3-1/2"" x 3-1/2"" x 2""), 250 g)",food,380.0,22.2,39.0,14.6,8.7,4.2
FNDDS-2021-2023-27320025,"Ham or pork, noodles and vegetables excluding carrots, broccoli, and dark-green leafy; no sauce (1 cup, 162 g)","Ham or pork, noodles and vegetables excluding carrots, broccoli, and dark-green leafy; no sauce (1 cup, 162 g)",food,244.6,13.6,29.6,8.0,1.4,2.3
FNDDS-2021-2023-27320027,"Ham or pork, noodles, and vegetables including carrots, broccoli, and/or dark-green leafy; no sauce (1 cup, 162 g)","Ham or pork, noodles, and vegetables including carrots, broccoli, and/or dark-green leafy; no sauce (1 cup, 162 g)",food,239.8,13.5,27.1,8.4,1.5,2.4
FNDDS-2021-2023-27320030,"Ham or pork, noodles and vegetables excluding carrots, broccoli, and dark-green leafy; cheese sauce (1 cup, 241 g)","Ham or pork, noodles and vegetables excluding carrots, broccoli, and dark-green leafy; cheese sauce (1 cup, 241 g)",food,373.6,22.1,36.9,15.5,1.7,2.7
FNDDS-2021-2023-27320040,"Pork, potatoes, and vegetables including carrots, broccoli, and/or dark-green leafy; no sauce (1 cup, 162 g)","Pork, potatoes, and vegetables including carrots, broccoli, and/or dark-green leafy; no sauce (1 cup, 162 g)",food,207.4,10.6,21.7,8.8,1.9,2.9
FNDDS-2021-2023-27320070,"Ham or pork, noodles, and vegetables including carrots, broccoli, and/or dark-green leafy; tomato-based sauce (1 cup, 249 g)","Ham or pork, noodles, and vegetables including carrots, broccoli, and/or dark-green leafy; tomato-based sauce (1 cup, 249 g)",food,311.2,16.1,34.4,12.5,4.0,3.7
FNDDS-2021-2023-27320080,"Sausage, noodles, and vegetables excluding carrots, broccoli, and dark-green leafy; tomato-based sauce (1 cup, 249 g)","Sausage, noodles, and vegetables excluding carrots, broccoli, and dark-green leafy; tomato-based sauce (1 cup, 249 g)",food,326.2,13.1,38.1,14.2,4.3,3.5
FNDDS-2021-2023-27320090,"Sausage, noodles, and vegetables including carrots, broccoli, and/or dark-green leafy; tomato-based sauce (1 cup, 249 g)","Sausage, noodles, and vegetables including carrots, broccoli, and/or dark-green leafy; tomato-based sauce (1 cup, 249 g)",food,316.2,13.0,35.4,14.2,4.5,3.7
FNDDS-2021-2023-27320100,"Pork, potatoes, and vegetables including carrots, broccoli, and/or dark-green leafy; tomato-based sauce (1 cup, 252 g)","Pork, potatoes, and vegetables including carrots, broccoli, and/or dark-green leafy; tomato-based sauce (1 cup, 252 g)",food,322.6,12.7,28.2,17.8,4.5,4.3
FNDDS-2021-2023-27320110,"Pork, potatoes, and vegetables excluding carrots, broccoli, and dark-green leafy; tomato-based sauce (1 cup, 252 g)","Pork, potatoes, and vegetables excluding carrots, broccoli, and dark-green leafy; tomato-based sauce (1 cup, 252 g)",food,320.0,12.9,31.0,16.7,4.4,4.0
FNDDS-2021-2023-27320120,"Sausage, potatoes, and vegetables including carrots, broccoli, and/or dark-green leafy; gravy (1 cup, 252 g)","Sausage, potatoes, and vegetables including carrots, broccoli, and/or dark-green leafy; gravy (1 cup, 252 g)",food,322.6,9.4,29.2,19.0,2.8,3.5
FNDDS-2021-2023-27320130,"Sausage, potatoes, and vegetables excluding carrots, broccoli, and dark-green leafy; gravy (1 cup, 252 g)","Sausage, potatoes, and vegetables excluding carrots, broccoli, and dark-green leafy; gravy (1 cup, 252 g)",food,322.6,9.5,32.3,17.9,2.7,3.3
FNDDS-2021-2023-27320140,"Pork, potatoes, and vegetables including carrots, broccoli, and/or dark-green leafy; gravy (1 cup, 252 g)","Pork, potatoes, and vegetables including carrots, broccoli, and/or dark-green leafy; gravy (1 cup, 252 g)",food,317.5,12.5,28.2,17.2,2.4,3.5
FNDDS-2021-2023-27320150,"Pork, potatoes, and vegetables excluding carrots, broccoli, and dark-green leafy; gravy (1 cup, 252 g)","Pork, potatoes, and vegetables excluding carrots, broccoli, and dark-green leafy; gravy (1 cup, 252 g)",food,317.5,12.7,31.2,16.2,2.3,3.3
FNDDS-2021-2023-27320210,"Pork, potatoes, and vegetables excluding carrots, broccoli, and dark-green leafy; no sauce (1 cup, 162 g)","Pork, potatoes, and vegetables excluding carrots, broccoli, and dark-green leafy; no sauce (1 cup, 162 g)",food,215.5,10.7,24.1,8.8,1.8,2.8
FNDDS-2021-2023-27320310,"Pork chow mein or chop suey with noodles (1 cup, 220 g)","Pork chow mein or chop suey with noodles (1 cup, 220 g)",food,314.6,22.9,24.6,14.0,3.4,3.3
FNDDS-2021-2023-27320320,"Pork, rice, and vegetables including carrots, broccoli, and/or dark-green leafy; soy-based sauce (1 cup, 217 g)","Pork, rice, and vegetables including carrots, broccoli, and/or dark-green leafy; soy-based sauce (1 cup, 217 g)",food,312.5,21.6,17.1,17.1,2.8,2.4
FNDDS-2021-2023-27320330,"Pork, rice, and vegetables excluding carrots, broccoli, and dark-green leafy; soy-based sauce (1 cup, 217 g)","Pork, rice, and vegetables excluding carrots, broccoli, and dark-green leafy; soy-based sauce (1 cup, 217 g)",food,319.0,22.1,16.8,17.7,3.0,2.0
FNDDS-2021-2023-27320340,"Pork, rice, and vegetables including carrots, broccoli, and/or dark-green leafy; tomato-based sauce (1 cup, 249 g)","Pork, rice, and vegetables including carrots, broccoli, and/or dark-green leafy; tomato-based sauce (1 cup, 249 g)",food,321.2,14.0,37.4,12.6,3.6,2.7
FNDDS-2021-2023-27320350,"Pork, rice, and vegetables excluding carrots, broccoli, and dark-green leafy; tomato-based sauce (1 cup, 249 g)","Pork, rice, and vegetables excluding carrots, broccoli, and dark-green leafy; tomato-based sauce (1 cup, 249 g)",food,331.2,14.0,40.1,12.6,3.5,2.5
FNDDS-2021-2023-27320410,"Ham, potatoes, and vegetables excluding carrots, broccoli, and dark-green leafy; no sauce (1 cup, 162 g)","Ham, potatoes, and vegetables excluding carrots, broccoli, and dark-green leafy; no sauce (1 cup, 162 g)",food,204.1,9.0,24.3,8.2,1.8,2.8
FNDDS-2021-2023-27320450,"Ham, potatoes, and vegetables including carrots, broccoli, and/or dark-green leafy; no sauce (1 cup, 162 g)","Ham, potatoes, and vegetables including carrots, broccoli, and/or dark-green leafy; no sauce (1 cup, 162 g)",food,207.4,8.9,21.7,9.6,1.9,2.9
FNDDS-2021-2023-27320500,"Sweet and sour pork with rice (1 cup, 244 g)","Sweet and sour pork with rice (1 cup, 244 g)",food,456.3,23.9,40.3,21.5,17.7,1.5
FNDDS-2021-2023-27330050,"Lamb or mutton, rice, and vegetables excluding carrots, broccoli, and dark-green leafy; gravy (1 cup, 252 g)","Lamb or mutton, rice, and vegetables excluding carrots, broccoli, and dark-green leafy; gravy (1 cup, 252 g)",food,342.7,12.7,41.1,13.9,1.4,1.8
FNDDS-2021-2023-27330060,"Lamb or mutton, rice, and vegetables including carrots, broccoli, and/or dark-green leafy; tomato-based sauce (1 cup, 252 g)","Lamb or mutton, rice, and vegetables including carrots, broccoli, and/or dark-green leafy; tomato-based sauce (1 cup, 252 g)",food,327.6,12.9,38.3,13.4,3.7,2.8
FNDDS-2021-2023-27330080,"Lamb or mutton, rice, and vegetables  including carrots, broccoli, and/or dark-green leafy; gravy (1 cup, 252 g)","Lamb or mutton, rice, and vegetables  including carrots, broccoli, and/or dark-green leafy; gravy (1 cup, 252 g)",food,335.2,12.7,38.3,13.9,1.5,2.0
FNDDS-2021-2023-27330170,"Stuffed grape leaves with lamb and rice (1 roll, 21 g)","Stuffed grape leaves with lamb and rice (1 roll, 21 g)",food,56.9,1.7,2.5,4.5,0.5,0.7
FNDDS-2021-2023-27330210,"Stew, lamb (1 cup, 255 g)","Stew, lamb (1 cup, 255 g)",food,298.3,20.9,16.0,16.3,4.0,3.3
FNDDS-2021-2023-27335500,"Stewed rabbit, Puerto Rican style, (1 cup, boneless, 219 g)","Stewed rabbit, Puerto Rican style, (1 cup, boneless, 219 g)",food,468.7,37.4,15.0,27.8,2.0,2.2
FNDDS-2021-2023-27336200,"Venison or deer, potatoes, and vegetables including carrots, broccoli, and/or dark-green leafy; gravy (1 cup, 252 g)","Venison or deer, potatoes, and vegetables including carrots, broccoli, and/or dark-green leafy; gravy (1 cup, 252 g)",food,320.0,15.0,28.2,16.4,2.4,3.5
FNDDS-2021-2023-27336250,"Venison or deer, potatoes, and vegetables excluding carrots, broccoli, and dark-green leafy; gravy (1 cup, 252 g)","Venison or deer, potatoes, and vegetables excluding carrots, broccoli, and dark-green leafy; gravy (1 cup, 252 g)",food,320.0,15.1,31.0,15.4,2.3,3.3
FNDDS-2021-2023-27336300,"Venison or deer, noodles, and vegetables including carrots, broccoli, and/or dark-green leafy; tomato-based sauce (1 cup, 249 g)","Venison or deer, noodles, and vegetables including carrots, broccoli, and/or dark-green leafy; tomato-based sauce (1 cup, 249 g)",food,323.7,18.5,33.9,12.7,4.0,3.7
FNDDS-2021-2023-27336310,"Venison or deer, noodles, and vegetables excluding carrots, broccoli, and dark-green leafy; tomato-based sauce (1 cup, 249 g)","Venison or deer, noodles, and vegetables excluding carrots, broccoli, and dark-green leafy; tomato-based sauce (1 cup, 249 g)",food,333.7,18.6,36.9,12.7,3.9,3.5
FNDDS-2021-2023-27341000,"Chicken or turkey, potatoes, corn, and cheese, with gravy (1 KFC Bowl, 531 g)","Chicken or turkey, potatoes, corn, and cheese, with gravy (1 KFC Bowl, 531 g)",food,653.1,23.9,70.6,32.4,5.3,5.8
FNDDS-2021-2023-27341010,"Chicken or turkey, potatoes, and vegetables including carrots, broccoli, and/or dark-green leafy; no sauce (1 cup, 162 g)","Chicken or turkey, potatoes, and vegetables including carrots, broccoli, and/or dark-green leafy; no sauce (1 cup, 162 g)",food,209.0,10.0,21.5,9.7,1.9,2.9
FNDDS-2021-2023-27341020,"Chicken or turkey, potatoes, and vegetables excluding carrots, broccoli, and dark-green leafy; no sauce (1 cup, 162 g)","Chicken or turkey, potatoes, and vegetables excluding carrots, broccoli, and dark-green leafy; no sauce (1 cup, 162 g)",food,213.8,10.1,24.0,9.2,1.8,2.8
FNDDS-2021-2023-27341025,"Chicken or turkey, potatoes, and vegetables including carrots, broccoli, and/or dark-green leafy; gravy (1 cup, 252 g)","Chicken or turkey, potatoes, and vegetables including carrots, broccoli, and/or dark-green leafy; gravy (1 cup, 252 g)",food,310.0,11.9,28.2,17.2,2.4,3.5
FNDDS-2021-2023-27341030,"Chicken or turkey, potatoes, and vegetables excluding carrots, broccoli, and dark-green leafy; gravy (1 cup, 252 g)","Chicken or turkey, potatoes, and vegetables excluding carrots, broccoli, and dark-green leafy; gravy (1 cup, 252 g)",food,320.0,12.0,31.0,17.2,2.2,3.3
FNDDS-2021-2023-27341035,"Chicken or turkey, potatoes, and vegetables including carrots, broccoli, and/or dark-green leafy; cream sauce, white sauce, or mushroom sauce (1 cup, 252 g)","Chicken or turkey, potatoes, and vegetables including carrots, broccoli, and/or dark-green leafy; cream sauce, white sauce, or mushroom sauce (1 cup, 252 g)",food,317.5,12.1,28.0,17.9,3.3,3.5
FNDDS-2021-2023-27341040,"Chicken or turkey, potatoes, and vegetables excluding carrots, broccoli, and dark-green leafy; cream sauce, white sauce, or mushroom sauce (1 cup, 252 g)","Chicken or turkey, potatoes, and vegetables excluding carrots, broccoli, and dark-green leafy; cream sauce, white sauce, or mushroom sauce (1 cup, 252 g)",food,317.5,12.2,30.5,17.0,3.1,3.3
FNDDS-2021-2023-27341045,"Chicken or turkey, potatoes, and vegetables including carrots, broccoli, and/or dark-green leafy; cheese sauce (1 cup, 252 g)","Chicken or turkey, potatoes, and vegetables including carrots, broccoli, and/or dark-green leafy; cheese sauce (1 cup, 252 g)",food,325.1,19.0,29.5,14.9,2.4,3.5
FNDDS-2021-2023-27341050,"Chicken or turkey, potatoes, and vegetables excluding carrots, broccoli, and dark-green leafy; cheese sauce (1 cup, 252 g)","Chicken or turkey, potatoes, and vegetables excluding carrots, broccoli, and dark-green leafy; cheese sauce (1 cup, 252 g)",food,335.2,19.1,32.5,14.9,2.3,3.3
FNDDS-2021-2023-27341055,"Chicken or turkey, potatoes, and vegetables including carrots, broccoli, and/or dark-green leafy; tomato-based sauce (1 cup, 252 g)","Chicken or turkey, potatoes, and vegetables including carrots, broccoli, and/or dark-green leafy; tomato-based sauce (1 cup, 252 g)",food,312.5,12.1,28.0,17.7,4.5,4.3
FNDDS-2021-2023-27341060,"Chicken or turkey, potatoes, and vegetables excluding carrots, broccoli, and dark-green leafy; tomato-based sauce (1 cup, 252 g)","Chicken or turkey, potatoes, and vegetables excluding carrots, broccoli, and dark-green leafy; tomato-based sauce (1 cup, 252 g)",food,322.6,12.2,30.7,17.7,4.3,4.0
FNDDS-2021-2023-27341330,"Stew, chicken, with pasta (1 cup, 255 g)","Stew, chicken, with pasta (1 cup, 255 g)",food,275.4,26.0,27.5,6.3,2.3,2.8
FNDDS-2021-2023-27341520,"Stew, chicken (1 cup, 255 g)","Stew, chicken (1 cup, 255 g)",food,214.2,23.6,16.0,6.0,4.0,3.3
FNDDS-2021-2023-27343010,"Chicken or turkey, noodles, and vegetables including carrots, broccoli, and/or dark-green leafy; no sauce (1 cup, 162 g)","Chicken or turkey, noodles, and vegetables including carrots, broccoli, and/or dark-green leafy; no sauce (1 cup, 162 g)",food,238.1,12.9,26.9,8.8,1.5,2.4
FNDDS-2021-2023-27343020,"Chicken or turkey, noodles, and vegetables excluding carrots, broccoli, and dark-green leafy; no sauce (1 cup, 162 g)","Chicken or turkey, noodles, and vegetables excluding carrots, broccoli, and dark-green leafy; no sauce (1 cup, 162 g)",food,244.6,13.0,29.3,8.8,1.3,2.3
FNDDS-2021-2023-27343410,"Chicken or turkey, noodles, and vegetables including carrots, broccoli, and/or dark-green leafy; gravy (1 cup, 224 g)","Chicken or turkey, noodles, and vegetables including carrots, broccoli, and/or dark-green leafy; gravy (1 cup, 224 g)",food,289.0,13.6,30.7,12.6,1.7,2.5
FNDDS-2021-2023-27343420,"Chicken or turkey, noodles, and vegetables excluding carrots, broccoli, and dark-green leafy; gravy (1 cup, 224 g)","Chicken or turkey, noodles, and vegetables excluding carrots, broccoli, and dark-green leafy; gravy (1 cup, 224 g)",food,291.2,13.7,33.4,11.6,1.6,2.2
FNDDS-2021-2023-27343470,"Chicken or turkey, noodles, and vegetables including carrots, broccoli, and/or dark-green leafy; cream sauce, white sauce, or mushroom sauce (1 cup, 224 g)","Chicken or turkey, noodles, and vegetables including carrots, broccoli, and/or dark-green leafy; cream sauce, white sauce, or mushroom sauce (1 cup, 224 g)",food,286.7,13.6,30.2,12.6,2.5,2.7
FNDDS-2021-2023-27343480,"Chicken or turkey, noodles, and vegetables excluding carrots, broccoli, and/or dark-green leafy; cream sauce, white sauce, or mushroom sauce (1 cup, 224 g)","Chicken or turkey, noodles, and vegetables excluding carrots, broccoli, and/or dark-green leafy; cream sauce, white sauce, or mushroom sauce (1 cup, 224 g)",food,295.7,13.6,32.5,12.6,2.4,2.5
FNDDS-2021-2023-27343510,"Chicken or turkey, noodles, and vegetables including carrots, broccoli, and/or dark-green leafy; tomato-based sauce (1 cup, 224 g)","Chicken or turkey, noodles, and vegetables including carrots, broccoli, and/or dark-green leafy; tomato-based sauce (1 cup, 224 g)",food,291.2,13.8,30.5,13.1,3.6,3.4
FNDDS-2021-2023-27343520,"Chicken or turkey, noodles, and vegetables excluding carrots, broccoli, and dark-green leafy; tomato-based sauce (1 cup, 224 g)","Chicken or turkey, noodles, and vegetables excluding carrots, broccoli, and dark-green leafy; tomato-based sauce (1 cup, 224 g)",food,300.2,13.9,32.9,13.1,3.5,3.1
FNDDS-2021-2023-27343910,"Chicken or turkey chow mein or chop suey with noodles (1 cup, 220 g)","Chicken or turkey chow mein or chop suey with noodles (1 cup, 220 g)",food,288.2,21.8,24.6,11.9,3.4,3.3
FNDDS-2021-2023-27343950,"Chicken or turkey, noodles, and vegetables including carrots, broccoli, and/or dark-green leafy; cheese sauce (1 cup, 244 g)","Chicken or turkey, noodles, and vegetables including carrots, broccoli, and/or dark-green leafy; cheese sauce (1 cup, 244 g)",food,353.8,21.7,34.6,14.6,1.8,2.7
FNDDS-2021-2023-27343960,"Chicken or turkey, noodles, and vegetables excluding carrots, broccoli, and dark-green leafy; cheese sauce (1 cup, 244 g)","Chicken or turkey, noodles, and vegetables excluding carrots, broccoli, and dark-green leafy; cheese sauce (1 cup, 244 g)",food,363.6,21.8,37.3,14.6,1.7,2.7
FNDDS-2021-2023-27345010,"Chicken or turkey, rice, and vegetables including carrots, broccoli, and/or dark-green leafy; no sauce (1 cup, 162 g)","Chicken or turkey, rice, and vegetables including carrots, broccoli, and/or dark-green leafy; no sauce (1 cup, 162 g)",food,243.0,11.0,29.5,8.9,1.1,1.6
FNDDS-2021-2023-27345020,"Chicken or turkey, rice, and vegetables excluding carrots, broccoli, and dark-green leafy; no sauce (1 cup, 162 g)","Chicken or turkey, rice, and vegetables excluding carrots, broccoli, and dark-green leafy; no sauce (1 cup, 162 g)",food,244.6,11.1,32.1,8.0,1.0,1.5
FNDDS-2021-2023-27345210,"Chicken or turkey, rice, and vegetables including carrots, broccoli, and/or dark-green leafy; gravy (1 cup, 252 g)","Chicken or turkey, rice, and vegetables including carrots, broccoli, and/or dark-green leafy; gravy (1 cup, 252 g)",food,332.6,13.1,37.5,14.3,1.5,2.0
FNDDS-2021-2023-27345220,"Chicken or turkey, rice, and vegetables excluding carrots, broccoli, and dark-green leafy; gravy (1 cup, 252 g)","Chicken or turkey, rice, and vegetables excluding carrots, broccoli, and dark-green leafy; gravy (1 cup, 252 g)",food,340.2,13.2,40.3,13.8,1.4,1.8
FNDDS-2021-2023-27345230,"Chicken or turkey, rice, corn, and cheese, with gravy (1 KFC Bowl, 384 g)","Chicken or turkey, rice, corn, and cheese, with gravy (1 KFC Bowl, 384 g)",food,572.2,21.6,55.3,30.1,3.9,2.7
FNDDS-2021-2023-27345310,"Chicken or turkey, rice, and vegetables including carrots, broccoli, and/or dark-green leafy; soy-based sauce (1 cup, 217 g)","Chicken or turkey, rice, and vegetables including carrots, broccoli, and/or dark-green leafy; soy-based sauce (1 cup, 217 g)",food,284.3,20.3,17.3,15.0,3.0,2.4
FNDDS-2021-2023-27345320,"Chicken or turkey, rice, and vegetables excluding carrots, broccoli, and dark-green leafy; soy-based sauce (1 cup, 217 g)","Chicken or turkey, rice, and vegetables excluding carrots, broccoli, and dark-green leafy; soy-based sauce (1 cup, 217 g)",food,288.6,20.9,16.9,15.5,3.1,2.0
FNDDS-2021-2023-27345410,"Chicken or turkey, rice, and vegetables including carrots, broccoli, and/or dark-green leafy; cream sauce, white sauce, or mushroom sauce (1 cup, 252 g)","Chicken or turkey, rice, and vegetables including carrots, broccoli, and/or dark-green leafy; cream sauce, white sauce, or mushroom sauce (1 cup, 252 g)",food,330.1,13.3,36.8,14.3,2.4,2.0
FNDDS-2021-2023-27345420,"Chicken or turkey, rice, and vegetables excluding carrots, broccoli, and dark-green leafy; cream sauce, white sauce, or mushroom sauce (1 cup, 252 g)","Chicken or turkey, rice, and vegetables excluding carrots, broccoli, and dark-green leafy; cream sauce, white sauce, or mushroom sauce (1 cup, 252 g)",food,330.1,13.4,39.6,13.3,2.3,2.0
FNDDS-2021-2023-27345440,"Chicken or turkey, rice, and vegetables including carrots, broccoli, and/or dark-green leafy; cheese sauce (1 cup, 249 g)","Chicken or turkey, rice, and vegetables including carrots, broccoli, and/or dark-green leafy; cheese sauce (1 cup, 249 g)",food,353.6,20.0,38.6,12.8,1.4,2.0
FNDDS-2021-2023-27345450,"Chicken or turkey, rice, and vegetables excluding carrots, broccoli, and dark-green leafy; cheese sauce (1 cup, 249 g)","Chicken or turkey, rice, and vegetables excluding carrots, broccoli, and dark-green leafy; cheese sauce (1 cup, 249 g)",food,363.5,20.1,41.6,12.8,1.3,1.7
FNDDS-2021-2023-27345510,"Chicken or turkey, rice, and vegetables including carrots, broccoli, and/or dark-green leafy; tomato-based sauce (1 cup, 249 g)","Chicken or turkey, rice, and vegetables including carrots, broccoli, and/or dark-green leafy; tomato-based sauce (1 cup, 249 g)",food,323.7,13.2,36.9,13.6,3.6,2.7
FNDDS-2021-2023-27345520,"Chicken or turkey, rice, and vegetables excluding carrots, broccoli, and dark-green leafy; tomato-based sauce (1 cup, 249 g)","Chicken or turkey, rice, and vegetables excluding carrots, broccoli, and dark-green leafy; tomato-based sauce (1 cup, 249 g)",food,331.2,13.3,39.6,13.6,3.5,2.5
FNDDS-2021-2023-27347100,"Pot pie, chicken (1 slice, any size, 210 g)","Pot pie, chicken (1 slice, any size, 210 g)",food,535.5,19.4,50.4,28.4,7.0,4.2
FNDDS-2021-2023-27347200,"Chicken or turkey, stuffing, and vegetables including carrots, broccoli, and/or dark-green leafy; no sauce (1 cup, 162 g)","Chicken or turkey, stuffing, and vegetables including carrots, broccoli, and/or dark-green leafy; no sauce (1 cup, 162 g)",food,257.6,11.5,21.5,14.2,3.2,2.1
FNDDS-2021-2023-27347210,"Chicken or turkey,stuffing, and vegetables excluding carrots, broccoli, and dark green leafy; no sauce (1 cup, 162 g)","Chicken or turkey,stuffing, and vegetables excluding carrots, broccoli, and dark green leafy; no sauce (1 cup, 162 g)",food,267.3,11.6,24.0,14.2,3.0,1.9
FNDDS-2021-2023-27347220,"Chicken or turkey, stuffing, and vegetables including carrots, broccoli, and/or dark-green leafy; gravy (1 cup, 244 g)","Chicken or turkey, stuffing, and vegetables including carrots, broccoli, and/or dark-green leafy; gravy (1 cup, 244 g)",food,319.6,13.3,27.6,17.5,3.7,2.4
FNDDS-2021-2023-27347230,"Chicken or turkey, stuffing, and vegetables excluding carrots, broccoli, and dark-green leafy; gravy (1 cup, 244 g)","Chicken or turkey, stuffing, and vegetables excluding carrots, broccoli, and dark-green leafy; gravy (1 cup, 244 g)",food,312.3,12.7,28.8,16.6,3.4,2.0
FNDDS-2021-2023-27347240,"Chicken or turkey, dumplings, and vegetables including carrots, broccoli, and/or dark green leafy; gravy (1 cup, 249 g)","Chicken or turkey, dumplings, and vegetables including carrots, broccoli, and/or dark green leafy; gravy (1 cup, 249 g)",food,316.2,13.9,28.9,16.5,2.8,2.2
FNDDS-2021-2023-27347250,"Chicken or turkey, dumplings, and vegetables excluding carrots, broccoli, and dark green leafy; gravy (1 cup, 249 g)","Chicken or turkey, dumplings, and vegetables excluding carrots, broccoli, and dark green leafy; gravy (1 cup, 249 g)",food,318.7,14.1,31.9,15.5,2.6,2.0
FNDDS-2021-2023-27348100,"Chicken fricassee, Puerto Rican style (1 cup, boneless, 223 g)","Chicken fricassee, Puerto Rican style (1 cup, boneless, 223 g)",food,383.6,27.0,16.0,23.6,2.8,2.7
FNDDS-2021-2023-27350020,"Paella with seafood (1 cup, 240 g)","Paella with seafood (1 cup, 240 g)",food,343.2,19.3,39.4,11.4,2.2,1.7
FNDDS-2021-2023-27350050,"Shrimp chow mein or chop suey with noodles (1 cup, 220 g)","Shrimp chow mein or chop suey with noodles (1 cup, 220 g)",food,257.4,19.9,25.1,8.9,3.3,3.3
FNDDS-2021-2023-27350060,"Shrimp creole, with rice (1 cup, 243 g)","Shrimp creole, with rice (1 cup, 243 g)",food,298.9,24.5,28.9,8.8,2.3,1.9
FNDDS-2021-2023-27350080,"Tuna noodle casserole with vegetables, cream or white sauce (1 cup, 224 g)","Tuna noodle casserole with vegetables, cream or white sauce (1 cup, 224 g)",food,333.8,20.1,31.8,13.9,5.3,2.0
FNDDS-2021-2023-27350090,"Fish, noodles, and vegetables including carrots, broccoli, and/or dark green leafy; cheese sauce (1 cup, 244 g)","Fish, noodles, and vegetables including carrots, broccoli, and/or dark green leafy; cheese sauce (1 cup, 244 g)",food,334.3,20.4,34.6,12.7,1.8,2.7
FNDDS-2021-2023-27350100,"Fish, noodles, and vegetables excluding carrots, broccoli, and dark-green leafy; cheese sauce (1 cup, 244 g)","Fish, noodles, and vegetables excluding carrots, broccoli, and dark-green leafy; cheese sauce (1 cup, 244 g)",food,344.0,20.5,37.3,12.7,1.7,2.7
FNDDS-2021-2023-27350110,"Soup, bouillabaisse (1 cup, 255 g)","Soup, bouillabaisse (1 cup, 255 g)",food,170.8,21.0,4.1,7.8,1.8,0.8
FNDDS-2021-2023-27350410,"Tuna noodle casserole with vegetables and mushroom sauce (1 cup, 224 g)","Tuna noodle casserole with vegetables and mushroom sauce (1 cup, 224 g)",food,277.8,18.2,29.1,10.0,3.3,2.2
FNDDS-2021-2023-27351010,"Codfish with starchy vegetables, Puerto Rican style (1 cup, 173 g)","Codfish with starchy vegetables, Puerto Rican style (1 cup, 173 g)",food,233.6,6.1,32.0,9.4,5.1,4.7
FNDDS-2021-2023-27351040,"Biscayne codfish, Puerto Rican style (1 cup, 175 g)","Biscayne codfish, Puerto Rican style (1 cup, 175 g)",food,332.5,16.1,19.4,21.3,3.2,3.3
FNDDS-2021-2023-27360120,"Chow mein or chop suey, various types of meat, with noodles (1 cup, 220 g)","Chow mein or chop suey, various types of meat, with noodles (1 cup, 220 g)",food,294.8,22.9,24.6,12.3,3.4,3.3
FNDDS-2021-2023-27362000,"Stewed tripe, with potatoes, Puerto Rican style (1 cup, 280 g)","Stewed tripe, with potatoes, Puerto Rican style (1 cup, 280 g)",food,305.2,24.0,26.6,11.3,5.7,4.5
FNDDS-2021-2023-27363000,"Gumbo with rice (1 cup, 244 g)","Gumbo with rice (1 cup, 244 g)",food,217.2,19.9,16.0,8.4,4.1,2.2
FNDDS-2021-2023-27363100,"Jambalaya with meat and rice (1 cup, 244 g)","Jambalaya with meat and rice (1 cup, 244 g)",food,392.8,33.7,21.1,19.4,2.3,1.7
FNDDS-2021-2023-27410210,"Beef and vegetables including carrots, broccoli, and/or dark-green leafy; no potatoes, no sauce (1 cup, 162 g)","Beef and vegetables including carrots, broccoli, and/or dark-green leafy; no potatoes, no sauce (1 cup, 162 g)",food,187.9,18.5,4.9,10.9,2.1,2.3
FNDDS-2021-2023-27410220,"Beef and vegetables excluding carrots, broccoli, and dark-green leafy; no potatoes, no sauce (1 cup, 162 g)","Beef and vegetables excluding carrots, broccoli, and dark-green leafy; no potatoes, no sauce (1 cup, 162 g)",food,196.0,16.2,8.4,11.5,1.6,1.8
FNDDS-2021-2023-27410250,"Beef shish kabob with vegetables, excluding potatoes (1 shishkabob, 202 g)","Beef shish kabob with vegetables, excluding potatoes (1 shishkabob, 202 g)",food,246.4,29.9,10.2,9.9,4.8,1.6
FNDDS-2021-2023-27411100,"Beef with vegetables including carrots, broccoli, and/or dark-green leafy; no potatoes, tomato-based sauce (1 cup, 249 g)","Beef with vegetables including carrots, broccoli, and/or dark-green leafy; no potatoes, tomato-based sauce (1 cup, 249 g)",food,273.9,20.5,11.2,17.4,6.2,4.2
FNDDS-2021-2023-27411120,"Swiss steak (1 cup, 249 g)","Swiss steak (1 cup, 249 g)",food,286.4,38.6,9.1,11.0,3.0,2.2
FNDDS-2021-2023-27411150,"Beef rolls, stuffed with vegetables or meat mixture, tomato-based sauce (1 beef roll, 134 g)","Beef rolls, stuffed with vegetables or meat mixture, tomato-based sauce (1 beef roll, 134 g)",food,261.3,27.6,8.9,12.2,1.6,0.9
FNDDS-2021-2023-27411200,"Beef with vegetables excluding carrots, broccoli, and dark-green leafy; no potatoes, tomato-based sauce (1 cup, 249 g)","Beef with vegetables excluding carrots, broccoli, and dark-green leafy; no potatoes, tomato-based sauce (1 cup, 249 g)",food,286.4,19.1,14.8,17.9,5.6,3.5
FNDDS-2021-2023-27414100,"Beef with vegetables including carrots, broccoli, and/or dark-green leafy; no potatoes, mushroom sauce (1 cup, 252 g)","Beef with vegetables including carrots, broccoli, and/or dark-green leafy; no potatoes, mushroom sauce (1 cup, 252 g)",food,289.8,19.7,13.2,18.0,4.0,2.8
FNDDS-2021-2023-27414200,"Beef with vegetables excluding carrots, broccoli, and dark-green leafy; no potatoes, mushroom sauce (1 cup, 252 g)","Beef with vegetables excluding carrots, broccoli, and dark-green leafy; no potatoes, mushroom sauce (1 cup, 252 g)",food,304.9,19.8,17.6,18.0,3.8,2.5
FNDDS-2021-2023-27415100,"Beef and vegetables including carrots, broccoli, and/or dark-green leafy; no potatoes, soy-based sauce (1 cup, 217 g)","Beef and vegetables including carrots, broccoli, and/or dark-green leafy; no potatoes, soy-based sauce (1 cup, 217 g)",food,312.5,25.4,10.1,19.1,3.3,2.6
FNDDS-2021-2023-27415110,"Beef and broccoli (1 cup, 217 g)","Beef and broccoli (1 cup, 217 g)",food,347.2,22.6,11.0,23.0,2.7,2.8
FNDDS-2021-2023-27415120,"Beef, tofu, and vegetables including carrots, broccoli, and/or dark-green leafy; no potatoes, soy-based sauce (1 cup, 217 g)","Beef, tofu, and vegetables including carrots, broccoli, and/or dark-green leafy; no potatoes, soy-based sauce (1 cup, 217 g)",food,249.5,15.8,10.3,16.7,3.5,2.6
FNDDS-2021-2023-27415130,"Szechuan beef (1 cup, 217 g)","Szechuan beef (1 cup, 217 g)",food,227.8,15.4,15.8,11.5,5.2,3.3
FNDDS-2021-2023-27415140,"Hunan beef (1 cup, 217 g)","Hunan beef (1 cup, 217 g)",food,227.8,15.4,15.8,11.5,5.2,3.3
FNDDS-2021-2023-27415150,"Beef chow mein or chop suey, no noodles (1 cup, 220 g)","Beef chow mein or chop suey, no noodles (1 cup, 220 g)",food,180.4,23.8,8.5,5.7,3.9,1.8
FNDDS-2021-2023-27415170,"Kung Pao beef (1 cup, 162 g)","Kung Pao beef (1 cup, 162 g)",food,349.9,29.0,7.4,23.3,2.3,1.6
FNDDS-2021-2023-27415200,"Beef and vegetables excluding carrots, broccoli, and dark-green leafy; no potatoes, soy-based sauce (1 cup, 217 g)","Beef and vegetables excluding carrots, broccoli, and dark-green leafy; no potatoes, soy-based sauce (1 cup, 217 g)",food,319.0,26.3,9.4,19.9,3.4,2.2
FNDDS-2021-2023-27415220,"Beef, tofu, and vegetables excluding carrots, broccoli,  and dark-green leafy; no potatoes, soy-based sauce (1 cup, 217 g)","Beef, tofu, and vegetables excluding carrots, broccoli,  and dark-green leafy; no potatoes, soy-based sauce (1 cup, 217 g)",food,253.9,16.3,9.7,17.3,3.6,2.2
FNDDS-2021-2023-27416100,"Beef and vegetables, Hawaiian style (1 cup, 252 g)","Beef and vegetables, Hawaiian style (1 cup, 252 g)",food,234.4,12.1,35.8,5.6,14.1,4.5
FNDDS-2021-2023-27416150,"Pepper steak (1 cup, 217 g)","Pepper steak (1 cup, 217 g)",food,314.6,25.8,9.4,19.8,3.6,1.5
FNDDS-2021-2023-27416200,"Beef, ground, with egg and onion (1 cup, 190 g)","Beef, ground, with egg and onion (1 cup, 190 g)",food,433.2,41.6,2.0,27.5,1.0,0.2
FNDDS-2021-2023-27416250,"Beef salad (1 cup, 182 g)","Beef salad (1 cup, 182 g)",food,475.0,32.4,5.3,35.1,3.8,0.7
FNDDS-2021-2023-27416300,"Beef taco filling: beef, cheese, tomato, taco sauce (1 cup, 204 g)","Beef taco filling: beef, cheese, tomato, taco sauce (1 cup, 204 g)",food,369.2,26.5,13.0,23.1,8.3,1.8
FNDDS-2021-2023-27416400,"Stir fried beef and vegetables in soy sauce (1 cup, 162 g)","Stir fried beef and vegetables in soy sauce (1 cup, 162 g)",food,165.2,17.3,7.2,7.8,4.2,1.6
FNDDS-2021-2023-27416450,"Beef and vegetables including carrots, broccoli, and/or dark-green leafy; no potatoes, gravy (1 cup, 252 g)","Beef and vegetables including carrots, broccoli, and/or dark-green leafy; no potatoes, gravy (1 cup, 252 g)",food,289.8,20.3,11.3,18.5,2.5,2.5
FNDDS-2021-2023-27416500,"Beef and vegetables excluding carrots, broccoli, and dark-green leafy; no potatoes, gravy (1 cup, 252 g)","Beef and vegetables excluding carrots, broccoli, and dark-green leafy; no potatoes, gravy (1 cup, 252 g)",food,307.4,20.4,16.3,18.5,2.3,2.3
FNDDS-2021-2023-27418410,"Beef steak with onions, Puerto Rican style (1 cup, 179 g)","Beef steak with onions, Puerto Rican style (1 cup, 179 g)",food,574.6,37.4,7.0,43.1,2.8,1.3
FNDDS-2021-2023-27420010,"Cabbage with ham hocks (1 cup, 200 g)","Cabbage with ham hocks (1 cup, 200 g)",food,150.0,15.5,9.8,5.2,5.4,3.4
FNDDS-2021-2023-27420020,"Ham or pork salad (1 cup, 182 g)","Ham or pork salad (1 cup, 182 g)",food,418.6,24.2,5.2,32.9,3.7,0.7
FNDDS-2021-2023-27420040,"Frankfurters or hot dogs and sauerkraut (1 frankfurter with sauerkraut, 120 g)","Frankfurters or hot dogs and sauerkraut (1 frankfurter with sauerkraut, 120 g)",food,237.6,9.1,4.1,20.8,1.8,1.3
FNDDS-2021-2023-27420060,"Pork and vegetables including carrots, broccoli, and/or dark-green leafy; no potatoes, no sauce (1 cup, 162 g)","Pork and vegetables including carrots, broccoli, and/or dark-green leafy; no potatoes, no sauce (1 cup, 162 g)",food,199.3,18.1,5.1,11.8,2.2,2.4
FNDDS-2021-2023-27420080,"Greens with ham or pork (1 cup, 144 g)","Greens with ham or pork (1 cup, 144 g)",food,67.7,7.1,6.7,2.0,1.2,5.2
FNDDS-2021-2023-27420100,"Pork, tofu, and vegetables including carrots, broccoli, and/or dark-green leafy; no potatoes, soy-base sauce (1 cup, 217 g)","Pork, tofu, and vegetables including carrots, broccoli, and/or dark-green leafy; no potatoes, soy-base sauce (1 cup, 217 g)",food,251.7,15.2,10.3,16.9,3.5,2.6
FNDDS-2021-2023-27420110,"Pork and vegetables, Hawaiian style (1 cup, 252 g)","Pork and vegetables, Hawaiian style (1 cup, 252 g)",food,224.3,18.7,17.6,9.2,5.6,4.8
FNDDS-2021-2023-27420120,"Pork and watercress with soy-based sauce (1 cup, 162 g)","Pork and watercress with soy-based sauce (1 cup, 162 g)",food,307.8,24.1,5.4,20.6,1.7,0.8
FNDDS-2021-2023-27420150,"Kung Pao pork (1 cup, 162 g)","Kung Pao pork (1 cup, 162 g)",food,354.8,27.4,7.4,24.0,2.3,1.6
FNDDS-2021-2023-27420160,"Moo Shu pork, without Chinese pancake (1 cup, 151 g)","Moo Shu pork, without Chinese pancake (1 cup, 151 g)",food,231.0,15.7,6.1,16.2,2.7,1.4
FNDDS-2021-2023-27420170,"Pork and onions with soy-based sauce (1 cup, 256 g)","Pork and onions with soy-based sauce (1 cup, 256 g)",food,381.4,28.4,13.9,23.4,5.6,2.0
FNDDS-2021-2023-27420200,"Pork hash (1 cup, 190 g)","Pork hash (1 cup, 190 g)",food,353.4,24.5,3.7,26.0,1.1,0.9
FNDDS-2021-2023-27420250,"Ham and vegetables including carrots broccoli, and/or dark- green leafy; no potatoes, no sauce (1 cup, 162 g)","Ham and vegetables including carrots broccoli, and/or dark- green leafy; no potatoes, no sauce (1 cup, 162 g)",food,186.3,12.1,4.2,13.4,1.8,1.9
FNDDS-2021-2023-27420270,"Ham and vegetables excluding carrots, broccoli, and dark-green leafy; no potatoes, no sauce (1 cup, 162 g)","Ham and vegetables excluding carrots, broccoli, and dark-green leafy; no potatoes, no sauce (1 cup, 162 g)",food,194.4,12.2,8.3,12.7,1.6,1.8
FNDDS-2021-2023-27420350,"Pork and vegetables excluding carrots, broccoli, and dark-green leafy; no potatoes, no sauce (1 cup, 162 g)","Pork and vegetables excluding carrots, broccoli, and dark-green leafy; no potatoes, no sauce (1 cup, 162 g)",food,200.9,16.4,8.9,11.4,1.7,1.9
FNDDS-2021-2023-27420370,"Pork, tofu, and vegetables, excluding carrots, broccoli, and dark-green leafy; no potatoes, soy-based sauce (1 cup, 217 g)","Pork, tofu, and vegetables, excluding carrots, broccoli, and dark-green leafy; no potatoes, soy-based sauce (1 cup, 217 g)",food,256.1,15.6,9.7,17.5,3.6,2.2
FNDDS-2021-2023-27420390,"Pork chow mein or chop suey, no noodles (1 cup, 220 g)","Pork chow mein or chop suey, no noodles (1 cup, 220 g)",food,215.6,22.7,8.5,9.5,3.9,1.8
FNDDS-2021-2023-27420400,"Pork and vegetables including carrots, broccoli, and/or dark-green leafy; no potatoes, tomato-based sauce (1 cup, 249 g)","Pork and vegetables including carrots, broccoli, and/or dark-green leafy; no potatoes, tomato-based sauce (1 cup, 249 g)",food,276.4,19.3,11.2,17.8,6.2,4.2
FNDDS-2021-2023-27420410,"Pork and vegetables excluding  carrots, broccoli, and dark-green leafy; no potatoes, tomato-based sauce (1 cup, 249 g)","Pork and vegetables excluding  carrots, broccoli, and dark-green leafy; no potatoes, tomato-based sauce (1 cup, 249 g)",food,293.8,19.4,16.0,17.8,6.0,3.7
FNDDS-2021-2023-27420450,"Sausage and vegetables including  carrots, broccoli, and/or dark-green leafy; no potatoes, tomato-based sauce (1 cup, 249 g)","Sausage and vegetables including  carrots, broccoli, and/or dark-green leafy; no potatoes, tomato-based sauce (1 cup, 249 g)",food,281.4,13.8,12.3,20.8,7.0,4.2
FNDDS-2021-2023-27420460,"Sausage and vegetables, excluding carrots, broccoli, and dark-green leafy; no potatoes, tomato-based sauce (1 cup, 249 g)","Sausage and vegetables, excluding carrots, broccoli, and dark-green leafy; no potatoes, tomato-based sauce (1 cup, 249 g)",food,298.8,14.0,17.3,20.8,6.8,4.0
FNDDS-2021-2023-27420470,"Sausage and peppers, no sauce (1 cup, 154 g)","Sausage and peppers, no sauce (1 cup, 154 g)",food,380.4,21.6,5.0,30.6,2.9,0.5
FNDDS-2021-2023-27420500,"Pork and vegetables including carrots, broccoli, and/or dark-green leafy; no potatoes, soy-based sauce (1 cup, 217 g)","Pork and vegetables including carrots, broccoli, and/or dark-green leafy; no potatoes, soy-based sauce (1 cup, 217 g)",food,314.6,23.9,10.1,19.6,3.3,2.6
FNDDS-2021-2023-27420510,"Pork and vegetables excluding carrots, broccoli, and dark- green leafy; no potatoes, soy-based sauce (1 cup, 217 g)","Pork and vegetables excluding carrots, broccoli, and dark- green leafy; no potatoes, soy-based sauce (1 cup, 217 g)",food,323.3,24.7,9.4,20.3,3.4,2.2
FNDDS-2021-2023-27420520,"Pork shish kabob with vegetables, excluding potatoes (1 shishkabob, 202 g)","Pork shish kabob with vegetables, excluding potatoes (1 shishkabob, 202 g)",food,250.5,28.1,10.2,10.4,4.8,1.6
FNDDS-2021-2023-27430610,"Lamb shish kabob with vegetables, excluding potatoes (1 shishkabob, 202 g)","Lamb shish kabob with vegetables, excluding potatoes (1 shishkabob, 202 g)",food,327.2,24.2,10.2,20.8,4.8,1.6
FNDDS-2021-2023-27440110,"Chicken or turkey and vegetables including carrots, broccoli, and/or dark-green leafy; no potatoes, no sauce (1 cup, 162 g)","Chicken or turkey and vegetables including carrots, broccoli, and/or dark-green leafy; no potatoes, no sauce (1 cup, 162 g)",food,191.2,15.6,4.7,12.6,2.0,2.3
FNDDS-2021-2023-27440120,"Chicken or turkey and vegetables excluding carrots, broccoli, and dark-green leafy; no potatoes, no sauce (1 cup, 162 g)","Chicken or turkey and vegetables excluding carrots, broccoli, and dark-green leafy; no potatoes, no sauce (1 cup, 162 g)",food,199.3,14.1,8.2,12.9,1.6,1.8
FNDDS-2021-2023-27440130,"Chicken or turkey shish kabob with vegetables, excluding potatoes (1 shishkabob, 202 g)","Chicken or turkey shish kabob with vegetables, excluding potatoes (1 shishkabob, 202 g)",food,210.1,26.3,10.2,7.5,4.8,1.6
FNDDS-2021-2023-27441120,"Chicken or turkey creole, without rice (1 cup, 246 g)","Chicken or turkey creole, without rice (1 cup, 246 g)",food,253.4,33.9,7.4,10.4,4.5,2.7
FNDDS-2021-2023-27442110,"Chicken or turkey and vegetables including carrots, broccoli, and/or dark-green leafy; no potatoes, gravy (1 cup, 252 g)","Chicken or turkey and vegetables including carrots, broccoli, and/or dark-green leafy; no potatoes, gravy (1 cup, 252 g)",food,282.2,17.9,11.3,18.7,2.5,2.5
FNDDS-2021-2023-27442120,"Chicken or turkey and vegetables excluding carrots, broccoli, and dark-green leafy; no potatoes, gravy (1 cup, 252 g)","Chicken or turkey and vegetables excluding carrots, broccoli, and dark-green leafy; no potatoes, gravy (1 cup, 252 g)",food,299.9,18.0,16.2,18.8,2.3,2.3
FNDDS-2021-2023-27443110,"Chicken or turkey a la king with vegetables including carrots, broccoli, and/or dark-green leafy; no potatoes, cream, white, or soup-based sauce (1 cup, 241 g)","Chicken or turkey a la king with vegetables including carrots, broccoli, and/or dark-green leafy; no potatoes, cream, white, or soup-based sauce (1 cup, 241 g)",food,450.7,22.7,16.3,33.3,6.2,1.4
FNDDS-2021-2023-27443120,"Chicken or turkey a la king with vegetables excluding carrorts, broccoli, and dark-green leafy; no potatoes, cream, white, or soup-based sauce (1 cup, 241 g)","Chicken or turkey a la king with vegetables excluding carrorts, broccoli, and dark-green leafy; no potatoes, cream, white, or soup-based sauce (1 cup, 241 g)",food,436.2,23.1,15.2,32.1,5.9,1.2
FNDDS-2021-2023-27443150,"Chicken or turkey divan (1 cup, 236 g)","Chicken or turkey divan (1 cup, 236 g)",food,330.4,36.6,9.5,17.1,2.2,3.1
FNDDS-2021-2023-27445110,"Chicken or turkey and vegetables including carrots, broccoli, and/or dark-green leafy; no potatoes, soy-based sauce (1 cup, 217 g)","Chicken or turkey and vegetables including carrots, broccoli, and/or dark-green leafy; no potatoes, soy-based sauce (1 cup, 217 g)",food,206.2,17.8,11.7,9.9,6.4,2.0
FNDDS-2021-2023-27445120,"Chicken or turkey and vegetables excluding carrots, broccoli, and dark-green leafy; no potatoes, soy-based sauce (1 cup, 217 g)","Chicken or turkey and vegetables excluding carrots, broccoli, and dark-green leafy; no potatoes, soy-based sauce (1 cup, 217 g)",food,288.6,23.2,9.5,17.8,3.5,2.2
FNDDS-2021-2023-27445125,"Chicken or turkey and vegetables including carrots, broccoli, and/or dark-green leafy; no potatoes, tomato-based sauce (1 cup, 249 g)","Chicken or turkey and vegetables including carrots, broccoli, and/or dark-green leafy; no potatoes, tomato-based sauce (1 cup, 249 g)",food,281.4,18.0,11.0,19.4,6.2,4.0
FNDDS-2021-2023-27445130,"Chicken or turkey and vegetables excluding carrots, broccoli, and dark-green leafy; no potatoes, tomato-based sauce (1 cup, 249 g)","Chicken or turkey and vegetables excluding carrots, broccoli, and dark-green leafy; no potatoes, tomato-based sauce (1 cup, 249 g)",food,298.8,18.1,15.8,19.4,5.9,3.7
FNDDS-2021-2023-27445150,"General Tso chicken (1 cup, 146 g)","General Tso chicken (1 cup, 146 g)",food,430.7,18.8,35.0,23.9,16.9,1.3
FNDDS-2021-2023-27445180,"Moo Goo Gai Pan (1 cup, 216 g)","Moo Goo Gai Pan (1 cup, 216 g)",food,149.0,15.4,10.5,5.3,4.3,3.0
FNDDS-2021-2023-27445220,"Kung pao chicken (1 cup, 162 g)","Kung pao chicken (1 cup, 162 g)",food,209.0,15.8,11.1,11.3,4.9,2.4
FNDDS-2021-2023-27445250,"Almond chicken (1 cup, 242 g)","Almond chicken (1 cup, 242 g)",food,471.9,38.0,10.8,31.9,3.4,2.9
FNDDS-2021-2023-27446100,"Chicken or turkey chow mein or chop suey, no noodles (1 cup, 220 g)","Chicken or turkey chow mein or chop suey, no noodles (1 cup, 220 g)",food,182.6,21.5,8.4,7.1,3.9,1.8
FNDDS-2021-2023-27446200,"Chicken or turkey salad, made with mayonnaise (1 cup, 226 g)","Chicken or turkey salad, made with mayonnaise (1 cup, 226 g)",food,531.1,31.4,6.5,42.5,4.7,0.9
FNDDS-2021-2023-27446205,"Chicken or turkey salad with nuts and/or fruits (1 cup, 226 g)","Chicken or turkey salad with nuts and/or fruits (1 cup, 226 g)",food,531.1,28.2,13.8,40.5,9.6,2.3
FNDDS-2021-2023-27446220,"Chicken or turkey salad with egg (1 cup, 226 g)","Chicken or turkey salad with egg (1 cup, 226 g)",food,515.3,31.2,6.2,40.9,4.5,0.9
FNDDS-2021-2023-27446225,"Chicken or turkey salad, made with light mayonnaise (1 cup, 226 g)","Chicken or turkey salad, made with light mayonnaise (1 cup, 226 g)",food,330.0,30.7,10.8,18.4,6.2,0.9
FNDDS-2021-2023-27446230,"Chicken or turkey salad, made with mayonnaise-type salad dressing (1 cup, 226 g)","Chicken or turkey salad, made with mayonnaise-type salad dressing (1 cup, 226 g)",food,334.5,31.0,13.4,18.0,9.3,0.9
FNDDS-2021-2023-27446235,"Chicken or turkey salad, made with light mayonnaise-type salad dressing (1 cup, 226 g)","Chicken or turkey salad, made with light mayonnaise-type salad dressing (1 cup, 226 g)",food,330.0,30.7,10.8,18.4,6.2,0.9
FNDDS-2021-2023-27446240,"Chicken or turkey salad, made with creamy dressing (1 cup, 226 g)","Chicken or turkey salad, made with creamy dressing (1 cup, 226 g)",food,424.9,31.2,9.1,29.6,6.7,0.9
FNDDS-2021-2023-27446245,"Chicken or turkey salad, made with light creamy dressing (1 cup, 226 g)","Chicken or turkey salad, made with light creamy dressing (1 cup, 226 g)",food,289.3,31.2,9.7,14.4,7.2,0.9
FNDDS-2021-2023-27446250,"Chicken or turkey salad, made with Italian dressing (1 cup, 226 g)","Chicken or turkey salad, made with Italian dressing (1 cup, 226 g)",food,330.0,30.7,12.1,17.7,9.7,0.9
FNDDS-2021-2023-27446255,"Chicken or turkey salad, made with light Italian dressing (1 cup, 226 g)","Chicken or turkey salad, made with light Italian dressing (1 cup, 226 g)",food,262.2,30.7,11.1,10.6,9.0,0.9
FNDDS-2021-2023-27446260,"Chicken or turkey salad, made with any type of fat free dressing (1 cup, 226 g)","Chicken or turkey salad, made with any type of fat free dressing (1 cup, 226 g)",food,250.9,30.1,14.2,8.6,9.7,2.0
FNDDS-2021-2023-27446300,"Chicken or turkey garden salad, chicken and/or turkey, tomato and/or carrots, other vegetables, no dressing (1 cup, 90 g)","Chicken or turkey garden salad, chicken and/or turkey, tomato and/or carrots, other vegetables, no dressing (1 cup, 90 g)",food,57.6,9.1,2.7,1.2,1.1,0.9
FNDDS-2021-2023-27446310,"Chicken or turkey garden salad, chicken and/or turkey, other vegetables excluding tomato and carrots, no dressing (1 cup, 90 g)","Chicken or turkey garden salad, chicken and/or turkey, other vegetables excluding tomato and carrots, no dressing (1 cup, 90 g)",food,59.4,9.7,2.4,1.3,0.9,0.7
FNDDS-2021-2023-27446315,"Chicken or turkey garden salad with bacon and cheese, chicken and/or turkey, bacon, cheese, lettuce and/or greens, tomato and/or carrots, other vegetables, no dressing (1 cup, 90 g)","Chicken or turkey garden salad with bacon and cheese, chicken and/or turkey, bacon, cheese, lettuce and/or greens, tomato and/or carrots, other vegetables, no dressing (1 cup, 90 g)",food,95.4,9.9,2.7,5.0,1.0,0.8
FNDDS-2021-2023-27446320,"Chicken or turkey, breaded, fried, garden salad with bacon and cheese, chicken and/or turkey, bacon, cheese, lettuce and/or greens, tomato and/or carrots, other vegetables, no dressing (1 cup, 90 g)","Chicken or turkey, breaded, fried, garden salad with bacon and cheese, chicken and/or turkey, bacon, cheese, lettuce and/or greens, tomato and/or carrots, other vegetables, no dressing (1 cup, 90 g)",food,109.8,6.1,5.7,6.9,1.1,1.1
FNDDS-2021-2023-27446330,"Chicken or turkey garden salad with cheese, chicken and/or turkey, cheese, lettuce and/or greens, tomato and/or carrots, other vegetables, no dressing (1 cup, 90 g)","Chicken or turkey garden salad with cheese, chicken and/or turkey, cheese, lettuce and/or greens, tomato and/or carrots, other vegetables, no dressing (1 cup, 90 g)",food,83.7,9.3,2.7,4.1,1.0,0.8
FNDDS-2021-2023-27446332,"Chicken or turkey, breaded, fried, garden salad with cheese, chicken and/or turkey, cheese, lettuce and/or greens, tomato and/or carrots, other vegetables, no dressing (1 cup, 90 g)","Chicken or turkey, breaded, fried, garden salad with cheese, chicken and/or turkey, cheese, lettuce and/or greens, tomato and/or carrots, other vegetables, no dressing (1 cup, 90 g)",food,110.7,5.9,5.8,7.1,1.3,1.2
FNDDS-2021-2023-27446350,"Asian chicken or turkey garden salad, chicken and/or turkey, lettuce, fruit, nuts, no dressing (1 cup, 90 g)","Asian chicken or turkey garden salad, chicken and/or turkey, lettuce, fruit, nuts, no dressing (1 cup, 90 g)",food,117.0,10.3,8.6,4.9,2.7,1.7
FNDDS-2021-2023-27446355,"Asian chicken or turkey garden salad with crispy noodles, chicken and/or turkey, lettuce, fruit, nuts, crispy noodles, no dressing (1 cup, 90 g)","Asian chicken or turkey garden salad with crispy noodles, chicken and/or turkey, lettuce, fruit, nuts, crispy noodles, no dressing (1 cup, 90 g)",food,104.4,9.2,7.3,4.7,2.7,1.6
FNDDS-2021-2023-27446360,"Chicken or turkey caesar garden salad, chicken and/or turkey, lettuce, tomato, cheese, no dressing (1 cup, 90 g)","Chicken or turkey caesar garden salad, chicken and/or turkey, lettuce, tomato, cheese, no dressing (1 cup, 90 g)",food,56.7,7.7,2.7,1.7,0.9,0.9
FNDDS-2021-2023-27446362,"Chicken or turkey, breaded, fried, caesar garden salad, chicken and/or turkey, lettuce, tomatoes, cheese, no dressing (1 salad, 314 g)","Chicken or turkey, breaded, fried, caesar garden salad, chicken and/or turkey, lettuce, tomatoes, cheese, no dressing (1 salad, 314 g)",food,361.1,19.8,22.2,21.5,3.0,3.8
FNDDS-2021-2023-27446400,"Chicken or turkey and vegetables including carrots, broccoli, and/or dark-green leafy; no potatoes, cheese sauce (1 cup, 249 g)","Chicken or turkey and vegetables including carrots, broccoli, and/or dark-green leafy; no potatoes, cheese sauce (1 cup, 249 g)",food,296.3,24.5,9.7,18.0,2.0,2.2
FNDDS-2021-2023-27446410,"Chicken or turkey and vegetables excluding carrots, broccoli, and dark-green leafy; no potatoes, cheese sauce (1 cup, 249 g)","Chicken or turkey and vegetables excluding carrots, broccoli, and dark-green leafy; no potatoes, cheese sauce (1 cup, 249 g)",food,308.8,24.6,13.8,18.0,1.8,1.7
FNDDS-2021-2023-27448020,"Chicken or turkey fricassee, with sauce, no potatoes, potatoes reported separately, Puerto Rican style (1 cup, 223 g)","Chicken or turkey fricassee, with sauce, no potatoes, potatoes reported separately, Puerto Rican style (1 cup, 223 g)",food,408.1,31.2,5.7,29.2,2.7,1.6
FNDDS-2021-2023-27448030,"Chicken or turkey fricassee, no sauce, no potatoes, Puerto Rican style (1 cup, 223 g)","Chicken or turkey fricassee, no sauce, no potatoes, Puerto Rican style (1 cup, 223 g)",food,446.0,56.2,0.0,24.5,0.0,0.0
FNDDS-2021-2023-27450010,"Crab salad (1 cup, 208 g)","Crab salad (1 cup, 208 g)",food,391.0,19.6,2.6,33.1,1.2,0.8
FNDDS-2021-2023-27450020,"Lobster salad (1 cup, 182 g)","Lobster salad (1 cup, 182 g)",food,340.3,18.7,2.2,28.0,1.0,0.7
FNDDS-2021-2023-27450030,"Salmon salad (1 cup, 208 g)","Salmon salad (1 cup, 208 g)",food,443.0,22.5,5.7,36.2,4.1,0.8
FNDDS-2021-2023-27450040,"Shrimp chow mein or chop suey, no noodles (1 cup, 220 g)","Shrimp chow mein or chop suey, no noodles (1 cup, 220 g)",food,151.8,19.4,9.4,3.7,3.8,1.8
FNDDS-2021-2023-27450060,"Tuna salad, made with mayonnaise (1 cup, 238 g)","Tuna salad, made with mayonnaise (1 cup, 238 g)",food,461.7,24.0,6.9,37.6,4.9,1.0
FNDDS-2021-2023-27450061,"Tuna salad, made with light mayonnaise (1 cup, 238 g)","Tuna salad, made with light mayonnaise (1 cup, 238 g)",food,252.3,23.3,11.3,12.9,6.4,1.0
FNDDS-2021-2023-27450062,"Tuna salad, made with mayonnaise-type salad dressing (1 cup, 238 g)","Tuna salad, made with mayonnaise-type salad dressing (1 cup, 238 g)",food,257.0,23.5,14.1,12.4,9.7,1.0
FNDDS-2021-2023-27450063,"Tuna salad, made with light mayonnaise-type salad dressing (1 cup, 238 g)","Tuna salad, made with light mayonnaise-type salad dressing (1 cup, 238 g)",food,252.3,23.3,11.3,12.9,6.4,1.0
FNDDS-2021-2023-27450064,"Tuna salad, made with creamy dressing (1 cup, 238 g)","Tuna salad, made with creamy dressing (1 cup, 238 g)",food,352.2,23.8,9.6,24.5,7.0,1.0
FNDDS-2021-2023-27450065,"Tuna salad, made with light creamy dressing (1 cup, 238 g)","Tuna salad, made with light creamy dressing (1 cup, 238 g)",food,185.6,23.4,17.6,2.8,7.5,1.0
FNDDS-2021-2023-27450066,"Tuna salad, made with Italian dressing (1 cup, 238 g)","Tuna salad, made with Italian dressing (1 cup, 238 g)",food,252.3,23.4,12.7,12.1,10.1,1.0
FNDDS-2021-2023-27450067,"Tuna salad, made with light Italian dressing (1 cup, 238 g)","Tuna salad, made with light Italian dressing (1 cup, 238 g)",food,180.9,23.3,11.7,4.8,9.4,1.0
FNDDS-2021-2023-27450068,"Tuna salad, made with any type of fat free dressing (1 cup, 238 g)","Tuna salad, made with any type of fat free dressing (1 cup, 238 g)",food,171.4,22.8,14.9,2.7,10.1,1.9
FNDDS-2021-2023-27450070,"Shrimp salad (1 cup, 182 g)","Shrimp salad (1 cup, 182 g)",food,356.7,19.5,2.3,29.5,1.0,0.7
FNDDS-2021-2023-27450080,"Seafood salad (1 cup, 208 g)","Seafood salad (1 cup, 208 g)",food,395.2,21.0,2.6,32.9,1.2,0.8
FNDDS-2021-2023-27450090,"Tuna salad with cheese (1 cup, 238 g)","Tuna salad with cheese (1 cup, 238 g)",food,509.3,26.9,6.8,41.9,4.5,1.0
FNDDS-2021-2023-27450100,"Tuna salad with egg (1 cup, 238 g)","Tuna salad with egg (1 cup, 238 g)",food,452.2,24.5,6.5,36.7,4.7,1.0
FNDDS-2021-2023-27450110,"Shrimp garden salad, shrimp, lettuce, eggs, tomato and/or carrots, other vegetables, no dressing (1 cup, 95 g)","Shrimp garden salad, shrimp, lettuce, eggs, tomato and/or carrots, other vegetables, no dressing (1 cup, 95 g)",food,61.8,7.9,2.6,1.9,1.2,0.8
FNDDS-2021-2023-27450120,"Shrimp garden salad, shrimp, lettuce, eggs, vegetables excluding tomato and carrots, no dressing (1 cup, 95 g)","Shrimp garden salad, shrimp, lettuce, eggs, vegetables excluding tomato and carrots, no dressing (1 cup, 95 g)",food,63.6,8.4,2.3,2.0,1.0,0.7
FNDDS-2021-2023-27450130,"Crab salad made with imitation crab (1 cup, 208 g)","Crab salad made with imitation crab (1 cup, 208 g)",food,409.8,8.5,18.0,33.9,7.6,1.2
FNDDS-2021-2023-27450150,"Fish, tofu, and vegetables, tempura (1 cup, 63 g)","Fish, tofu, and vegetables, tempura (1 cup, 63 g)",food,111.5,2.5,2.9,10.1,1.0,0.7
FNDDS-2021-2023-27450180,"Seafood garden salad with seafood, lettuce, vegetables excluding tomato and carrots, no dressing (1 cup, 95 g)","Seafood garden salad with seafood, lettuce, vegetables excluding tomato and carrots, no dressing (1 cup, 95 g)",food,44.6,7.3,2.5,0.5,0.9,0.8
FNDDS-2021-2023-27450190,"Seafood garden salad with seafood, lettuce, tomato and/or carrots, other vegetables, no dressing (1 cup, 95 g)","Seafood garden salad with seafood, lettuce, tomato and/or carrots, other vegetables, no dressing (1 cup, 95 g)",food,44.6,6.8,2.9,0.5,1.2,0.9
FNDDS-2021-2023-27450200,"Seafood garden salad with seafood, lettuce, eggs, vegetables excluding tomato and carrots, no dressing (1 cup, 95 g)","Seafood garden salad with seafood, lettuce, eggs, vegetables excluding tomato and carrots, no dressing (1 cup, 95 g)",food,60.8,8.0,2.3,1.9,1.0,0.7
FNDDS-2021-2023-27450210,"Seafood garden salad with seafood, lettuce, eggs, tomato and/or carrots, other vegetables, no dressing (1 cup, 95 g)","Seafood garden salad with seafood, lettuce, eggs, tomato and/or carrots, other vegetables, no dressing (1 cup, 95 g)",food,58.9,7.5,2.6,1.9,1.2,0.8
FNDDS-2021-2023-27450250,"Oysters Rockefeller (1 oyster, 30 g)","Oysters Rockefeller (1 oyster, 30 g)",food,40.2,2.3,2.8,2.3,0.4,0.6
FNDDS-2021-2023-27450310,"Lomi salmon (1 cup, 234 g)","Lomi salmon (1 cup, 234 g)",food,140.4,17.7,7.7,4.4,4.3,2.3
FNDDS-2021-2023-27450400,"Shrimp and vegetables including carrots, broccoli, and/or dark-green leafy; no potatoes, no sauce (1 cup, 162 g)","Shrimp and vegetables including carrots, broccoli, and/or dark-green leafy; no potatoes, no sauce (1 cup, 162 g)",food,191.2,15.1,6.2,11.7,2.2,2.6
FNDDS-2021-2023-27450405,"Shrimp and vegetables excluding carrots, broccoli, and dark-green leafy; no potatoes, no sauce (1 cup, 162 g)","Shrimp and vegetables excluding carrots, broccoli, and dark-green leafy; no potatoes, no sauce (1 cup, 162 g)",food,200.9,15.0,11.0,11.1,1.9,2.1
FNDDS-2021-2023-27450410,"Shrimp and vegetables including carrots, broccoli, and/or dark-green leafy; no potatoes, soy-based sauce (1 cup, 217 g)","Shrimp and vegetables including carrots, broccoli, and/or dark-green leafy; no potatoes, soy-based sauce (1 cup, 217 g)",food,251.7,19.9,11.2,13.9,3.3,2.6
FNDDS-2021-2023-27450420,"Shrimp and vegetables excluding carrots, broccoli, and dark-green leafy; no potatoes, soy-based sauce (1 cup, 217 g)","Shrimp and vegetables excluding carrots, broccoli, and dark-green leafy; no potatoes, soy-based sauce (1 cup, 217 g)",food,256.1,20.5,10.5,14.4,3.4,2.2
FNDDS-2021-2023-27450430,"Shrimp shish kabob with vegetables, excluding potatoes (1 shishkabob, 202 g)","Shrimp shish kabob with vegetables, excluding potatoes (1 shishkabob, 202 g)",food,167.7,22.6,11.6,3.2,4.8,1.6
FNDDS-2021-2023-27450450,"Shrimp creole, no rice (1 cup, 246 g)","Shrimp creole, no rice (1 cup, 246 g)",food,305.0,35.2,11.1,12.7,3.2,2.5
FNDDS-2021-2023-27450470,"Kung Pao shrimp (1 cup, 162 g)","Kung Pao shrimp (1 cup, 162 g)",food,280.3,22.5,8.6,17.3,2.3,1.6
FNDDS-2021-2023-27450510,"Tuna casserole with vegetables and mushroom sauce, no noodles (1 cup, 224 g)","Tuna casserole with vegetables and mushroom sauce, no noodles (1 cup, 224 g)",food,257.6,20.2,18.8,11.5,4.1,2.0
FNDDS-2021-2023-27450600,"Shellfish mixture and vegetables including carrots, broccoli, and/or dark-green leafy; no potatoes, soy-based sauce (1 cup, 217 g)","Shellfish mixture and vegetables including carrots, broccoli, and/or dark-green leafy; no potatoes, soy-based sauce (1 cup, 217 g)",food,260.4,20.4,12.8,13.8,3.3,2.6
FNDDS-2021-2023-27450610,"Shellfish mixture and vegetables excluding carrots, broccoli, and dark-green leafy; no potatoes, soy-based sauce (1 cup, 217 g)","Shellfish mixture and vegetables excluding carrots, broccoli, and dark-green leafy; no potatoes, soy-based sauce (1 cup, 217 g)",food,264.7,21.1,12.2,14.4,3.4,2.2
FNDDS-2021-2023-27450650,"Shellfish mixture and vegetables including carrots, broccoli, and/or dark-green leafy; no potatoes, mushroom sauce (1 cup, 224 g)","Shellfish mixture and vegetables including carrots, broccoli, and/or dark-green leafy; no potatoes, mushroom sauce (1 cup, 224 g)",food,248.6,14.0,13.3,15.5,3.5,2.5
FNDDS-2021-2023-27450660,"Shellfish mixture and vegetables excluding carrots, broccoli, and dark-green leafy; no potatoes, mushroom sauce (1 cup, 224 g)","Shellfish mixture and vegetables excluding carrots, broccoli, and dark-green leafy; no potatoes, mushroom sauce (1 cup, 224 g)",food,262.1,14.1,17.1,15.5,3.3,2.2
FNDDS-2021-2023-27450700,"Fish and vegetables including carrots, broccoli, and/or dark-green leafy; no potatoes, tomato-based sauce (1 cup, 224 g)","Fish and vegetables including carrots, broccoli, and/or dark-green leafy; no potatoes, tomato-based sauce (1 cup, 224 g)",food,237.4,14.1,9.8,16.3,5.5,3.6
FNDDS-2021-2023-27450710,"Fish and vegetables excluding carrots, broccoli, and dark- green leafy; no potatoes, tomato-based sauce (1 cup, 224 g)","Fish and vegetables excluding carrots, broccoli, and dark- green leafy; no potatoes, tomato-based sauce (1 cup, 224 g)",food,250.9,14.2,14.1,16.3,5.3,3.4
FNDDS-2021-2023-27450740,"Fish and vegetables including carrots, broccoli, and/or dark-green leafy; no potatoes, soy-based sauce (1 cup, 217 g)","Fish and vegetables including carrots, broccoli, and/or dark-green leafy; no potatoes, soy-based sauce (1 cup, 217 g)",food,225.7,16.9,10.1,13.0,3.3,2.6
FNDDS-2021-2023-27450750,"Fish and vegetables excluding  carrots, broccoli, and dark-green leafy; no potatoes, soy-based sauce (1 cup, 217 g)","Fish and vegetables excluding  carrots, broccoli, and dark-green leafy; no potatoes, soy-based sauce (1 cup, 217 g)",food,230.0,17.4,9.4,13.5,3.4,2.2
FNDDS-2021-2023-27450760,"Fish shish kabob with vegetables, excluding potatoes (1 shishkabob, 202 g)","Fish shish kabob with vegetables, excluding potatoes (1 shishkabob, 202 g)",food,137.4,19.0,10.2,2.1,4.8,1.6
FNDDS-2021-2023-27451010,"Fried fish with sauce, Puerto Rican style (1 slice (4"" x 3-1/2"" x 1/2"") with sauce, 213 g)","Fried fish with sauce, Puerto Rican style (1 slice (4"" x 3-1/2"" x 1/2"") with sauce, 213 g)",food,330.1,25.1,7.3,21.9,3.6,1.7
FNDDS-2021-2023-27451030,"Lobster with sauce, Puerto Rican style (1 cup, 242 g)","Lobster with sauce, Puerto Rican style (1 cup, 242 g)",food,372.7,26.1,9.5,25.7,5.4,2.2
FNDDS-2021-2023-27451060,"Octopus salad, Puerto Rican style (1 cup, 180 g)","Octopus salad, Puerto Rican style (1 cup, 180 g)",food,306.0,17.4,10.0,21.6,3.8,1.8
FNDDS-2021-2023-27451070,"Codfish salad, Puerto Rican style, Serenata (1 cup, 145 g)","Codfish salad, Puerto Rican style, Serenata (1 cup, 145 g)",food,265.3,9.6,4.1,23.1,2.2,1.0
FNDDS-2021-2023-27460100,"Lau lau (1 lau lau, 214 g)","Lau lau (1 lau lau, 214 g)",food,299.6,32.5,0.0,17.8,0.0,0.0
FNDDS-2021-2023-27460510,"Antipasto with ham, fish, cheese, vegetables (1 cup, 115 g)","Antipasto with ham, fish, cheese, vegetables (1 cup, 115 g)",food,181.7,13.3,4.3,12.3,1.7,1.3
FNDDS-2021-2023-27460710,"Livers, chicken, chopped, with eggs and onion (1 cup, 208 g)","Livers, chicken, chopped, with eggs and onion (1 cup, 208 g)",food,470.1,26.8,6.0,36.8,2.6,0.8
FNDDS-2021-2023-27460750,"Liver, beef or calves, and onions (1 slice with onions, 143 g)","Liver, beef or calves, and onions (1 slice with onions, 143 g)",food,184.5,23.9,10.0,5.1,2.5,0.7
FNDDS-2021-2023-27462000,"Stewed chitterlings, Puerto Rican style (1 cup, 240 g)","Stewed chitterlings, Puerto Rican style (1 cup, 240 g)",food,513.6,20.1,9.2,44.4,4.9,2.2
FNDDS-2021-2023-27463000,"Stewed gizzards, Puerto Rican style (1 cup, 260 g)","Stewed gizzards, Puerto Rican style (1 cup, 260 g)",food,465.4,52.8,11.5,22.6,5.0,2.9
FNDDS-2021-2023-27464000,"Gumbo, no rice (1 cup, 244 g)","Gumbo, no rice (1 cup, 244 g)",food,202.5,20.8,9.8,9.0,4.5,2.2
FNDDS-2021-2023-27510100,"Sloppy joe sandwich, on white bun (1 sandwich, any size, 185 g)","Sloppy joe sandwich, on white bun (1 sandwich, any size, 185 g)",food,342.2,20.9,37.0,11.9,9.1,2.0
FNDDS-2021-2023-27510105,"Sloppy joe sandwich, on wheat bun (1 sandwich, any size, 185 g)","Sloppy joe sandwich, on wheat bun (1 sandwich, any size, 185 g)",food,333.0,21.8,34.0,11.9,7.9,4.1
FNDDS-2021-2023-27510130,"Barbecue beef sandwich, on white bun (1 regular sandwich, 180 g)","Barbecue beef sandwich, on white bun (1 regular sandwich, 180 g)",food,441.0,29.7,44.8,15.3,16.3,1.4
FNDDS-2021-2023-27510135,"Barbecue beef sandwich, on wheat bun (1 regular sandwich, 180 g)","Barbecue beef sandwich, on wheat bun (1 regular sandwich, 180 g)",food,432.0,30.6,41.9,15.3,15.1,3.6
FNDDS-2021-2023-27510140,"Cheeseburger slider, from fast food (1 miniature, 60 g)","Cheeseburger slider, from fast food (1 miniature, 60 g)",food,178.8,9.7,15.0,8.6,2.4,0.5
FNDDS-2021-2023-27510160,"Cheeseburger, from fast food, 1 small patty (1 cheeseburger, 115 g)","Cheeseburger, from fast food, 1 small patty (1 cheeseburger, 115 g)",food,343.8,18.9,27.6,17.0,4.4,0.9
FNDDS-2021-2023-27510170,"Cheeseburger (Burger King) (1 cheeseburger, 110 g)","Cheeseburger (Burger King) (1 cheeseburger, 110 g)",food,291.5,15.4,26.1,13.5,5.1,1.1
FNDDS-2021-2023-27510171,"Whopper Jr with cheese (Burger King) (1 cheeseburger, 155 g)","Whopper Jr with cheese (Burger King) (1 cheeseburger, 155 g)",food,364.2,18.6,29.4,18.8,6.3,1.4
FNDDS-2021-2023-27510172,"Cheeseburger (McDonalds) (1 cheeseburger, 110 g)","Cheeseburger (McDonalds) (1 cheeseburger, 110 g)",food,297.0,14.9,28.1,14.2,5.8,2.1
FNDDS-2021-2023-27510190,"Cheeseburger, from school cafeteria (1 cheeseburger, 100 g)","Cheeseburger, from school cafeteria (1 cheeseburger, 100 g)",food,250.0,18.7,23.4,8.6,2.7,2.7
FNDDS-2021-2023-27510191,"Cheeseburger slider (1 miniature, 80 g)","Cheeseburger slider (1 miniature, 80 g)",food,237.6,14.5,14.3,13.1,2.3,0.5
FNDDS-2021-2023-27510195,"Cheeseburger, on white bun, 1 small patty (1 cheeseburger, 135 g)","Cheeseburger, on white bun, 1 small patty (1 cheeseburger, 135 g)",food,402.3,23.8,26.5,21.6,4.3,0.9
FNDDS-2021-2023-27510196,"Cheeseburger, on wheat bun, 1 small patty (1 cheeseburger, 135 g)","Cheeseburger, on wheat bun, 1 small patty (1 cheeseburger, 135 g)",food,394.2,24.6,24.0,21.7,3.2,2.7
FNDDS-2021-2023-27510215,"Cheeseburger, from fast food, 1 medium patty (1 cheeseburger, 165 g)","Cheeseburger, from fast food, 1 medium patty (1 cheeseburger, 165 g)",food,488.4,29.5,30.9,26.7,4.9,1.0
FNDDS-2021-2023-27510229,"Quarter Pounder (McDonalds) (1 cheeseburger, 170 g)","Quarter Pounder (McDonalds) (1 cheeseburger, 170 g)",food,435.2,26.7,37.6,19.7,6.2,1.9
FNDDS-2021-2023-27510231,"Whopper with cheese (Burger King) (1 cheeseburger, 290 g)","Whopper with cheese (Burger King) (1 cheeseburger, 290 g)",food,777.2,39.7,51.3,45.8,13.0,3.2
FNDDS-2021-2023-27510232,"Quarter Pounder with cheese (McDonalds) (1 cheeseburger, 200 g)","Quarter Pounder with cheese (McDonalds) (1 cheeseburger, 200 g)",food,538.0,30.4,39.4,28.8,7.2,2.4
FNDDS-2021-2023-27510241,"Cheeseburger, on white bun, 1 medium patty (1 cheeseburger, 165 g)","Cheeseburger, on white bun, 1 medium patty (1 cheeseburger, 165 g)",food,488.4,29.5,30.9,26.7,4.9,1.0
FNDDS-2021-2023-27510242,"Cheeseburger, on wheat bun, 1 medium patty (1 cheeseburger, 165 g)","Cheeseburger, on wheat bun, 1 medium patty (1 cheeseburger, 165 g)",food,480.1,30.5,28.0,26.7,3.7,3.1
FNDDS-2021-2023-27510245,"Cheeseburger, on white bun, 1 large patty (1 cheeseburger, 210 g)","Cheeseburger, on white bun, 1 large patty (1 cheeseburger, 210 g)",food,627.9,39.3,32.1,37.0,5.3,1.1
FNDDS-2021-2023-27510246,"Cheeseburger, on wheat bun, 1 large patty (1 cheeseburger, 210 g)","Cheeseburger, on wheat bun, 1 large patty (1 cheeseburger, 210 g)",food,619.5,40.3,29.2,37.0,4.1,3.4
FNDDS-2021-2023-27510254,"Double cheeseburger, on white bun, 2 small patties (1 double cheeseburger, 205 g)","Double cheeseburger, on white bun, 2 small patties (1 double cheeseburger, 205 g)",food,606.8,39.6,27.3,36.7,4.4,1.0
FNDDS-2021-2023-27510255,"Double cheeseburger, on wheat bun, 2 small patties (1 double cheeseburger, 205 g)","Double cheeseburger, on wheat bun, 2 small patties (1 double cheeseburger, 205 g)",food,598.6,40.4,24.8,36.7,3.3,2.9
FNDDS-2021-2023-27510257,"Double cheeseburger, on white bun, 2 medium patties (1 double cheeseburger, 270 g)","Double cheeseburger, on white bun, 2 medium patties (1 double cheeseburger, 270 g)",food,810.0,52.9,31.9,50.8,5.5,1.1
FNDDS-2021-2023-27510258,"Double cheeseburger, on wheat bun, 2 medium patties (1 double cheeseburger, 270 g)","Double cheeseburger, on wheat bun, 2 medium patties (1 double cheeseburger, 270 g)",food,801.9,54.0,29.2,50.8,4.2,3.2
FNDDS-2021-2023-27510261,"Cheeseburger, from fast food, 1 large patty (1 cheeseburger, 210 g)","Cheeseburger, from fast food, 1 large patty (1 cheeseburger, 210 g)",food,627.9,39.3,32.1,37.0,5.3,1.1
FNDDS-2021-2023-27510262,"Double cheeseburger, on white bun, 2 large patties (1 double cheeseburger, 330 g)","Double cheeseburger, on white bun, 2 large patties (1 double cheeseburger, 330 g)",food,986.7,66.7,31.9,64.0,5.5,1.0
FNDDS-2021-2023-27510263,"Double cheeseburger, on wheat bun, 2 large patties (1 double cheeseburger, 330 g)","Double cheeseburger, on wheat bun, 2 large patties (1 double cheeseburger, 330 g)",food,976.8,67.6,29.1,64.0,4.3,3.3
FNDDS-2021-2023-27510371,"Double cheeseburger, from fast food, 2 small patties (1 double cheeseburger, 155 g)","Double cheeseburger, from fast food, 2 small patties (1 double cheeseburger, 155 g)",food,460.4,28.1,27.4,25.7,4.4,0.9
FNDDS-2021-2023-27510386,"Double cheeseburger (Burger King) (1 double cheeseburger, 140 g)","Double cheeseburger (Burger King) (1 double cheeseburger, 140 g)",food,389.2,22.8,23.7,22.0,5.1,1.0
FNDDS-2021-2023-27510387,"Double cheeseburger (McDonalds) (1 double cheeseburger, 165 g)","Double cheeseburger (McDonalds) (1 double cheeseburger, 165 g)",food,465.3,26.7,29.7,26.7,6.9,1.5
FNDDS-2021-2023-27510388,"McDouble (McDonalds) (1 double cheeseburger, 140 g)","McDouble (McDonalds) (1 double cheeseburger, 140 g)",food,394.8,22.7,25.2,22.7,5.8,1.3
FNDDS-2021-2023-27510389,"Big Mac (McDonalds) (1 MCDonald's Mac Jr, 135 g)","Big Mac (McDonalds) (1 MCDonald's Mac Jr, 135 g)",food,352.4,16.1,29.0,19.0,4.4,1.9
FNDDS-2021-2023-27510401,"Double cheeseburger, from fast food, 2 medium patties (1 double cheeseburger, 270 g)","Double cheeseburger, from fast food, 2 medium patties (1 double cheeseburger, 270 g)",food,810.0,52.9,31.9,50.8,5.5,1.1
FNDDS-2021-2023-27510405,"Double cheeseburger, from fast food, 2 large patties (1 double cheeseburger, 330 g)","Double cheeseburger, from fast food, 2 large patties (1 double cheeseburger, 330 g)",food,986.7,66.7,31.9,64.0,5.5,1.0
FNDDS-2021-2023-27510501,"Hamburger slider, from fast food (1 miniature hamburger, 50 g)","Hamburger slider, from fast food (1 miniature hamburger, 50 g)",food,142.5,7.7,14.6,5.7,2.1,0.5
FNDDS-2021-2023-27510531,"Hamburger, from fast food, 1 small patty (1 hamburger, 90 g)","Hamburger, from fast food, 1 small patty (1 hamburger, 90 g)",food,256.5,14.0,25.5,10.5,3.7,0.9
FNDDS-2021-2023-27510551,"Hamburger (Burger King) (1 hamburger, 100 g)","Hamburger (Burger King) (1 hamburger, 100 g)",food,254.0,13.6,26.0,10.2,4.7,1.1
FNDDS-2021-2023-27510552,"Whopper Jr (Burger King) (1 hamburger, 135 g)","Whopper Jr (Burger King) (1 hamburger, 135 g)",food,291.6,14.4,28.5,12.9,5.8,1.4
FNDDS-2021-2023-27510553,"Hamburger (McDonalds) (1 hamburger, 100 g)","Hamburger (McDonalds) (1 hamburger, 100 g)",food,263.0,13.3,29.6,10.2,6.0,1.8
FNDDS-2021-2023-27510565,"Hamburger, from school cafeteria (1 hamburger, 90 g)","Hamburger, from school cafeteria (1 hamburger, 90 g)",food,218.7,16.0,23.1,6.6,2.6,2.7
FNDDS-2021-2023-27510573,"Hamburger slider (1 miniature hamburger, 70 g)","Hamburger slider (1 miniature hamburger, 70 g)",food,201.6,12.5,13.8,10.3,2.0,0.5
FNDDS-2021-2023-27510575,"Hamburger, on white bun, 1 small patty (1 hamburger, 115 g)","Hamburger, on white bun, 1 small patty (1 hamburger, 115 g)",food,330.0,19.7,25.5,15.9,3.7,0.9
FNDDS-2021-2023-27510576,"Hamburger, on wheat bun, 1 small patty (1 hamburger, 115 g)","Hamburger, on wheat bun, 1 small patty (1 hamburger, 115 g)",food,322.0,20.5,23.1,16.0,2.7,2.8
FNDDS-2021-2023-27510601,"Hamburger, from fast food, 1 medium patty (1 hamburger, 145 g)","Hamburger, from fast food, 1 medium patty (1 hamburger, 145 g)",food,417.6,25.4,30.0,20.9,4.3,1.0
FNDDS-2021-2023-27510605,"Hamburger, from fast food, 1 large patty (1 hamburger, 175 g)","Hamburger, from fast food, 1 large patty (1 hamburger, 175 g)",food,505.8,32.2,29.9,27.3,4.4,1.1
FNDDS-2021-2023-27510615,"Whopper (Burger King) (1 hamburger, 270 g)","Whopper (Burger King) (1 hamburger, 270 g)",food,610.2,30.5,46.7,33.5,10.8,4.1
FNDDS-2021-2023-27510631,"Hamburger, on white bun, 1 medium patty (1 hamburger, 145 g)","Hamburger, on white bun, 1 medium patty (1 hamburger, 145 g)",food,417.6,25.4,30.0,20.9,4.3,1.0
FNDDS-2021-2023-27510632,"Hamburger, on wheat bun, 1 medium patty (1 hamburger, 145 g)","Hamburger, on wheat bun, 1 medium patty (1 hamburger, 145 g)",food,407.4,26.4,27.1,20.9,3.1,3.2
FNDDS-2021-2023-27510635,"Hamburger, on white bun, 1 large patty (1 hamburger, 175 g)","Hamburger, on white bun, 1 large patty (1 hamburger, 175 g)",food,505.8,32.2,29.9,27.3,4.4,1.1
FNDDS-2021-2023-27510636,"Hamburger, on wheat bun, 1 large patty (1 hamburger, 175 g)","Hamburger, on wheat bun, 1 large patty (1 hamburger, 175 g)",food,495.2,33.2,27.1,27.5,3.1,3.1
FNDDS-2021-2023-27510649,"Double hamburger, on white bun, 2 small patties (1 double hamburger, 180 g)","Double hamburger, on white bun, 2 small patties (1 double hamburger, 180 g)",food,520.2,34.6,25.7,29.9,3.7,0.9
FNDDS-2021-2023-27510652,"Double hamburger, on wheat bun, 2 small patties (1 double hamburger, 180 g)","Double hamburger, on wheat bun, 2 small patties (1 double hamburger, 180 g)",food,513.0,35.3,23.2,30.1,2.7,2.7
FNDDS-2021-2023-27510655,"Double hamburger, on white bun, 2 medium patties (1 double hamburger, 230 g)","Double hamburger, on white bun, 2 medium patties (1 double hamburger, 230 g)",food,667.0,44.8,29.9,39.3,4.3,1.1
FNDDS-2021-2023-27510657,"Double hamburger, on wheat bun, 2 medium patties (1 double hamburger, 230 g)","Double hamburger, on wheat bun, 2 medium patties (1 double hamburger, 230 g)",food,657.8,45.8,27.1,39.3,3.1,3.2
FNDDS-2021-2023-27510658,"Double hamburger, on white bun, 2 large patties (1 double hamburger, 290 g)","Double hamburger, on white bun, 2 large patties (1 double hamburger, 290 g)",food,841.0,58.6,29.9,52.2,4.3,1.2
FNDDS-2021-2023-27510659,"Double hamburger, on wheat bun, 2 large patties (1 double hamburger, 290 g)","Double hamburger, on wheat bun, 2 large patties (1 double hamburger, 290 g)",food,832.3,59.7,27.1,52.5,3.1,3.2
FNDDS-2021-2023-27510661,"Double hamburger, from fast food, 2 small patties (1 double hamburger, 130 g)","Double hamburger, from fast food, 2 small patties (1 double hamburger, 130 g)",food,374.4,23.1,25.6,19.1,3.7,0.9
FNDDS-2021-2023-27510671,"Double hamburger, from fast food, 2 medium patties (1 double hamburger, 230 g)","Double hamburger, from fast food, 2 medium patties (1 double hamburger, 230 g)",food,667.0,44.8,29.9,39.3,4.3,1.1
FNDDS-2021-2023-27510675,"Double hamburger, from fast food, 2 large patties (1 double hamburger, 290 g)","Double hamburger, from fast food, 2 large patties (1 double hamburger, 290 g)",food,841.0,58.6,29.9,52.2,4.3,1.2
FNDDS-2021-2023-27510700,"Meatball sandwich or sub (1 regular, 180 g)","Meatball sandwich or sub (1 regular, 180 g)",food,372.6,20.3,38.3,14.8,8.4,2.2
FNDDS-2021-2023-27510702,"Meatloaf sandwich (1 sandwich, any size, 135 g)","Meatloaf sandwich (1 sandwich, any size, 135 g)",food,293.0,15.9,38.7,8.3,8.0,1.8
FNDDS-2021-2023-27510705,"Chiliburger, with or without cheese, on bun (1 chiliburger, 210 g)","Chiliburger, with or without cheese, on bun (1 chiliburger, 210 g)",food,487.2,31.1,37.2,23.1,5.3,3.2
FNDDS-2021-2023-27510910,"Corned beef sandwich on white (1 regular, 115 g)","Corned beef sandwich on white (1 regular, 115 g)",food,297.8,15.6,29.6,12.6,3.2,1.4
FNDDS-2021-2023-27510920,"Corned beef sandwich on white, with cheese (1 regular, 135 g)","Corned beef sandwich on white, with cheese (1 regular, 135 g)",food,369.9,19.8,30.4,18.5,3.7,1.4
FNDDS-2021-2023-27510930,"Corned beef sandwich on wheat (1 regular, 115 g)","Corned beef sandwich on wheat (1 regular, 115 g)",food,295.5,16.9,27.3,12.9,3.1,3.2
FNDDS-2021-2023-27510940,"Corned beef sandwich on wheat, with cheese (1 regular, 135 g)","Corned beef sandwich on wheat, with cheese (1 regular, 135 g)",food,368.6,21.1,28.2,18.8,3.7,3.2
FNDDS-2021-2023-27510950,"Reuben sandwich (1 sandwich, any size, 215 g)","Reuben sandwich (1 sandwich, any size, 215 g)",food,606.3,21.5,35.3,41.7,7.5,4.7
FNDDS-2021-2023-27513010,"Roast beef sandwich on white (1 regular, 115 g)","Roast beef sandwich on white (1 regular, 115 g)",food,223.1,16.0,29.7,4.2,3.3,1.4
FNDDS-2021-2023-27513050,"Roast beef sandwich on white, with cheese (1 regular, 135 g)","Roast beef sandwich on white, with cheese (1 regular, 135 g)",food,295.7,20.1,30.5,10.0,3.9,1.4
FNDDS-2021-2023-27513055,"Roast beef sandwich on wheat (1 regular, 115 g)","Roast beef sandwich on wheat (1 regular, 115 g)",food,220.8,17.1,27.4,4.4,3.3,3.2
FNDDS-2021-2023-27513065,"Roast beef sandwich on wheat, with cheese (1 regular, 135 g)","Roast beef sandwich on wheat, with cheese (1 regular, 135 g)",food,293.0,21.2,28.2,10.3,3.8,3.2
FNDDS-2021-2023-27513070,"French dip sandwich (1 sandwich, any size, 185 g)","French dip sandwich (1 sandwich, any size, 185 g)",food,340.4,24.4,45.3,6.4,5.1,2.0
FNDDS-2021-2023-27514010,"Steak sandwich or sub on white (1 regular, 115 g)","Steak sandwich or sub on white (1 regular, 115 g)",food,286.3,20.6,29.2,9.3,3.2,1.4
FNDDS-2021-2023-27514020,"Steak sandwich or sub on wheat (1 regular, 115 g)","Steak sandwich or sub on wheat (1 regular, 115 g)",food,284.0,21.7,27.0,9.5,3.1,3.2
FNDDS-2021-2023-27514030,"Cheese steak sandwich or sub on white (1 regular, 145 g)","Cheese steak sandwich or sub on white (1 regular, 145 g)",food,391.5,26.7,31.2,17.4,4.0,1.4
FNDDS-2021-2023-27514040,"Cheese steak sandwich or sub on wheat (1 regular, 145 g)","Cheese steak sandwich or sub on wheat (1 regular, 145 g)",food,388.6,27.8,28.9,17.7,3.9,3.2
FNDDS-2021-2023-27516010,"Gyro sandwich (1 sandwich, any size, 200 g)","Gyro sandwich (1 sandwich, any size, 200 g)",food,368.0,22.4,37.6,13.5,3.5,2.0
FNDDS-2021-2023-27517000,"Hamburger wrap sandwich, from fast food (1 sandwich, any size, 158 g)","Hamburger wrap sandwich, from fast food (1 sandwich, any size, 158 g)",food,472.4,26.7,32.2,25.4,2.4,2.2
FNDDS-2021-2023-27520210,"Ham sandwich on white (1 regular, 115 g)","Ham sandwich on white (1 regular, 115 g)",food,215.0,14.8,29.4,4.2,3.2,1.4
FNDDS-2021-2023-27520220,"Ham sandwich on white, with cheese (1 regular, 135 g)","Ham sandwich on white, with cheese (1 regular, 135 g)",food,287.6,19.0,30.2,10.1,3.7,1.4
FNDDS-2021-2023-27520230,"Ham sandwich on wheat (1 regular, 115 g)","Ham sandwich on wheat (1 regular, 115 g)",food,212.7,16.1,27.1,4.4,3.1,3.2
FNDDS-2021-2023-27520240,"Ham sandwich on wheat, with cheese (1 regular, 135 g)","Ham sandwich on wheat, with cheese (1 regular, 135 g)",food,286.2,20.1,28.1,10.3,3.7,3.2
FNDDS-2021-2023-27520255,"Ham sandwich or sub, restaurant (1 regular, 130 g)","Ham sandwich or sub, restaurant (1 regular, 130 g)",food,231.4,17.3,29.6,4.8,3.2,1.4
FNDDS-2021-2023-27520260,"Ham sandwich or sub, with cheese, restaurant (1 regular, 160 g)","Ham sandwich or sub, with cheese, restaurant (1 regular, 160 g)",food,336.0,23.4,31.5,12.9,4.0,1.4
FNDDS-2021-2023-27520270,"Ham sandwich wrap (1 sandwich, any size, 135 g)","Ham sandwich wrap (1 sandwich, any size, 135 g)",food,310.5,18.2,30.4,12.7,2.8,2.0
FNDDS-2021-2023-27520340,"Ham salad sandwich on white (1 sandwich, any size, 180 g)","Ham salad sandwich on white (1 sandwich, any size, 180 g)",food,435.6,21.6,32.9,23.9,5.7,1.8
FNDDS-2021-2023-27520345,"Ham salad sandwich on wheat (1 sandwich, any size, 180 g)","Ham salad sandwich on wheat (1 sandwich, any size, 180 g)",food,433.8,22.7,30.6,24.1,5.6,3.8
FNDDS-2021-2023-27520410,"Cuban sandwich (1 sandwich, any size, 190 g)","Cuban sandwich (1 sandwich, any size, 190 g)",food,433.2,30.2,31.0,20.3,4.7,1.5
FNDDS-2021-2023-27520500,"Barbecue rib sandwich (1 sandwich, any size, 190 g)","Barbecue rib sandwich (1 sandwich, any size, 190 g)",food,423.7,26.0,50.3,12.3,17.2,1.7
FNDDS-2021-2023-27520510,"Barbecue pork sandwich, on white bun (1 regular sandwich, 180 g)","Barbecue pork sandwich, on white bun (1 regular sandwich, 180 g)",food,437.4,27.0,44.8,15.9,16.3,1.4
FNDDS-2021-2023-27520515,"Barbecue pork sandwich, on wheat bun (1 regular sandwich, 180 g)","Barbecue pork sandwich, on wheat bun (1 regular sandwich, 180 g)",food,428.4,27.9,41.9,15.9,15.1,3.6
FNDDS-2021-2023-27520520,"Pork sandwich (1 sandwich, any size, 115 g)","Pork sandwich (1 sandwich, any size, 115 g)",food,259.9,20.4,29.2,6.3,3.2,1.4
FNDDS-2021-2023-27520525,"Pork sandwich, with cheese (1 sandwich, any size, 135 g)","Pork sandwich, with cheese (1 sandwich, any size, 135 g)",food,332.1,24.4,30.1,12.1,3.7,1.4
FNDDS-2021-2023-27520610,"Bacon, lettuce, tomato sandwich on white (1 sandwich, any size, 105 g)","Bacon, lettuce, tomato sandwich on white (1 sandwich, any size, 105 g)",food,242.6,11.4,31.2,7.9,3.9,1.8
FNDDS-2021-2023-27520620,"Bacon, lettuce, tomato sandwich on wheat (1 sandwich, any size, 105 g)","Bacon, lettuce, tomato sandwich on wheat (1 sandwich, any size, 105 g)",food,240.5,12.6,28.9,8.1,3.8,3.6
FNDDS-2021-2023-27540010,"Turkey sandwich on white (1 regular, 115 g)","Turkey sandwich on white (1 regular, 115 g)",food,217.3,13.8,30.5,4.2,3.7,1.4
FNDDS-2021-2023-27540020,"Turkey sandwich on white, with cheese (1 regular, 135 g)","Turkey sandwich on white, with cheese (1 regular, 135 g)",food,290.2,18.0,31.3,10.1,4.2,1.4
FNDDS-2021-2023-27540030,"Turkey sandwich on wheat (1 regular, 115 g)","Turkey sandwich on wheat (1 regular, 115 g)",food,215.0,14.9,28.3,4.5,3.6,3.2
FNDDS-2021-2023-27540040,"Turkey sandwich on wheat, with cheese (1 regular, 135 g)","Turkey sandwich on wheat, with cheese (1 regular, 135 g)",food,288.9,19.2,29.2,10.3,4.2,3.2
FNDDS-2021-2023-27540050,"Turkey sandwich or sub, restaurant (1 regular, 130 g)","Turkey sandwich or sub, restaurant (1 regular, 130 g)",food,234.0,16.0,31.1,4.8,3.8,1.4
FNDDS-2021-2023-27540060,"Turkey sandwich or sub, with cheese, restaurant (1 regular, 160 g)","Turkey sandwich or sub, with cheese, restaurant (1 regular, 160 g)",food,339.2,22.1,33.0,12.9,4.7,1.4
FNDDS-2021-2023-27540070,"Turkey sandwich wrap (1 sandwich, any size, 135 g)","Turkey sandwich wrap (1 sandwich, any size, 135 g)",food,313.2,17.3,31.5,12.7,3.3,2.0
FNDDS-2021-2023-27540080,"Chicken deli sandwich or sub, restaurant (1 regular, 130 g)","Chicken deli sandwich or sub, restaurant (1 regular, 130 g)",food,228.8,17.8,31.6,3.5,3.7,1.4
FNDDS-2021-2023-27540090,"Chicken deli sandwich or sub, with cheese, restaurant (1 regular, 160 g)","Chicken deli sandwich or sub, with cheese, restaurant (1 regular, 160 g)",food,332.8,23.8,33.4,11.6,4.6,1.4
FNDDS-2021-2023-27540120,"Chicken salad sandwich on white (1 regular, 180 g)","Chicken salad sandwich on white (1 regular, 180 g)",food,442.8,22.3,32.9,24.7,5.7,1.8
FNDDS-2021-2023-27540121,"Chicken salad sandwich on wheat (1 regular, 180 g)","Chicken salad sandwich on wheat (1 regular, 180 g)",food,441.0,23.6,30.8,24.8,5.6,3.8
FNDDS-2021-2023-27540122,"Chicken salad sandwich wrap (1 sandwich, any size, 200 g)","Chicken salad sandwich wrap (1 sandwich, any size, 200 g)",food,538.0,25.8,34.0,33.2,5.3,2.6
FNDDS-2021-2023-27540123,"Club sandwich on white (1 sandwich, any size, 130 g)","Club sandwich on white (1 sandwich, any size, 130 g)",food,288.6,19.6,30.0,9.7,3.4,1.3
FNDDS-2021-2023-27540124,"Club sandwich on white, with cheese (1 sandwich, any size, 155 g)","Club sandwich on white, with cheese (1 sandwich, any size, 155 g)",food,373.6,24.5,31.9,16.1,4.1,1.4
FNDDS-2021-2023-27540125,"Club sandwich on wheat (1 sandwich, any size, 130 g)","Club sandwich on wheat (1 sandwich, any size, 130 g)",food,286.0,20.8,27.8,9.9,3.3,3.1
FNDDS-2021-2023-27540126,"Club sandwich on wheat, with cheese (1 sandwich, any size, 155 g)","Club sandwich on wheat, with cheese (1 sandwich, any size, 155 g)",food,370.4,25.7,29.6,16.3,4.0,3.3
FNDDS-2021-2023-27540127,"Club sandwich or sub, restaurant (1 regular, 145 g)","Club sandwich or sub, restaurant (1 regular, 145 g)",food,339.3,23.2,26.7,15.4,3.6,1.2
FNDDS-2021-2023-27540130,"Barbecue chicken sandwich, on white bun (1 regular sandwich, 180 g)","Barbecue chicken sandwich, on white bun (1 regular sandwich, 180 g)",food,367.2,28.6,44.8,7.9,16.3,1.4
FNDDS-2021-2023-27540131,"Barbecue chicken sandwich, on wheat bun (1 regular sandwich, 180 g)","Barbecue chicken sandwich, on wheat bun (1 regular sandwich, 180 g)",food,358.2,29.7,41.9,8.0,15.1,3.6
FNDDS-2021-2023-27540139,"Chicken fillet sandwich, from school cafeteria (1 sandwich, any size, 92 g)","Chicken fillet sandwich, from school cafeteria (1 sandwich, any size, 92 g)",food,230.9,13.4,27.4,7.4,2.5,4.0
FNDDS-2021-2023-27540145,"Chicken fillet biscuit, from fast food (1 sandwich, any size, 155 g)","Chicken fillet biscuit, from fast food (1 sandwich, any size, 155 g)",food,496.0,16.7,40.9,29.6,3.1,3.1
FNDDS-2021-2023-27540146,"Chicken fillet sandwich, fried, from fast food (1 regular sandwich, 140 g)","Chicken fillet sandwich, fried, from fast food (1 regular sandwich, 140 g)",food,393.4,17.1,38.5,18.9,4.3,2.4
FNDDS-2021-2023-27540147,"Chicken fillet sandwich, fried, from fast food, with cheese (1 regular sandwich, 161 g)","Chicken fillet sandwich, fried, from fast food, with cheese (1 regular sandwich, 161 g)",food,468.5,21.3,39.8,24.6,4.9,2.4
FNDDS-2021-2023-27540152,"Chicken fillet sandwich, grilled, from fast food (1 regular sandwich, 140 g)","Chicken fillet sandwich, grilled, from fast food (1 regular sandwich, 140 g)",food,316.4,30.1,27.2,8.7,3.9,1.0
FNDDS-2021-2023-27540153,"Chicken fillet sandwich, grilled, from fast food, with cheese (1 regular sandwich, 161 g)","Chicken fillet sandwich, grilled, from fast food, with cheese (1 regular sandwich, 161 g)",food,391.2,34.5,28.3,14.6,4.5,1.0
FNDDS-2021-2023-27540175,"Chicken fillet sandwich, fried, on white bun (1 regular sandwich, 140 g)","Chicken fillet sandwich, fried, on white bun (1 regular sandwich, 140 g)",food,376.6,17.4,39.3,16.4,4.4,2.4
FNDDS-2021-2023-27540176,"Chicken fillet sandwich, fried, on white bun; with cheese (1 regular sandwich, 161 g)","Chicken fillet sandwich, fried, on white bun; with cheese (1 regular sandwich, 161 g)",food,450.8,21.7,40.6,22.2,5.0,2.4
FNDDS-2021-2023-27540185,"Chicken fillet sandwich, fried, on wheat bun (1 regular sandwich, 140 g)","Chicken fillet sandwich, fried, on wheat bun (1 regular sandwich, 140 g)",food,368.2,18.3,36.8,16.4,3.3,4.3
FNDDS-2021-2023-27540186,"Chicken fillet sandwich, fried, on wheat bun, with cheese (1 regular sandwich, 161 g)","Chicken fillet sandwich, fried, on wheat bun, with cheese (1 regular sandwich, 161 g)",food,442.8,22.5,38.0,22.2,3.9,4.3
FNDDS-2021-2023-27540195,"Chicken fillet sandwich, grilled, on white bun (1 regular sandwich, 140 g)","Chicken fillet sandwich, grilled, on white bun (1 regular sandwich, 140 g)",food,302.4,30.5,27.6,6.8,4.0,1.0
FNDDS-2021-2023-27540196,"Chicken fillet sandwich, grilled, on white bun, with cheese (1 regular sandwich, 161 g)","Chicken fillet sandwich, grilled, on white bun, with cheese (1 regular sandwich, 161 g)",food,378.4,34.8,28.7,12.8,4.6,1.0
FNDDS-2021-2023-27540205,"Chicken fillet sandwich, grilled, on wheat bun (1 regular sandwich, 140 g)","Chicken fillet sandwich, grilled, on wheat bun (1 regular sandwich, 140 g)",food,294.0,31.5,24.9,6.8,2.9,2.9
FNDDS-2021-2023-27540206,"Chicken fillet sandwich, grilled, on wheat bun, with cheese (1 regular sandwich, 161 g)","Chicken fillet sandwich, grilled, on wheat bun, with cheese (1 regular sandwich, 161 g)",food,370.3,35.7,26.1,12.8,3.4,2.9
FNDDS-2021-2023-27540210,"Chicken fillet wrap sandwich, fried, from fast food (1 sandwich, any size, 161 g)","Chicken fillet wrap sandwich, fried, from fast food (1 sandwich, any size, 161 g)",food,481.4,20.4,39.3,26.9,3.0,3.2
FNDDS-2021-2023-27540300,"Chicken fillet wrap sandwich, grilled, from fast food (1 sandwich, any size, 161 g)","Chicken fillet wrap sandwich, grilled, from fast food (1 sandwich, any size, 161 g)",food,405.7,33.5,27.9,16.7,2.6,1.9
FNDDS-2021-2023-27545100,"Turkey or chicken burger, on white bun (1 sandwich, 145 g)","Turkey or chicken burger, on white bun (1 sandwich, 145 g)",food,339.3,29.0,30.0,11.2,4.3,1.0
FNDDS-2021-2023-27545110,"Turkey or chicken burger, on wheat bun (1 sandwich, 145 g)","Turkey or chicken burger, on wheat bun (1 sandwich, 145 g)",food,329.1,30.0,27.1,11.2,3.1,3.2
FNDDS-2021-2023-27550000,"Fish sandwich, fried, from fast food (1 regular sandwich, 130 g)","Fish sandwich, fried, from fast food (1 regular sandwich, 130 g)",food,305.5,18.9,33.4,10.6,4.1,1.2
FNDDS-2021-2023-27550100,"Fish sandwich, fried, from fast food, with cheese (1 regular sandwich, 151 g)","Fish sandwich, fried, from fast food, with cheese (1 regular sandwich, 151 g)",food,380.5,23.1,34.4,16.6,4.7,1.2
FNDDS-2021-2023-27550110,"Crab cake sandwich (1 regular sandwich, 180 g)","Crab cake sandwich (1 regular sandwich, 180 g)",food,415.8,22.9,34.9,20.2,4.0,1.8
FNDDS-2021-2023-27550120,"Salmon cake sandwich (1 regular sandwich, 180 g)","Salmon cake sandwich (1 regular sandwich, 180 g)",food,502.2,25.0,34.9,28.6,4.0,1.8
FNDDS-2021-2023-27550150,"Fried seafood sandwich (1 regular sandwich, 180 g)","Fried seafood sandwich (1 regular sandwich, 180 g)",food,421.2,20.3,44.5,17.7,3.4,2.0
FNDDS-2021-2023-27550200,"Fish sandwich, from school cafeteria (1 sandwich, any size, 90 g)","Fish sandwich, from school cafeteria (1 sandwich, any size, 90 g)",food,188.1,13.5,24.7,3.9,2.3,3.1
FNDDS-2021-2023-27550400,"Fish sandwich, fried, on white bun (1 regular sandwich, 130 g)","Fish sandwich, fried, on white bun (1 regular sandwich, 130 g)",food,306.8,18.9,33.4,10.6,4.1,1.2
FNDDS-2021-2023-27550405,"Fish sandwich, fried, on white bun, with cheese (1 regular sandwich, 151 g)","Fish sandwich, fried, on white bun, with cheese (1 regular sandwich, 151 g)",food,380.5,23.1,34.6,16.6,4.7,1.2
FNDDS-2021-2023-27550410,"Fish sandwich, fried, on wheat bun (1 regular sandwich, 130 g)","Fish sandwich, fried, on wheat bun (1 regular sandwich, 130 g)",food,297.7,19.8,30.9,10.6,2.9,3.1
FNDDS-2021-2023-27550415,"Fish sandwich, fried, on wheat bun, with cheese (1 regular sandwich, 151 g)","Fish sandwich, fried, on wheat bun, with cheese (1 regular sandwich, 151 g)",food,373.0,24.0,32.0,16.6,3.5,3.2
FNDDS-2021-2023-27550420,"Fish sandwich, grilled (1 regular sandwich, 130 g)","Fish sandwich, grilled (1 regular sandwich, 130 g)",food,234.0,20.9,27.6,4.3,4.0,1.0
FNDDS-2021-2023-27550425,"Fish wrap sandwich (1 sandwich, any size, 151 g)","Fish wrap sandwich (1 sandwich, any size, 151 g)",food,395.6,22.2,34.1,18.7,2.7,2.1
FNDDS-2021-2023-27550510,"Sardine sandwich (1 regular sandwich, 135 g)","Sardine sandwich (1 regular sandwich, 135 g)",food,315.9,24.2,29.6,10.7,3.2,1.4
FNDDS-2021-2023-27550720,"Tuna salad sandwich on white (1 regular, 180 g)","Tuna salad sandwich on white (1 regular, 180 g)",food,392.4,17.7,32.9,21.2,5.7,1.8
FNDDS-2021-2023-27550730,"Tuna salad sandwich on white, with cheese (1 regular, 200 g)","Tuna salad sandwich on white, with cheese (1 regular, 200 g)",food,466.0,22.0,33.8,27.0,6.2,1.8
FNDDS-2021-2023-27550735,"Tuna salad sandwich on wheat (1 regular, 180 g)","Tuna salad sandwich on wheat (1 regular, 180 g)",food,390.6,18.9,30.8,21.4,5.6,3.8
FNDDS-2021-2023-27550737,"Tuna salad sandwich on wheat, with cheese (1 regular, 200 g)","Tuna salad sandwich on wheat, with cheese (1 regular, 200 g)",food,464.0,23.2,31.6,27.2,6.2,3.8
FNDDS-2021-2023-27550755,"Tuna salad sandwich wrap (1 sandwich, any size, 200 g)","Tuna salad sandwich wrap (1 sandwich, any size, 200 g)",food,488.0,21.2,34.0,29.6,5.3,2.6
FNDDS-2021-2023-27550800,"Seafood salad sandwich (1 regular sandwich, 180 g)","Seafood salad sandwich (1 regular sandwich, 180 g)",food,388.8,17.8,31.0,21.2,3.9,1.8
FNDDS-2021-2023-27560130,"Bologna sandwich on white (1 regular, 115 g)","Bologna sandwich on white (1 regular, 115 g)",food,315.1,11.4,32.8,15.3,4.3,1.4
FNDDS-2021-2023-27560140,"Bologna sandwich on white, with cheese (1 regular, 135 g)","Bologna sandwich on white, with cheese (1 regular, 135 g)",food,387.5,15.5,33.6,21.1,4.8,1.4
FNDDS-2021-2023-27560150,"Bologna sandwich on wheat (1 regular, 115 g)","Bologna sandwich on wheat (1 regular, 115 g)",food,312.8,12.5,30.5,15.5,4.2,3.2
FNDDS-2021-2023-27560160,"Bologna sandwich on wheat, with cheese (1 regular, 135 g)","Bologna sandwich on wheat, with cheese (1 regular, 135 g)",food,384.8,16.6,31.3,21.3,4.7,3.2
FNDDS-2021-2023-27560300,"Corn dog (1 regular, 88 g)","Corn dog (1 regular, 88 g)",food,220.0,7.5,23.8,10.6,6.6,0.9
FNDDS-2021-2023-27560350,"Pig in a blanket (1 pig in blanket, 85 g)","Pig in a blanket (1 pig in blanket, 85 g)",food,263.5,9.7,16.3,17.7,2.3,0.6
FNDDS-2021-2023-27560520,"Salami sandwich on white (1 regular, 115 g)","Salami sandwich on white (1 regular, 115 g)",food,369.1,17.2,29.7,19.7,3.3,1.4
FNDDS-2021-2023-27560530,"Salami sandwich on white, with cheese (1 regular, 135 g)","Salami sandwich on white, with cheese (1 regular, 135 g)",food,440.1,21.5,30.5,25.5,3.9,1.4
FNDDS-2021-2023-27560540,"Salami sandwich on wheat (1 regular, 115 g)","Salami sandwich on wheat (1 regular, 115 g)",food,366.8,18.5,27.4,19.9,3.2,3.2
FNDDS-2021-2023-27560550,"Salami sandwich on wheat, with cheese (1 regular, 135 g)","Salami sandwich on wheat, with cheese (1 regular, 135 g)",food,438.8,22.5,28.4,25.7,3.8,3.2
FNDDS-2021-2023-27560610,"Italian sandwich on white (1 regular, 165 g)","Italian sandwich on white (1 regular, 165 g)",food,509.8,25.9,31.2,31.0,3.9,1.3
FNDDS-2021-2023-27560620,"Italian sandwich on wheat (1 regular, 165 g)","Italian sandwich on wheat (1 regular, 165 g)",food,508.2,27.1,28.9,31.2,3.8,3.3
FNDDS-2021-2023-27560630,"Italian sandwich or sub, restaurant (1 regular, 195 g)","Italian sandwich or sub, restaurant (1 regular, 195 g)",food,610.4,31.6,32.0,39.0,4.1,1.4
FNDDS-2021-2023-27560710,"Italian sausage sandwich on white (1 sandwich, any size, 135 g)","Italian sausage sandwich on white (1 sandwich, any size, 135 g)",food,405.0,19.4,31.7,22.0,5.5,1.1
FNDDS-2021-2023-27560715,"Italian sausage sandwich on wheat (1 sandwich, any size, 135 g)","Italian sausage sandwich on wheat (1 sandwich, any size, 135 g)",food,395.6,20.5,28.9,22.0,4.2,3.2
FNDDS-2021-2023-27560920,"Spam sandwich (1 sandwich, any size, 135 g)","Spam sandwich (1 sandwich, any size, 135 g)",food,359.1,13.5,37.3,17.3,6.9,1.5
FNDDS-2021-2023-27564060,"Hot dog sandwich, beef, on white bun (1 sandwich, 102 g)","Hot dog sandwich, beef, on white bun (1 sandwich, 102 g)",food,301.9,11.0,24.2,17.7,4.0,0.8
FNDDS-2021-2023-27564061,"Hot dog sandwich, beef, on wheat bun (1 sandwich, 102 g)","Hot dog sandwich, beef, on wheat bun (1 sandwich, 102 g)",food,295.8,11.8,22.0,17.7,3.1,2.4
FNDDS-2021-2023-27564070,"Hot dog sandwich, beef, on white bread (1 sandwich (1 slice bread), 87 g)","Hot dog sandwich, beef, on white bread (1 sandwich (1 slice bread), 87 g)",food,256.6,9.5,16.4,17.1,2.3,0.7
FNDDS-2021-2023-27564080,"Hot dog sandwich, beef, on wheat bread (1 sandwich (1 slice bread), 87 g)","Hot dog sandwich, beef, on wheat bread (1 sandwich (1 slice bread), 87 g)",food,255.8,10.1,15.3,17.1,2.3,1.7
FNDDS-2021-2023-27564180,"Hot dog sandwich, meat and poultry, on white bun (1 sandwich, 102 g)","Hot dog sandwich, meat and poultry, on white bun (1 sandwich, 102 g)",food,283.6,9.9,25.4,15.5,4.8,0.8
FNDDS-2021-2023-27564181,"Hot dog sandwich, meat and poultry, on wheat bun (1 sandwich, 102 g)","Hot dog sandwich, meat and poultry, on wheat bun (1 sandwich, 102 g)",food,276.4,10.7,23.3,15.6,3.9,2.4
FNDDS-2021-2023-27564190,"Hot dog sandwich, meat and poultry, on white bread (1 sandwich (1 slice bread), 87 g)","Hot dog sandwich, meat and poultry, on white bread (1 sandwich (1 slice bread), 87 g)",food,238.4,8.4,17.6,14.9,3.2,0.7
FNDDS-2021-2023-27564200,"Hot dog sandwich, meat and poultry, on wheat bread (1 sandwich (1 slice bread), 87 g)","Hot dog sandwich, meat and poultry, on wheat bread (1 sandwich (1 slice bread), 87 g)",food,236.6,9.0,16.5,15.0,3.1,1.7
FNDDS-2021-2023-27564240,"Hot dog sandwich, turkey, on white bun (1 sandwich, 102 g)","Hot dog sandwich, turkey, on white bun (1 sandwich, 102 g)",food,253.0,11.3,24.7,11.6,4.0,0.8
FNDDS-2021-2023-27564241,"Hot dog sandwich, turkey, on wheat bun (1 sandwich, 102 g)","Hot dog sandwich, turkey, on wheat bun (1 sandwich, 102 g)",food,245.8,12.1,22.6,11.6,3.0,2.4
FNDDS-2021-2023-27564250,"Hot dog sandwich, turkey, on white bread (1 sandwich (1 slice bread), 87 g)","Hot dog sandwich, turkey, on white bread (1 sandwich (1 slice bread), 87 g)",food,207.1,9.8,17.0,11.0,2.3,0.7
FNDDS-2021-2023-27564260,"Hot dog sandwich, turkey, on wheat bread (1 sandwich (1 slice bread), 87 g)","Hot dog sandwich, turkey, on wheat bread (1 sandwich (1 slice bread), 87 g)",food,206.2,10.4,15.8,11.0,2.3,1.7
FNDDS-2021-2023-27564300,"Hot dog sandwich, reduced fat, on white bun (1 sandwich, 102 g)","Hot dog sandwich, reduced fat, on white bun (1 sandwich, 102 g)",food,248.9,12.2,25.5,10.7,3.3,0.8
FNDDS-2021-2023-27564301,"Hot dog sandwich, reduced fat, on wheat bun (1 sandwich, 102 g)","Hot dog sandwich, reduced fat, on wheat bun (1 sandwich, 102 g)",food,241.7,13.0,23.4,10.7,2.3,2.4
FNDDS-2021-2023-27564310,"Hot dog sandwich, reduced fat, on white bread (1 sandwich (1 slice bread), 87 g)","Hot dog sandwich, reduced fat, on white bread (1 sandwich (1 slice bread), 87 g)",food,203.6,10.7,17.7,10.0,1.6,0.7
FNDDS-2021-2023-27564320,"Hot dog sandwich, reduced fat, on wheat bread (1 sandwich (1 slice bread), 87 g)","Hot dog sandwich, reduced fat, on wheat bread (1 sandwich (1 slice bread), 87 g)",food,202.7,11.2,16.5,10.1,1.6,1.7
FNDDS-2021-2023-27564420,"Hot dog sandwich, vegetarian, on bun (1 sandwich, 115 g)","Hot dog sandwich, vegetarian, on bun (1 sandwich, 115 g)",food,288.6,18.2,27.9,11.4,3.3,3.6
FNDDS-2021-2023-27564430,"Hot dog sandwich, vegetarian, on bread (1 sandwich (1 slice bread), 100 g)","Hot dog sandwich, vegetarian, on bread (1 sandwich (1 slice bread), 100 g)",food,243.0,16.6,20.2,10.7,1.6,3.4
FNDDS-2021-2023-27564440,"Chili hot dog sandwich, on white bun (1 sandwich, 166 g)","Chili hot dog sandwich, on white bun (1 sandwich, 166 g)",food,370.2,16.5,31.2,19.9,4.9,2.8
FNDDS-2021-2023-27564441,"Chili hot dog sandwich, on wheat bun (1 sandwich, 166 g)","Chili hot dog sandwich, on wheat bun (1 sandwich, 166 g)",food,363.5,17.3,29.0,19.9,4.0,4.5
FNDDS-2021-2023-27564450,"Chili hot dog sandwich, on white bread (1 sandwich (1 slice bread), 151 g)","Chili hot dog sandwich, on white bread (1 sandwich (1 slice bread), 151 g)",food,324.6,14.9,23.3,19.2,3.2,2.7
FNDDS-2021-2023-27564460,"Chili hot dog sandwich, on wheat bread (1 sandwich (1 slice bread), 151 g)","Chili hot dog sandwich, on wheat bread (1 sandwich (1 slice bread), 151 g)",food,324.6,15.6,22.2,19.3,3.2,3.6
FNDDS-2021-2023-27580010,"Multiple meat sandwich on white (1 regular, 145 g)","Multiple meat sandwich on white (1 regular, 145 g)",food,275.5,18.7,31.5,8.1,3.8,1.4
FNDDS-2021-2023-27580020,"Multiple meat sandwich on white, with cheese (1 regular, 165 g)","Multiple meat sandwich on white, with cheese (1 regular, 165 g)",food,348.1,22.8,32.2,14.1,4.4,1.3
FNDDS-2021-2023-27580030,"Multiple meat sandwich on wheat (1 regular, 145 g)","Multiple meat sandwich on wheat (1 regular, 145 g)",food,274.1,19.9,29.1,8.4,3.7,3.2
FNDDS-2021-2023-27580040,"Multiple meat sandwich on wheat, with cheese (1 regular, 165 g)","Multiple meat sandwich on wheat, with cheese (1 regular, 165 g)",food,346.5,23.9,30.0,14.3,4.3,3.3
FNDDS-2021-2023-27580050,"Multiple meat sandwich or sub, restaurant (1 regular, 165 g)","Multiple meat sandwich or sub, restaurant (1 regular, 165 g)",food,301.9,21.8,31.7,9.5,3.9,1.3
FNDDS-2021-2023-27580060,"Multiple meat sandwich or sub, with cheese, restaurant (1 regular, 190 g)","Multiple meat sandwich or sub, with cheese, restaurant (1 regular, 190 g)",food,395.2,27.0,32.7,17.2,4.6,1.3
FNDDS-2021-2023-27580070,"Multiple meat sandwich wrap (1 sandwich, any size, 165 g)","Multiple meat sandwich wrap (1 sandwich, any size, 165 g)",food,372.9,22.1,32.3,16.7,3.4,2.1
FNDDS-2021-2023-27580110,"Turkey and ham sandwich on white (1 sandwich, any size, 145 g)","Turkey and ham sandwich on white (1 sandwich, any size, 145 g)",food,249.4,19.0,30.7,5.3,3.6,1.4
FNDDS-2021-2023-27580120,"Turkey and ham sandwich on white, with cheese (1 sandwich, any size, 165 g)","Turkey and ham sandwich on white, with cheese (1 sandwich, any size, 165 g)",food,321.8,23.1,31.7,11.3,4.2,1.3
FNDDS-2021-2023-27580130,"Turkey and ham sandwich on wheat (1 sandwich, any size, 145 g)","Turkey and ham sandwich on wheat (1 sandwich, any size, 145 g)",food,246.5,20.2,28.4,5.6,3.5,3.2
FNDDS-2021-2023-27580140,"Turkey and ham sandwich on wheat, with cheese (1 sandwich, any size, 165 g)","Turkey and ham sandwich on wheat, with cheese (1 sandwich, any size, 165 g)",food,320.1,24.4,29.4,11.5,4.1,3.3
FNDDS-2021-2023-27580150,"Turkey and ham sandwich or sub, restaurant (1 regular, 165 g)","Turkey and ham sandwich or sub, restaurant (1 regular, 165 g)",food,268.9,22.3,30.7,6.1,3.7,1.3
FNDDS-2021-2023-27580160,"Turkey and ham sandwich or sub, with cheese, restaurant (1 regular, 195 g)","Turkey and ham sandwich or sub, with cheese, restaurant (1 regular, 195 g)",food,372.4,28.3,32.4,14.2,4.5,1.4
FNDDS-2021-2023-28110150,"Beef with vegetable, diet frozen meal (1 meal (10 oz), 284 g)","Beef with vegetable, diet frozen meal (1 meal (10 oz), 284 g)",food,355.0,30.1,13.3,19.7,8.0,2.3
FNDDS-2021-2023-28110310,"Salisbury steak with gravy, potatoes, vegetable, frozen meal (1 Armour meal (11 oz), 312 g)","Salisbury steak with gravy, potatoes, vegetable, frozen meal (1 Armour meal (11 oz), 312 g)",food,455.5,21.3,34.0,26.2,4.2,3.7
FNDDS-2021-2023-28110330,"Salisbury steak with gravy, whipped potatoes, vegetable, dessert, frozen meal (1 Swanson Salisbury Steak Dinner (11 oz), 312 g)","Salisbury steak with gravy, whipped potatoes, vegetable, dessert, frozen meal (1 Swanson Salisbury Steak Dinner (11 oz), 312 g)",food,439.9,23.9,39.3,20.8,7.0,3.1
FNDDS-2021-2023-28110380,"Salisbury steak with gravy, macaroni and cheese, frozen meal (1 meal (10 oz), 284 g)","Salisbury steak with gravy, macaroni and cheese, frozen meal (1 meal (10 oz), 284 g)",food,573.7,29.5,57.9,24.2,5.0,3.7
FNDDS-2021-2023-28110510,"Beef, sliced, with gravy, potatoes, vegetable, frozen meal (1 Banquet meal (9.5 oz), 269 g)","Beef, sliced, with gravy, potatoes, vegetable, frozen meal (1 Banquet meal (9.5 oz), 269 g)",food,336.2,21.8,17.7,19.6,2.2,1.9
FNDDS-2021-2023-28110660,"Meatballs, Swedish, in gravy, with noodles, diet frozen meal (1 meal (9.1 oz), 258 g)","Meatballs, Swedish, in gravy, with noodles, diet frozen meal (1 meal (9.1 oz), 258 g)",food,289.0,25.5,26.6,8.6,3.0,2.1
FNDDS-2021-2023-28113140,"Beef with spaetzle or rice, vegetable, frozen meal (1 Stouffer's meal (10.5 oz), 298 g)","Beef with spaetzle or rice, vegetable, frozen meal (1 Stouffer's meal (10.5 oz), 298 g)",food,351.6,20.6,36.4,13.0,3.7,1.8
FNDDS-2021-2023-28140710,"Chicken, fried, with potatoes, vegetable, frozen meal (1 meal (11 oz), 312 g)","Chicken, fried, with potatoes, vegetable, frozen meal (1 meal (11 oz), 312 g)",food,489.8,32.1,33.1,25.4,4.0,5.3
FNDDS-2021-2023-28140720,"Chicken patty, or nuggets, boneless, breaded, potatoes, vegetable, frozen meal (1 Banquet meal (6.75 oz), 191 g)","Chicken patty, or nuggets, boneless, breaded, potatoes, vegetable, frozen meal (1 Banquet meal (6.75 oz), 191 g)",food,334.2,20.4,30.6,15.5,1.9,2.7
FNDDS-2021-2023-28141010,"Chicken, fried, with potatoes, vegetable, dessert, frozen meal, large meat portion (1 Banquet meal (16.5 oz), 468 g)","Chicken, fried, with potatoes, vegetable, dessert, frozen meal, large meat portion (1 Banquet meal (16.5 oz), 468 g)",food,940.7,51.0,84.2,46.5,28.2,6.1
FNDDS-2021-2023-28141201,"Teriyaki chicken with rice and vegetable, diet frozen meal (1 Lean Cuisine meal (11 oz), 312 g)","Teriyaki chicken with rice and vegetable, diet frozen meal (1 Lean Cuisine meal (11 oz), 312 g)",food,393.1,17.6,70.2,4.9,12.7,2.2
FNDDS-2021-2023-28141250,"Chicken with rice and vegetable, diet frozen meal (1 meal (8.5 oz), 241 g)","Chicken with rice and vegetable, diet frozen meal (1 meal (8.5 oz), 241 g)",food,267.5,23.6,26.5,7.3,4.5,1.9
FNDDS-2021-2023-28141650,"Chicken and vegetables au gratin with rice, diet frozen entree (1 entree (9.1 oz), 258 g)","Chicken and vegetables au gratin with rice, diet frozen entree (1 entree (9.1 oz), 258 g)",food,309.6,27.6,18.7,14.0,2.3,2.1
FNDDS-2021-2023-28143020,"Chicken and vegetable entree with rice, diet frozen meal (1 meal (9 oz), 255 g)","Chicken and vegetable entree with rice, diet frozen meal (1 meal (9 oz), 255 g)",food,436.0,26.5,50.0,14.2,16.4,1.8
FNDDS-2021-2023-28143080,"Chicken with noodles and cheese sauce, diet frozen meal (1 Healthy Choice meal (8.5 oz), 241 g)","Chicken with noodles and cheese sauce, diet frozen meal (1 Healthy Choice meal (8.5 oz), 241 g)",food,274.7,24.3,28.2,6.9,0.7,1.7
FNDDS-2021-2023-28143150,"Chicken and vegetable entree with noodles, diet frozen meal (1 Lean Cuisine meal (11.75 oz), 333 g)","Chicken and vegetable entree with noodles, diet frozen meal (1 Lean Cuisine meal (11.75 oz), 333 g)",food,283.1,25.2,32.6,6.3,7.6,5.3
FNDDS-2021-2023-28143200,"Chicken in soy-based sauce, rice and vegetables, frozen meal (1 meal (9 oz), 255 g)","Chicken in soy-based sauce, rice and vegetables, frozen meal (1 meal (9 oz), 255 g)",food,277.9,16.7,46.2,2.3,3.6,2.5
FNDDS-2021-2023-28144100,"Chicken and vegetable entree with noodles and cream sauce, frozen meal (1 meal (10 oz), 284 g)","Chicken and vegetable entree with noodles and cream sauce, frozen meal (1 meal (10 oz), 284 g)",food,352.2,24.1,30.4,14.7,4.5,2.6
FNDDS-2021-2023-28145110,"Turkey with vegetable, stuffing, diet frozen meal (1 Weight Watchers meal (8.5 oz), 241 g)","Turkey with vegetable, stuffing, diet frozen meal (1 Weight Watchers meal (8.5 oz), 241 g)",food,231.4,22.4,25.8,4.4,9.1,3.6
FNDDS-2021-2023-28145210,"Turkey with gravy, dressing, potatoes, vegetable, frozen meal (1 Banquet meal (9.25 oz), 262 g)","Turkey with gravy, dressing, potatoes, vegetable, frozen meal (1 Banquet meal (9.25 oz), 262 g)",food,335.4,18.3,42.7,10.2,12.6,3.4
FNDDS-2021-2023-28150510,"Fish in lemon-butter sauce with starch item, vegetable, frozen meal (1 meal (10 oz), 284 g)","Fish in lemon-butter sauce with starch item, vegetable, frozen meal (1 meal (10 oz), 284 g)",food,286.8,15.5,31.2,10.7,3.0,3.1
FNDDS-2021-2023-28154010,"Shrimp and vegetables in sauce with noodles, diet frozen meal (1 meal (11 oz), 312 g)","Shrimp and vegetables in sauce with noodles, diet frozen meal (1 meal (11 oz), 312 g)",food,283.9,16.5,41.8,5.4,5.8,4.7
FNDDS-2021-2023-28160310,"Meat loaf with potatoes, vegetable, frozen meal (1 Banquet meal (9.5 oz), 269 g)","Meat loaf with potatoes, vegetable, frozen meal (1 Banquet meal (9.5 oz), 269 g)",food,360.5,17.9,27.2,19.9,8.1,3.2
FNDDS-2021-2023-28310230,"Soup, meatball (1 cup, 245 g)","Soup, meatball (1 cup, 245 g)",food,127.4,6.5,13.5,5.3,3.6,2.2
FNDDS-2021-2023-28310330,"Soup, pho, with meat (1 cup, 245 g)","Soup, pho, with meat (1 cup, 245 g)",food,188.7,14.2,13.7,8.2,1.1,1.0
FNDDS-2021-2023-28310335,"Soup, pho, no meat (1 cup, 245 g)","Soup, pho, no meat (1 cup, 245 g)",food,90.7,3.5,14.5,2.3,1.6,1.2
FNDDS-2021-2023-28311010,"Soup, pepperpot (1 cup, 245 g)","Soup, pepperpot (1 cup, 245 g)",food,223.0,7.5,16.6,14.1,3.6,2.2
FNDDS-2021-2023-28315050,"Soup, beef, canned (1 cup, 245 g)","Soup, beef, canned (1 cup, 245 g)",food,90.7,4.8,11.9,2.9,3.0,2.2
FNDDS-2021-2023-28315140,"Soup, sopa or caldo de res (1 cup, 245 g)","Soup, sopa or caldo de res (1 cup, 245 g)",food,174.0,14.5,9.9,8.3,2.7,2.0
FNDDS-2021-2023-28315150,"Soup, pozole (1 cup, 245 g)","Soup, pozole (1 cup, 245 g)",food,105.4,8.3,11.2,3.0,2.4,2.2
FNDDS-2021-2023-28315160,"Soup, Italian wedding (1 cup, 245 g)","Soup, Italian wedding (1 cup, 245 g)",food,161.7,8.7,18.1,5.9,1.7,2.2
FNDDS-2021-2023-28320160,"Soup, pork or ham (1 cup, 245 g)","Soup, pork or ham (1 cup, 245 g)",food,117.6,7.7,9.9,5.3,2.7,2.0
FNDDS-2021-2023-28340120,"Soup, broth (1 cup, 240 g)","Soup, broth (1 cup, 240 g)",food,14.4,2.1,0.6,0.5,0.5,0.0
FNDDS-2021-2023-28340600,"Soup, chicken, canned (1 cup, 245 g)","Soup, chicken, canned (1 cup, 245 g)",food,80.9,4.9,11.9,1.8,3.0,2.2
FNDDS-2021-2023-28340660,"Soup, chicken (1 cup, 245 g)","Soup, chicken (1 cup, 245 g)",food,98.0,8.4,9.9,2.8,2.7,2.0
FNDDS-2021-2023-28340670,"Soup, sopa or caldo de pollo (1 cup, 245 g)","Soup, sopa or caldo de pollo (1 cup, 245 g)",food,134.8,15.3,9.9,3.9,2.7,2.0
FNDDS-2021-2023-28340750,"Soup, hot and sour (1 cup, 245 g)","Soup, hot and sour (1 cup, 245 g)",food,95.6,6.3,10.7,3.0,1.0,1.2
FNDDS-2021-2023-28345110,"Soup, cream of chicken (1 cup, 255 g)","Soup, cream of chicken (1 cup, 255 g)",food,232.0,10.2,17.3,13.8,3.7,2.3
FNDDS-2021-2023-28350220,"Soup, Manhattan clam chowder (1 cup, 245 g)","Soup, Manhattan clam chowder (1 cup, 245 g)",food,85.8,6.1,12.9,1.2,3.0,2.0
FNDDS-2021-2023-28355110,"Soup, New England clam chowder (1 cup, 255 g)","Soup, New England clam chowder (1 cup, 255 g)",food,237.1,8.0,23.6,12.2,2.4,2.5
FNDDS-2021-2023-28355250,"Soup, bisque (1 cup, 255 g)","Soup, bisque (1 cup, 255 g)",food,191.2,5.8,15.0,12.3,4.8,2.3
FNDDS-2021-2023-28355260,"Lobster gumbo (1 cup, 244 g)","Lobster gumbo (1 cup, 244 g)",food,144.0,15.1,11.3,4.3,4.3,2.2
FNDDS-2021-2023-28355440,"Shrimp gumbo (1 cup, 244 g)","Shrimp gumbo (1 cup, 244 g)",food,148.8,15.9,11.3,4.6,4.3,2.2
FNDDS-2021-2023-28355480,"Soup, fish or shrimp (1 cup, 245 g)","Soup, fish or shrimp (1 cup, 245 g)",food,73.5,6.3,9.9,1.2,2.7,2.0
FNDDS-2021-2023-28500000,"Gravy, poultry (1 cup, 240 g)","Gravy, poultry (1 cup, 240 g)",food,115.2,1.7,12.7,6.3,0.7,0.2
FNDDS-2021-2023-28500040,"Gravy, beef (1 cup, 240 g)","Gravy, beef (1 cup, 240 g)",food,127.2,9.0,11.5,5.7,0.5,1.0
FNDDS-2021-2023-28501010,"Gravy, beef, fat free (1 cup, 240 g)","Gravy, beef, fat free (1 cup, 240 g)",food,127.2,9.0,11.5,5.7,0.5,1.0
FNDDS-2021-2023-28501110,"Gravy, poultry, fat free (1 cup, 240 g)","Gravy, poultry, fat free (1 cup, 240 g)",food,115.2,1.7,12.7,6.3,0.7,0.2
FNDDS-2021-2023-28520000,"Gravy, made with soy sauce (1 cup, 240 g)","Gravy, made with soy sauce (1 cup, 240 g)",food,110.4,2.0,23.6,0.7,9.1,0.2
FNDDS-2021-2023-28520100,"Oyster sauce (1 tablespoon, 16 g)","Oyster sauce (1 tablespoon, 16 g)",food,8.2,0.2,1.7,0.0,0.0,0.0
FNDDS-2021-2023-28522000,"Mole sauce (1 tablespoon, 16 g)","Mole sauce (1 tablespoon, 16 g)",food,12.0,0.2,1.7,0.6,1.1,0.2
FNDDS-2021-2023-31101010,"Egg, whole, raw (1 egg, 50 g)","Egg, whole, raw (1 egg, 50 g)",food,71.5,6.2,0.5,5.0,0.1,0.0
FNDDS-2021-2023-31103010,"Egg, whole, boiled or poached (1 egg, 50 g)","Egg, whole, boiled or poached (1 egg, 50 g)",food,71.5,6.2,0.5,5.0,0.1,0.0
FNDDS-2021-2023-31105010,"Egg, whole, fried no added fat (1 egg, 50 g)","Egg, whole, fried no added fat (1 egg, 50 g)",food,71.5,6.2,0.5,5.0,0.1,0.0
FNDDS-2021-2023-31105020,"Egg, whole, fried with margarine (1 egg, 55 g)","Egg, whole, fried with margarine (1 egg, 55 g)",food,94.1,6.4,0.5,7.4,0.1,0.0
FNDDS-2021-2023-31105030,"Egg, whole, fried with oil (1 egg, 55 g)","Egg, whole, fried with oil (1 egg, 55 g)",food,105.6,6.4,0.5,8.7,0.1,0.0
FNDDS-2021-2023-31105040,"Egg, whole, fried with butter (1 egg, 55 g)","Egg, whole, fried with butter (1 egg, 55 g)",food,100.1,6.4,0.5,8.0,0.1,0.0
FNDDS-2021-2023-31105060,"Egg, whole, fried with animal fat or meat drippings (1 egg, 55 g)","Egg, whole, fried with animal fat or meat drippings (1 egg, 55 g)",food,103.4,6.4,0.5,8.4,0.1,0.0
FNDDS-2021-2023-31105080,"Egg, whole, fried with cooking spray (1 egg, 50 g)","Egg, whole, fried with cooking spray (1 egg, 50 g)",food,74.5,6.1,0.6,5.3,0.1,0.0
FNDDS-2021-2023-31105090,"Egg, whole, fried, from fast food / restaurant (1 egg, 55 g)","Egg, whole, fried, from fast food / restaurant (1 egg, 55 g)",food,105.6,6.4,0.5,8.7,0.1,0.0
FNDDS-2021-2023-31106010,"Egg, whole, baked, no added fat (1 egg, 50 g)","Egg, whole, baked, no added fat (1 egg, 50 g)",food,71.5,6.2,0.5,5.0,0.1,0.0
FNDDS-2021-2023-31106020,"Egg, whole, baked, fat added (1 egg, 55 g)","Egg, whole, baked, fat added (1 egg, 55 g)",food,101.8,6.4,0.5,8.2,0.1,0.0
FNDDS-2021-2023-31107000,"Egg, whole, pickled (1 egg, 50 g)","Egg, whole, pickled (1 egg, 50 g)",food,77.0,6.2,0.6,5.2,0.6,0.0
FNDDS-2021-2023-31108010,"Egg, white only, raw (1 egg white, 33 g)","Egg, white only, raw (1 egg white, 33 g)",food,17.2,3.5,0.8,0.0,0.2,0.0
FNDDS-2021-2023-31108110,"Egg, white, cooked, no added fat (1 egg white, 33 g)","Egg, white, cooked, no added fat (1 egg white, 33 g)",food,17.2,3.5,0.8,0.0,0.2,0.0
FNDDS-2021-2023-31108120,"Egg, white, cooked, fat added (1 egg white, 36 g)","Egg, white, cooked, fat added (1 egg white, 36 g)",food,36.0,3.6,0.8,2.1,0.2,0.0
FNDDS-2021-2023-31110010,"Egg, yolk only, raw (1 egg, 17 g)","Egg, yolk only, raw (1 egg, 17 g)",food,55.8,2.8,0.2,4.9,0.1,0.0
FNDDS-2021-2023-31111010,"Egg, yolk only, cooked, no added fat (1 egg, 17 g)","Egg, yolk only, cooked, no added fat (1 egg, 17 g)",food,55.6,2.8,0.2,4.9,0.1,0.0
FNDDS-2021-2023-31111020,"Egg, yolk only, cooked, fat added (1 egg, 20 g)","Egg, yolk only, cooked, fat added (1 egg, 20 g)",food,71.4,3.0,0.2,6.5,0.1,0.0
FNDDS-2021-2023-31201000,"Duck egg, cooked (1 egg, 70 g)","Duck egg, cooked (1 egg, 70 g)",food,156.8,8.4,1.0,13.0,0.6,0.0
FNDDS-2021-2023-31202000,"Goose egg, cooked (1 egg, 144 g)","Goose egg, cooked (1 egg, 144 g)",food,322.6,18.6,1.8,26.1,1.3,0.0
FNDDS-2021-2023-31203000,"Quail egg, canned (1 egg, 9 g)","Quail egg, canned (1 egg, 9 g)",food,14.2,1.2,0.0,1.0,0.0,0.0
FNDDS-2021-2023-32101000,"Egg, creamed (1 egg, 145 g)","Egg, creamed (1 egg, 145 g)",food,214.6,11.3,8.0,15.1,4.4,0.1
FNDDS-2021-2023-32101500,"Egg, Benedict (1 egg, 155 g)","Egg, Benedict (1 egg, 155 g)",food,446.4,21.4,13.1,34.3,1.8,0.9
FNDDS-2021-2023-32102000,"Egg, deviled (1 egg, 30 g)","Egg, deviled (1 egg, 30 g)",food,59.4,3.4,0.3,4.8,0.3,0.0
FNDDS-2021-2023-32103000,"Egg salad, made with mayonnaise (1 medium egg, 68 g)","Egg salad, made with mayonnaise (1 medium egg, 68 g)",food,174.8,7.0,0.7,15.7,0.7,0.0
FNDDS-2021-2023-32103015,"Egg salad, made with light mayonnaise (1 medium egg, 68 g)","Egg salad, made with light mayonnaise (1 medium egg, 68 g)",food,117.0,6.8,1.9,8.8,1.1,0.0
FNDDS-2021-2023-32103020,"Egg salad, made with mayonnaise-type salad dressing (1 medium egg, 68 g)","Egg salad, made with mayonnaise-type salad dressing (1 medium egg, 68 g)",food,118.3,6.9,2.7,8.7,2.0,0.0
FNDDS-2021-2023-32103025,"Egg salad, made with light mayonnaise-type salad dressing (1 medium egg, 68 g)","Egg salad, made with light mayonnaise-type salad dressing (1 medium egg, 68 g)",food,117.0,6.8,1.9,8.8,1.1,0.0
FNDDS-2021-2023-32103030,"Egg salad, made with creamy dressing (1 medium egg, 68 g)","Egg salad, made with creamy dressing (1 medium egg, 68 g)",food,144.2,6.9,1.4,12.0,1.3,0.0
FNDDS-2021-2023-32103035,"Egg salad, made with light creamy dressing (1 medium egg, 68 g)","Egg salad, made with light creamy dressing (1 medium egg, 68 g)",food,105.4,6.9,1.6,7.7,1.4,0.0
FNDDS-2021-2023-32103040,"Egg salad, made with Italian dressing (1 medium egg, 68 g)","Egg salad, made with Italian dressing (1 medium egg, 68 g)",food,117.0,6.8,2.3,8.6,2.1,0.0
FNDDS-2021-2023-32103045,"Egg salad, made with light Italian dressing (1 medium egg, 68 g)","Egg salad, made with light Italian dressing (1 medium egg, 68 g)",food,97.2,6.8,2.0,6.6,1.9,0.0
FNDDS-2021-2023-32103050,"Egg Salad, made with any type of fat free dressing (1 medium egg, 68 g)","Egg Salad, made with any type of fat free dressing (1 medium egg, 68 g)",food,94.5,6.7,2.9,6.0,2.1,0.3
FNDDS-2021-2023-32105180,"Huevos rancheros (1 egg, 118 g)","Huevos rancheros (1 egg, 118 g)",food,142.8,7.9,10.4,7.8,2.7,2.0
FNDDS-2021-2023-32105190,"Egg casserole with bread, cheese, milk and meat (1 cup, 164 g)","Egg casserole with bread, cheese, milk and meat (1 cup, 164 g)",food,287.0,18.7,16.7,16.0,4.5,0.7
FNDDS-2021-2023-32105210,"Chicken egg foo yung (1 patty, 86 g)","Chicken egg foo yung (1 patty, 86 g)",food,117.8,11.0,4.1,6.3,2.6,0.3
FNDDS-2021-2023-32105220,"Pork egg foo yung (1 patty, 86 g)","Pork egg foo yung (1 patty, 86 g)",food,128.1,11.4,4.1,7.1,2.6,0.3
FNDDS-2021-2023-32105230,"Shrimp egg foo yung (1 cup, 175 g)","Shrimp egg foo yung (1 cup, 175 g)",food,218.8,20.5,9.1,10.8,5.4,0.5
FNDDS-2021-2023-32105240,"Beef egg foo yung (1 patty, 86 g)","Beef egg foo yung (1 patty, 86 g)",food,126.4,11.9,4.1,6.9,2.6,0.3
FNDDS-2021-2023-32130000,"Egg omelet or scrambled egg, made with margarine (1 egg, 55 g)","Egg omelet or scrambled egg, made with margarine (1 egg, 55 g)",food,94.1,6.4,0.5,7.4,0.1,0.0
FNDDS-2021-2023-32130010,"Egg omelet or scrambled egg, made with oil (1 egg, 55 g)","Egg omelet or scrambled egg, made with oil (1 egg, 55 g)",food,105.6,6.4,0.5,8.7,0.1,0.0
FNDDS-2021-2023-32130020,"Egg omelet or scrambled egg, made with butter (1 egg, 55 g)","Egg omelet or scrambled egg, made with butter (1 egg, 55 g)",food,100.1,6.4,0.5,8.0,0.1,0.0
FNDDS-2021-2023-32130040,"Egg omelet or scrambled egg, made with animal fat or meat drippings (1 egg, 55 g)","Egg omelet or scrambled egg, made with animal fat or meat drippings (1 egg, 55 g)",food,103.4,6.4,0.5,8.4,0.1,0.0
FNDDS-2021-2023-32130060,"Egg omelet or scrambled egg, made with cooking spray (1 egg, 50 g)","Egg omelet or scrambled egg, made with cooking spray (1 egg, 50 g)",food,74.5,6.1,0.6,5.3,0.1,0.0
FNDDS-2021-2023-32130070,"Egg omelet or scrambled egg, no added fat (1 egg, 50 g)","Egg omelet or scrambled egg, no added fat (1 egg, 50 g)",food,71.5,6.2,0.5,5.0,0.1,0.0
FNDDS-2021-2023-32130080,"Egg omelet or scrambled egg, from fast food / restaurant (1 egg, 55 g)","Egg omelet or scrambled egg, from fast food / restaurant (1 egg, 55 g)",food,105.6,6.4,0.5,8.7,0.1,0.0
FNDDS-2021-2023-32130100,"Egg omelet or scrambled egg, with cheese, made with margarine (1 egg, 65 g)","Egg omelet or scrambled egg, with cheese, made with margarine (1 egg, 65 g)",food,126.1,8.2,0.9,10.0,0.3,0.0
FNDDS-2021-2023-32130110,"Egg omelet or scrambled egg, with cheese, made with oil (1 egg, 65 g)","Egg omelet or scrambled egg, with cheese, made with oil (1 egg, 65 g)",food,137.8,8.2,0.9,11.3,0.3,0.0
FNDDS-2021-2023-32130120,"Egg omelet or scrambled egg, with cheese, made with butter (1 egg, 65 g)","Egg omelet or scrambled egg, with cheese, made with butter (1 egg, 65 g)",food,132.0,8.3,0.9,10.6,0.4,0.0
FNDDS-2021-2023-32130140,"Egg omelet or scrambled egg, with cheese, made with animal fat or meat drippings (1 egg, 65 g)","Egg omelet or scrambled egg, with cheese, made with animal fat or meat drippings (1 egg, 65 g)",food,135.8,8.3,0.9,11.0,0.3,0.0
FNDDS-2021-2023-32130160,"Egg omelet or scrambled egg, with cheese, made with cooking spray (1 egg, 60 g)","Egg omelet or scrambled egg, with cheese, made with cooking spray (1 egg, 60 g)",food,105.6,8.0,1.0,7.7,0.3,0.0
FNDDS-2021-2023-32130170,"Egg omelet or scrambled egg, with cheese, no added fat (1 egg, 60 g)","Egg omelet or scrambled egg, with cheese, no added fat (1 egg, 60 g)",food,102.6,8.0,0.9,7.4,0.3,0.0
FNDDS-2021-2023-32130200,"Egg omelet or scrambled egg, with meat, made with margarine (1 egg, 75 g)","Egg omelet or scrambled egg, with meat, made with margarine (1 egg, 75 g)",food,135.8,9.5,0.8,10.6,0.2,0.0
FNDDS-2021-2023-32130210,"Egg omelet or scrambled egg, with meat, made with oil (1 egg, 75 g)","Egg omelet or scrambled egg, with meat, made with oil (1 egg, 75 g)",food,149.2,9.5,0.7,12.1,0.2,0.0
FNDDS-2021-2023-32130220,"Egg omelet or scrambled egg, with meat, made with butter (1 egg, 75 g)","Egg omelet or scrambled egg, with meat, made with butter (1 egg, 75 g)",food,142.5,9.5,0.7,11.2,0.2,0.0
FNDDS-2021-2023-32130240,"Egg omelet or scrambled egg, with meat, made with animal fat or meat drippings (1 egg, 75 g)","Egg omelet or scrambled egg, with meat, made with animal fat or meat drippings (1 egg, 75 g)",food,147.0,9.6,0.7,11.7,0.2,0.0
FNDDS-2021-2023-32130260,"Egg omelet or scrambled egg, with meat, made with cooking spray (1 egg, 70 g)","Egg omelet or scrambled egg, with meat, made with cooking spray (1 egg, 70 g)",food,113.4,9.4,0.8,8.0,0.2,0.0
FNDDS-2021-2023-32130270,"Egg omelet or scrambled egg, with meat, no added fat (1 egg, 70 g)","Egg omelet or scrambled egg, with meat, no added fat (1 egg, 70 g)",food,109.9,9.4,0.7,7.7,0.2,0.0
FNDDS-2021-2023-32130300,"Egg omelet or scrambled egg, with cheese and meat, made with margarine (1 egg, 85 g)","Egg omelet or scrambled egg, with cheese and meat, made with margarine (1 egg, 85 g)",food,168.3,11.3,1.2,13.2,0.5,0.0
FNDDS-2021-2023-32130310,"Egg omelet or scrambled egg, with cheese and meat, made with oil (1 egg, 85 g)","Egg omelet or scrambled egg, with cheese and meat, made with oil (1 egg, 85 g)",food,182.8,11.3,1.2,14.8,0.5,0.0
FNDDS-2021-2023-32130320,"Egg omelet or scrambled egg, with cheese and meat, made with butter (1 egg, 85 g)","Egg omelet or scrambled egg, with cheese and meat, made with butter (1 egg, 85 g)",food,175.9,11.3,1.2,13.9,0.5,0.0
FNDDS-2021-2023-32130340,"Egg omelet or scrambled egg, with cheese and meat, made with animal fat or meat drippings (1 egg, 85 g)","Egg omelet or scrambled egg, with cheese and meat, made with animal fat or meat drippings (1 egg, 85 g)",food,180.2,11.4,1.2,14.4,0.5,0.0
FNDDS-2021-2023-32130360,"Egg omelet or scrambled egg, with cheese and meat, made with cooking spray (1 egg, 80 g)","Egg omelet or scrambled egg, with cheese and meat, made with cooking spray (1 egg, 80 g)",food,145.6,11.1,1.3,10.6,0.4,0.0
FNDDS-2021-2023-32130370,"Egg omelet or scrambled egg, with cheese and meat, no added fat (1 egg, 80 g)","Egg omelet or scrambled egg, with cheese and meat, no added fat (1 egg, 80 g)",food,141.6,11.2,1.2,10.2,0.5,0.0
FNDDS-2021-2023-32130400,"Egg omelet or scrambled egg, with tomatoes, fat added (1 egg, 75 g)","Egg omelet or scrambled egg, with tomatoes, fat added (1 egg, 75 g)",food,123.8,7.7,1.1,9.9,0.4,0.2
FNDDS-2021-2023-32130410,"Egg omelet or scrambled egg, with tomatoes, no added fat (1 egg, 70 g)","Egg omelet or scrambled egg, with tomatoes, no added fat (1 egg, 70 g)",food,88.9,7.6,1.1,6.1,0.4,0.1
FNDDS-2021-2023-32130430,"Egg omelet or scrambled egg, with dark-green vegetables, fat added (1 egg, 75 g)","Egg omelet or scrambled egg, with dark-green vegetables, fat added (1 egg, 75 g)",food,124.5,7.9,1.0,9.9,0.2,0.2
FNDDS-2021-2023-32130440,"Egg omelet or scrambled egg, with dark-green vegetables, no added fat (1 egg, 70 g)","Egg omelet or scrambled egg, with dark-green vegetables, no added fat (1 egg, 70 g)",food,90.3,7.8,1.0,6.1,0.2,0.2
FNDDS-2021-2023-32130460,"Egg omelet or scrambled egg, with tomatoes and dark-green vegetables, fat added (1 egg, 75 g)","Egg omelet or scrambled egg, with tomatoes and dark-green vegetables, fat added (1 egg, 75 g)",food,123.8,7.7,1.1,9.8,0.4,0.2
FNDDS-2021-2023-32130470,"Egg omelet or scrambled egg, with tomatoes and dark-green vegetables, no fat added (1 egg, 70 g)","Egg omelet or scrambled egg, with tomatoes and dark-green vegetables, no fat added (1 egg, 70 g)",food,88.9,7.6,1.1,6.0,0.3,0.1
FNDDS-2021-2023-32130490,"Egg omelet or scrambled egg, with vegetables other than dark green and/or tomatoes, fat added (1 egg, 75 g)","Egg omelet or scrambled egg, with vegetables other than dark green and/or tomatoes, fat added (1 egg, 75 g)",food,125.2,7.9,1.1,9.9,0.4,0.2
FNDDS-2021-2023-32130500,"Egg omelet or scrambled egg, with vegetables other than dark green and/or tomatoes, no added fat (1 egg, 70 g)","Egg omelet or scrambled egg, with vegetables other than dark green and/or tomatoes, no added fat (1 egg, 70 g)",food,90.3,7.8,1.1,6.1,0.4,0.2
FNDDS-2021-2023-32130600,"Egg omelet or scrambled egg, with cheese and tomatoes, fat added (1 egg, 85 g)","Egg omelet or scrambled egg, with cheese and tomatoes, fat added (1 egg, 85 g)",food,158.1,9.7,1.6,12.7,0.7,0.2
FNDDS-2021-2023-32130610,"Egg omelet or scrambled egg, with cheese and tomatoes, no added fat (1 egg, 80 g)","Egg omelet or scrambled egg, with cheese and tomatoes, no added fat (1 egg, 80 g)",food,123.2,9.6,1.6,8.7,0.7,0.2
FNDDS-2021-2023-32130630,"Egg omelet or scrambled egg, with cheese and dark-green vegetables, fat added (1 egg, 85 g)","Egg omelet or scrambled egg, with cheese and dark-green vegetables, fat added (1 egg, 85 g)",food,158.9,9.9,1.5,12.7,0.5,0.2
FNDDS-2021-2023-32130640,"Egg omelet or scrambled egg, with cheese and dark-green vegetables, no added fat (1 egg, 80 g)","Egg omelet or scrambled egg, with cheese and dark-green vegetables, no added fat (1 egg, 80 g)",food,124.0,9.8,1.5,8.8,0.5,0.2
FNDDS-2021-2023-32130660,"Egg omelet or scrambled egg, with cheese, tomatoes, and dark-green vegetables, fat added (1 egg, 85 g)","Egg omelet or scrambled egg, with cheese, tomatoes, and dark-green vegetables, fat added (1 egg, 85 g)",food,158.1,9.7,1.6,12.6,0.6,0.2
FNDDS-2021-2023-32130670,"Egg omelet or scrambled egg, with cheese, tomatoes, and dark-green vegetables, no added fat (1 egg, 80 g)","Egg omelet or scrambled egg, with cheese, tomatoes, and dark-green vegetables, no added fat (1 egg, 80 g)",food,122.4,9.6,1.5,8.7,0.6,0.2
FNDDS-2021-2023-32130690,"Egg omelet or scrambled egg, with cheese and vegetables other than dark green and/or tomatoes, fat added (1 egg, 85 g)","Egg omelet or scrambled egg, with cheese and vegetables other than dark green and/or tomatoes, fat added (1 egg, 85 g)",food,159.8,9.9,1.6,12.7,0.6,0.2
FNDDS-2021-2023-32130700,"Egg omelet or scrambled egg, with cheese and vegetables other than dark green and/or tomatoes, no added fat (1 egg, 80 g)","Egg omelet or scrambled egg, with cheese and vegetables other than dark green and/or tomatoes, no added fat (1 egg, 80 g)",food,124.0,9.8,1.6,8.8,0.6,0.2
FNDDS-2021-2023-32130800,"Egg omelet or scrambled egg, with meat and tomatoes, fat added (1 egg, 95 g)","Egg omelet or scrambled egg, with meat and tomatoes, fat added (1 egg, 95 g)",food,163.4,10.5,1.4,12.8,0.6,0.2
FNDDS-2021-2023-32130810,"Egg omelet or scrambled egg, with meat and tomatoes, no added fat (1 egg, 90 g)","Egg omelet or scrambled egg, with meat and tomatoes, no added fat (1 egg, 90 g)",food,123.3,10.5,1.4,8.5,0.6,0.2
FNDDS-2021-2023-32130830,"Egg omelet or scrambled egg, with meat and dark-green vegetables, fat added (1 egg, 95 g)","Egg omelet or scrambled egg, with meat and dark-green vegetables, fat added (1 egg, 95 g)",food,164.3,10.7,1.3,12.9,0.3,0.2
FNDDS-2021-2023-32130840,"Egg omelet or scrambled egg, with meat and dark-green vegetables, no added fat (1 egg, 90 g)","Egg omelet or scrambled egg, with meat and dark-green vegetables, no added fat (1 egg, 90 g)",food,124.2,10.7,1.3,8.5,0.3,0.2
FNDDS-2021-2023-32130860,"Egg omelet or scrambled egg, with meat, tomatoes, and dark-green vegetables, fat added (1 egg, 95 g)","Egg omelet or scrambled egg, with meat, tomatoes, and dark-green vegetables, fat added (1 egg, 95 g)",food,165.3,10.9,1.4,12.9,0.5,0.2
FNDDS-2021-2023-32130870,"Egg omelet or scrambled egg, with meat, tomatoes, and dark-green vegetables, no added fat (1 egg, 90 g)","Egg omelet or scrambled egg, with meat, tomatoes, and dark-green vegetables, no added fat (1 egg, 90 g)",food,126.9,10.9,1.4,8.7,0.5,0.2
FNDDS-2021-2023-32130890,"Egg omelet or scrambled egg, with meat and vegetables other than dark-green and/or tomatoes, fat added (1 egg, 95 g)","Egg omelet or scrambled egg, with meat and vegetables other than dark-green and/or tomatoes, fat added (1 egg, 95 g)",food,164.3,10.7,1.4,12.9,0.5,0.2
FNDDS-2021-2023-32130900,"Egg omelet or scrambled egg, with meat and vegetables other than dark-green and/or tomatoes, no added fat (1 egg, 90 g)","Egg omelet or scrambled egg, with meat and vegetables other than dark-green and/or tomatoes, no added fat (1 egg, 90 g)",food,125.1,10.8,1.4,8.5,0.5,0.2
FNDDS-2021-2023-32131000,"Egg omelet or scrambled egg, with cheese, meat, and tomatoes, fat added (1 egg, 105 g)","Egg omelet or scrambled egg, with cheese, meat, and tomatoes, fat added (1 egg, 105 g)",food,209.0,13.2,1.7,16.6,0.7,0.1
FNDDS-2021-2023-32131010,"Egg omelet or scrambled egg, with cheese, meat, and tomatoes, no added fat (1 egg, 100 g)","Egg omelet or scrambled egg, with cheese, meat, and tomatoes, no added fat (1 egg, 100 g)",food,168.0,13.2,1.7,12.0,0.7,0.1
FNDDS-2021-2023-32131030,"Egg omelet or scrambled egg, with cheese, meat, and dark-green vegetables, fat added (1 egg, 105 g)","Egg omelet or scrambled egg, with cheese, meat, and dark-green vegetables, fat added (1 egg, 105 g)",food,209.0,13.3,1.7,16.6,0.6,0.1
FNDDS-2021-2023-32131040,"Egg omelet or scrambled egg, with cheese, meat, and dark-green vegetables, no added fat (1 egg, 100 g)","Egg omelet or scrambled egg, with cheese, meat, and dark-green vegetables, no added fat (1 egg, 100 g)",food,169.0,13.3,1.7,12.0,0.6,0.1
FNDDS-2021-2023-32131060,"Egg omelet or scrambled egg, with cheese, meat, tomatoes, and dark-green vegetables, fat added (1 egg, 105 g)","Egg omelet or scrambled egg, with cheese, meat, tomatoes, and dark-green vegetables, fat added (1 egg, 105 g)",food,199.5,12.7,1.9,15.8,0.8,0.2
FNDDS-2021-2023-32131070,"Egg omelet or scrambled egg, with cheese, meat, tomatoes, and dark-green vegetables, no added fat (1 egg, 100 g)","Egg omelet or scrambled egg, with cheese, meat, tomatoes, and dark-green vegetables, no added fat (1 egg, 100 g)",food,160.0,12.6,1.9,11.4,0.8,0.2
FNDDS-2021-2023-32131090,"Egg omelet or scrambled egg, with cheese, meat, and vegetables other than dark-green and/or tomatoes, fat added (1 egg, 105 g)","Egg omelet or scrambled egg, with cheese, meat, and vegetables other than dark-green and/or tomatoes, fat added (1 egg, 105 g)",food,210.0,13.3,1.8,16.6,0.7,0.1
FNDDS-2021-2023-32131100,"Egg omelet or scrambled egg, with cheese, meat, and vegetables other than dark-green and/or tomatoes, no added fat (1 egg, 100 g)","Egg omelet or scrambled egg, with cheese, meat, and vegetables other than dark-green and/or tomatoes, no added fat (1 egg, 100 g)",food,169.0,13.4,1.8,12.0,0.7,0.1
FNDDS-2021-2023-32131200,"Egg omelet or scrambled egg, with potatoes and/or onions, fat added (1 egg, 75 g)","Egg omelet or scrambled egg, with potatoes and/or onions, fat added (1 egg, 75 g)",food,129.0,7.8,2.2,9.9,0.4,0.2
FNDDS-2021-2023-32131210,"Egg omelet or scrambled egg, with potatoes and/or onions, no added fat (1 egg, 70 g)","Egg omelet or scrambled egg, with potatoes and/or onions, no added fat (1 egg, 70 g)",food,93.8,7.7,2.2,6.1,0.3,0.2
FNDDS-2021-2023-32203010,"Egg salad sandwich on white (1 regular, 180 g)","Egg salad sandwich on white (1 regular, 180 g)",food,468.0,18.0,30.8,29.9,4.4,1.4
FNDDS-2021-2023-32203020,"Egg salad sandwich on wheat (1 regular, 180 g)","Egg salad sandwich on wheat (1 regular, 180 g)",food,466.2,19.1,28.4,30.2,4.3,3.2
FNDDS-2021-2023-32300100,"Soup, egg drop (1 cup, 245 g)","Soup, egg drop (1 cup, 245 g)",food,66.2,2.8,10.5,1.5,0.2,1.0
FNDDS-2021-2023-32400060,"Egg white omelet, scrambled, or fried, made with margarine (1 egg white, 36 g)","Egg white omelet, scrambled, or fried, made with margarine (1 egg white, 36 g)",food,31.0,3.6,0.8,1.5,0.2,0.0
FNDDS-2021-2023-32400065,"Egg white omelet, scrambled, or fried, made with oil (1 egg white, 36 g)","Egg white omelet, scrambled, or fried, made with oil (1 egg white, 36 g)",food,38.5,3.6,0.8,2.3,0.2,0.0
FNDDS-2021-2023-32400070,"Egg white omelet, scrambled, or fried, made with butter (1 egg white, 36 g)","Egg white omelet, scrambled, or fried, made with butter (1 egg white, 36 g)",food,34.9,3.6,0.8,1.9,0.3,0.0
FNDDS-2021-2023-32400075,"Egg white omelet, scrambled, or fried, made with cooking spray (1 egg white, 33 g)","Egg white omelet, scrambled, or fried, made with cooking spray (1 egg white, 33 g)",food,19.5,3.5,0.8,0.3,0.2,0.0
FNDDS-2021-2023-32400080,"Egg white omelet, scrambled, or fried, no added fat (1 egg white, 33 g)","Egg white omelet, scrambled, or fried, no added fat (1 egg white, 33 g)",food,17.2,3.5,0.8,0.0,0.2,0.0
FNDDS-2021-2023-32400100,"Egg white, omelet, scrambled, or fried, with cheese (1 egg white, 41 g)","Egg white, omelet, scrambled, or fried, with cheese (1 egg white, 41 g)",food,54.1,4.6,1.0,3.5,0.4,0.0
FNDDS-2021-2023-32400200,"Egg white, omelet, scrambled, or fried, with meat (1 egg white, 46 g)","Egg white, omelet, scrambled, or fried, with meat (1 egg white, 46 g)",food,54.7,5.2,1.0,3.3,0.3,0.0
FNDDS-2021-2023-32400300,"Egg white, omelet, scrambled, or fried, with vegetables (1 egg white, 46 g)","Egg white, omelet, scrambled, or fried, with vegetables (1 egg white, 46 g)",food,42.3,4.2,1.1,2.3,0.3,0.1
FNDDS-2021-2023-32400400,"Egg white, omelet, scrambled, or fried, with cheese and meat (1 egg white, 51 g)","Egg white, omelet, scrambled, or fried, with cheese and meat (1 egg white, 51 g)",food,71.9,6.1,1.3,4.7,0.5,0.0
FNDDS-2021-2023-32400500,"Egg white, omelet, scrambled, or fried, with cheese and vegetables (1 egg white, 51 g)","Egg white, omelet, scrambled, or fried, with cheese and vegetables (1 egg white, 51 g)",food,61.7,5.3,1.4,3.9,0.5,0.1
FNDDS-2021-2023-32400600,"Egg white, omelet, scrambled, or fried, with meat and vegetables (1 egg white, 56 g)","Egg white, omelet, scrambled, or fried, with meat and vegetables (1 egg white, 56 g)",food,58.2,5.6,1.4,3.4,0.4,0.1
FNDDS-2021-2023-32400700,"Egg white, omelet, scrambled, or fried, with cheese, meat, and vegetables (1 egg white, 61 g)","Egg white, omelet, scrambled, or fried, with cheese, meat, and vegetables (1 egg white, 61 g)",food,82.3,7.0,1.6,5.3,0.6,0.1
FNDDS-2021-2023-32401000,"Meringues (1 meringue, 22 g)","Meringues (1 meringue, 22 g)",dessert,71.3,1.6,16.6,0.0,16.1,0.0
FNDDS-2021-2023-33001010,"Egg substitute, omelet, scrambled, or fried, fat added (1 cup, cooked, 135 g)","Egg substitute, omelet, scrambled, or fried, fat added (1 cup, cooked, 135 g)",food,129.6,12.6,2.5,7.7,2.5,0.0
FNDDS-2021-2023-33001050,"Egg substitute, omelet, scrambled, or fried, no added fat (1 cup, cooked, 135 g)","Egg substitute, omelet, scrambled, or fried, no added fat (1 cup, cooked, 135 g)",food,64.8,13.5,2.7,0.0,2.7,0.0
FNDDS-2021-2023-33401000,"Egg substitute, omelet, scrambled, or fried, with cheese (1 cup, cooked, 135 g)","Egg substitute, omelet, scrambled, or fried, with cheese (1 cup, cooked, 135 g)",food,172.8,14.4,3.1,11.5,2.7,0.0
FNDDS-2021-2023-33401100,"Egg substitute, omelet, scrambled, or fried, with meat (1 cup, cooked, 135 g)","Egg substitute, omelet, scrambled, or fried, with meat (1 cup, cooked, 135 g)",food,155.2,14.6,2.5,9.7,2.4,0.0
FNDDS-2021-2023-33401200,"Egg substitute, omelet, scrambled, or fried, with vegetables (1 cup, cooked, 135 g)","Egg substitute, omelet, scrambled, or fried, with vegetables (1 cup, cooked, 135 g)",food,120.2,11.6,3.0,6.9,2.4,0.3
FNDDS-2021-2023-33401300,"Egg substitute, omelet, scrambled, or fried, with cheese and meat (1 cup, cooked, 135 g)","Egg substitute, omelet, scrambled, or fried, with cheese and meat (1 cup, cooked, 135 g)",food,186.3,15.5,3.0,12.4,2.6,0.0
FNDDS-2021-2023-33401400,"Egg substitute, omelet, scrambled, or fried, with cheese and vegetables (1 cup, cooked, 135 g)","Egg substitute, omelet, scrambled, or fried, with cheese and vegetables (1 cup, cooked, 135 g)",food,159.3,13.3,3.4,10.3,2.6,0.3
FNDDS-2021-2023-33401500,"Egg substitute, omelet, scrambled, or fried, with meat and vegetables (1 cup, cooked, 135 g)","Egg substitute, omelet, scrambled, or fried, with meat and vegetables (1 cup, cooked, 135 g)",food,136.4,12.8,2.9,8.2,2.3,0.3
FNDDS-2021-2023-33401600,"Egg substitute, omelet, scrambled, or fried, with cheese, meat, and vegetables (1 cup, cooked, 135 g)","Egg substitute, omelet, scrambled, or fried, with cheese, meat, and vegetables (1 cup, cooked, 135 g)",food,178.2,14.9,3.2,11.8,2.5,0.1
FNDDS-2021-2023-34001100,"Egg sandwich on white bread (1 regular, 115 g)","Egg sandwich on white bread (1 regular, 115 g)",food,262.2,12.1,30.0,10.4,3.3,1.4
FNDDS-2021-2023-34001110,"Egg sandwich on white bread, with cheese (1 regular, 135 g)","Egg sandwich on white bread, with cheese (1 regular, 135 g)",food,334.8,16.2,30.8,16.2,3.9,1.4
FNDDS-2021-2023-34001120,"Egg sandwich on white bread, with meat (1 regular, 155 g)","Egg sandwich on white bread, with meat (1 regular, 155 g)",food,413.9,18.8,30.1,24.2,3.6,1.4
FNDDS-2021-2023-34001130,"Egg sandwich on white bread, with meat and cheese (1 regular, 180 g)","Egg sandwich on white bread, with meat and cheese (1 regular, 180 g)",food,500.4,23.6,31.9,31.0,4.3,1.4
FNDDS-2021-2023-34001200,"Egg sandwich on wheat bread (1 regular, 115 g)","Egg sandwich on wheat bread (1 regular, 115 g)",food,259.9,13.2,27.7,10.6,3.2,3.2
FNDDS-2021-2023-34001210,"Egg sandwich on wheat bread, with cheese (1 regular, 135 g)","Egg sandwich on wheat bread, with cheese (1 regular, 135 g)",food,332.1,17.4,28.6,16.5,3.8,3.2
FNDDS-2021-2023-34001220,"Egg sandwich on wheat bread, with meat (1 regular, 155 g)","Egg sandwich on wheat bread, with meat (1 regular, 155 g)",food,412.3,20.0,27.9,24.5,3.6,3.3
FNDDS-2021-2023-34001230,"Egg sandwich on wheat bread, with meat and cheese (1 regular, 180 g)","Egg sandwich on wheat bread, with meat and cheese (1 regular, 180 g)",food,498.6,24.8,29.7,31.1,4.2,3.2
FNDDS-2021-2023-34001300,"Egg sandwich on English muffin (1 regular, 135 g)","Egg sandwich on English muffin (1 regular, 135 g)",food,310.5,15.8,27.8,15.1,2.8,2.0
FNDDS-2021-2023-34001310,"Egg sandwich on English muffin, with sausage (1 regular, 180 g)","Egg sandwich on English muffin, with sausage (1 regular, 180 g)",food,475.2,23.2,28.8,29.7,3.2,2.2
FNDDS-2021-2023-34001320,"Egg sandwich on English muffin, with bacon (1 regular, 150 g)","Egg sandwich on English muffin, with bacon (1 regular, 150 g)",food,382.5,21.1,27.9,20.5,2.8,2.1
FNDDS-2021-2023-34001330,"Egg sandwich on English muffin, with ham (1 regular, 145 g)","Egg sandwich on English muffin, with ham (1 regular, 145 g)",food,321.9,17.7,28.0,15.5,2.9,2.0
FNDDS-2021-2023-34001400,"Egg sandwich on croissant (1 regular, 135 g)","Egg sandwich on croissant (1 regular, 135 g)",food,417.2,15.4,28.9,26.6,7.4,1.5
FNDDS-2021-2023-34001410,"Egg sandwich on croissant, with sausage (1 regular, 180 g)","Egg sandwich on croissant, with sausage (1 regular, 180 g)",food,585.0,22.9,29.9,41.4,7.9,1.6
FNDDS-2021-2023-34001420,"Egg sandwich on croissant, with bacon (1 regular, 150 g)","Egg sandwich on croissant, with bacon (1 regular, 150 g)",food,489.0,20.7,29.0,32.0,7.4,1.5
FNDDS-2021-2023-34001430,"Egg sandwich on croissant, with ham (1 regular, 155 g)","Egg sandwich on croissant, with ham (1 regular, 155 g)",food,440.2,19.1,29.1,27.6,7.7,1.6
FNDDS-2021-2023-34001500,"Egg sandwich on biscuit (1 regular, 145 g)","Egg sandwich on biscuit (1 regular, 145 g)",food,432.1,15.5,31.3,27.3,3.4,1.7
FNDDS-2021-2023-34001510,"Egg sandwich on biscuit, with sausage (1 regular, 165 g)","Egg sandwich on biscuit, with sausage (1 regular, 165 g)",food,511.5,18.1,30.7,35.3,3.2,1.6
FNDDS-2021-2023-34001520,"Egg sandwich on biscuit, with sausage and cheese (1 regular, 190 g)","Egg sandwich on biscuit, with sausage and cheese (1 regular, 190 g)",food,600.4,22.8,32.3,42.0,3.8,1.7
FNDDS-2021-2023-34001530,"Egg sandwich on biscuit, with bacon (1 regular, 140 g)","Egg sandwich on biscuit, with bacon (1 regular, 140 g)",food,432.6,16.7,30.5,26.9,2.8,1.7
FNDDS-2021-2023-34001540,"Egg sandwich on biscuit, with bacon and cheese (1 regular, 160 g)","Egg sandwich on biscuit, with bacon and cheese (1 regular, 160 g)",food,504.0,20.8,31.4,32.6,3.4,1.8
FNDDS-2021-2023-34001600,"Egg sandwich on bagel (1 regular, 185 g)","Egg sandwich on bagel (1 regular, 185 g)",food,464.4,22.2,58.8,15.6,9.9,1.7
FNDDS-2021-2023-34001610,"Egg sandwich on bagel, with sausage (1 regular, 230 g)","Egg sandwich on bagel, with sausage (1 regular, 230 g)",food,630.2,29.4,60.3,30.1,10.4,1.8
FNDDS-2021-2023-34001620,"Egg sandwich on bagel, with bacon (1 regular, 200 g)","Egg sandwich on bagel, with bacon (1 regular, 200 g)",food,536.0,27.4,58.8,21.0,9.9,1.8
FNDDS-2021-2023-34001630,"Egg sandwich on bagel, with ham (1 regular, 205 g)","Egg sandwich on bagel, with ham (1 regular, 205 g)",food,487.9,25.8,59.2,16.5,10.2,1.8
FNDDS-2021-2023-34001700,"Egg sandwich on griddle/pancake (1 regular, 115 g)","Egg sandwich on griddle/pancake (1 regular, 115 g)",food,278.3,9.6,26.2,15.2,9.5,0.9
FNDDS-2021-2023-34001710,"Egg sandwich on griddle/pancake, with meat (1 regular, 180 g)","Egg sandwich on griddle/pancake, with meat (1 regular, 180 g)",food,516.6,21.1,28.1,35.6,10.5,0.9
FNDDS-2021-2023-34002000,"Egg white sandwich (1 regular, 115 g)","Egg white sandwich (1 regular, 115 g)",food,190.9,10.8,27.7,4.2,2.5,2.1
FNDDS-2021-2023-34002010,"Egg white sandwich, with cheese (1 regular, 135 g)","Egg white sandwich, with cheese (1 regular, 135 g)",food,264.6,15.0,28.6,10.1,3.1,2.0
FNDDS-2021-2023-34002020,"Egg white sandwich, with meat (1 regular, 170 g)","Egg white sandwich, with meat (1 regular, 170 g)",food,331.5,21.8,28.9,14.3,3.1,2.0
FNDDS-2021-2023-34002110,"Bacon biscuit sandwich (1 regular, 105 g)","Bacon biscuit sandwich (1 regular, 105 g)",food,401.1,14.4,30.8,24.4,3.2,1.7
FNDDS-2021-2023-34002120,"Ham biscuit sandwich (1 regular, 110 g)","Ham biscuit sandwich (1 regular, 110 g)",food,354.2,12.8,31.0,19.9,3.6,1.8
FNDDS-2021-2023-34002130,"Sausage biscuit sandwich (1 regular, 110 g)","Sausage biscuit sandwich (1 regular, 110 g)",food,409.2,11.8,29.9,27.0,3.0,1.8
FNDDS-2021-2023-34002140,"Sausage biscuit sandwich, with cheese (1 regular, 135 g)","Sausage biscuit sandwich, with cheese (1 regular, 135 g)",food,499.5,16.5,32.0,33.9,3.7,1.8
FNDDS-2021-2023-34002150,"Sausage English muffin sandwich (1 regular, 125 g)","Sausage English muffin sandwich (1 regular, 125 g)",food,375.0,16.9,28.5,21.5,3.1,2.1
FNDDS-2021-2023-34002160,"Sausage griddle/pancake sandwich (1 regular, 155 g)","Sausage griddle/pancake sandwich (1 regular, 155 g)",food,430.9,16.3,26.4,29.0,9.7,0.9
FNDDS-2021-2023-34003100,"Egg burrito (1 item, any size, 180 g)","Egg burrito (1 item, any size, 180 g)",food,448.2,19.6,36.2,24.7,3.1,2.5
FNDDS-2021-2023-34003120,"Egg burrito, with sausage (1 item, any size, 190 g)","Egg burrito, with sausage (1 item, any size, 190 g)",food,488.3,21.5,35.9,28.5,3.2,2.5
FNDDS-2021-2023-34003130,"Egg burrito, with bacon (1 item, any size, 190 g)","Egg burrito, with bacon (1 item, any size, 190 g)",food,494.0,23.0,36.3,28.1,3.2,2.5
FNDDS-2021-2023-34003140,"Egg burrito, with ham (1 item, any size, 190 g)","Egg burrito, with ham (1 item, any size, 190 g)",food,459.8,21.5,36.3,25.1,3.3,2.5
FNDDS-2021-2023-41101110,"White beans, from dried, fat added (1 cup, 185 g)","White beans, from dried, fat added (1 cup, 185 g)",food,347.8,16.7,43.1,12.6,0.6,10.9
FNDDS-2021-2023-41101120,"White beans, from dried, no added fat (1 cup, 180 g)","White beans, from dried, no added fat (1 cup, 180 g)",food,248.4,17.4,44.8,0.6,0.6,11.3
FNDDS-2021-2023-41101140,"White beans, from canned, fat added (1 cup, 185 g)","White beans, from canned, fat added (1 cup, 185 g)",food,390.4,19.2,55.1,11.2,3.7,12.8
FNDDS-2021-2023-41101180,"White beans, from canned, no added fat (1 cup, 180 g)","White beans, from canned, no added fat (1 cup, 180 g)",food,302.4,19.4,55.6,1.0,3.7,13.0
FNDDS-2021-2023-41101210,"White beans, from canned, reduced sodium (1 cup, 185 g)","White beans, from canned, reduced sodium (1 cup, 185 g)",food,390.4,19.2,55.1,11.2,3.7,12.8
FNDDS-2021-2023-41102010,"Black beans, from dried, fat added (1 cup, 185 g)","Black beans, from dried, fat added (1 cup, 185 g)",food,334.9,15.2,40.7,13.0,0.6,15.0
FNDDS-2021-2023-41102020,"Black beans, from dried, no added fat (1 cup, 180 g)","Black beans, from dried, no added fat (1 cup, 180 g)",food,235.8,15.9,42.5,1.0,0.6,15.5
FNDDS-2021-2023-41102040,"Black beans, from canned, fat added (1 cup, 185 g)","Black beans, from canned, fat added (1 cup, 185 g)",food,329.3,15.8,43.3,11.0,0.6,18.1
FNDDS-2021-2023-41102080,"Black beans, from canned, no added fat (1 cup, 180 g)","Black beans, from canned, no added fat (1 cup, 180 g)",food,241.2,16.0,43.7,0.8,0.6,18.2
FNDDS-2021-2023-41102110,"Black beans, from canned, reduced sodium (1 cup, 185 g)","Black beans, from canned, reduced sodium (1 cup, 185 g)",food,329.3,15.8,43.3,11.0,0.6,18.1
FNDDS-2021-2023-41102150,"Black beans, from fast food / restaurant (1 cup, 260 g)","Black beans, from fast food / restaurant (1 cup, 260 g)",food,520.0,20.7,55.6,24.7,0.8,20.3
FNDDS-2021-2023-41102170,"Black beans with meat (1 cup, 260 g)","Black beans with meat (1 cup, 260 g)",food,460.2,27.6,49.7,17.7,0.9,18.2
FNDDS-2021-2023-41102210,"Fava beans, cooked (1 cup, 185 g)","Fava beans, cooked (1 cup, 185 g)",food,297.9,13.1,33.9,12.7,3.1,9.2
FNDDS-2021-2023-41103010,"Lima beans, from dried (1 cup, 185 g)","Lima beans, from dried (1 cup, 185 g)",food,305.2,13.4,35.9,12.7,5.0,12.0
FNDDS-2021-2023-41103070,"Pink beans, cooked (1 cup, 185 g)","Pink beans, cooked (1 cup, 185 g)",food,364.5,15.6,47.9,12.9,0.6,9.1
FNDDS-2021-2023-41104010,"Pinto beans, from dried, fat added (1 cup, 185 g)","Pinto beans, from dried, fat added (1 cup, 185 g)",food,353.4,15.5,45.1,13.2,0.6,15.5
FNDDS-2021-2023-41104020,"Pinto beans, from dried, no added fat (1 cup, 180 g)","Pinto beans, from dried, no added fat (1 cup, 180 g)",food,255.6,16.1,47.0,1.2,0.6,16.0
FNDDS-2021-2023-41104040,"Pinto beans, from canned, fat added (1 cup, 185 g)","Pinto beans, from canned, fat added (1 cup, 185 g)",food,347.8,13.6,45.0,13.2,3.0,13.7
FNDDS-2021-2023-41104080,"Pinto beans, from canned, no added fat (1 cup, 180 g)","Pinto beans, from canned, no added fat (1 cup, 180 g)",food,246.6,13.8,45.5,1.7,3.1,13.9
FNDDS-2021-2023-41104110,"Pinto beans, from canned, reduced sodium (1 cup, 185 g)","Pinto beans, from canned, reduced sodium (1 cup, 185 g)",food,347.8,13.7,45.1,13.2,3.0,13.7
FNDDS-2021-2023-41104200,"Pinto beans, from fast food / restaurant (1 cup, 260 g)","Pinto beans, from fast food / restaurant (1 cup, 260 g)",food,546.0,21.1,61.4,25.0,0.8,21.1
FNDDS-2021-2023-41104250,"Pinto beans with meat (1 cup, 260 g)","Pinto beans with meat (1 cup, 260 g)",food,483.6,27.8,54.9,17.9,1.0,18.7
FNDDS-2021-2023-41106010,"Kidney beans, from dried, fat added (1 cup, 185 g)","Kidney beans, from dried, fat added (1 cup, 185 g)",food,327.4,14.9,39.2,12.9,0.6,12.8
FNDDS-2021-2023-41106020,"Kidney beans, from dried, no added fat (1 cup, 180 g)","Kidney beans, from dried, no added fat (1 cup, 180 g)",food,226.8,15.5,40.9,0.9,0.6,13.3
FNDDS-2021-2023-41106040,"Kidney beans, from canned, fat added (1 cup, 185 g)","Kidney beans, from canned, fat added (1 cup, 185 g)",food,344.1,15.5,44.0,12.6,5.5,14.2
FNDDS-2021-2023-41106080,"Kidney beans, from canned, no added fat (1 cup, 180 g)","Kidney beans, from canned, no added fat (1 cup, 180 g)",food,243.0,15.7,44.5,1.1,5.5,14.4
FNDDS-2021-2023-41106110,"Kidney beans, from canned, reduced sodium (1 cup, 185 g)","Kidney beans, from canned, reduced sodium (1 cup, 185 g)",food,344.1,15.5,44.0,12.6,5.5,15.7
FNDDS-2021-2023-41106150,"Kidney beans, from fast food / restaurant (1 cup, 260 g)","Kidney beans, from fast food / restaurant (1 cup, 260 g)",food,507.0,20.3,53.3,24.6,0.8,17.4
FNDDS-2021-2023-41106170,"Kidney beans with meat (1 cup, 260 g)","Kidney beans with meat (1 cup, 260 g)",food,449.8,27.3,47.6,17.6,0.9,15.3
FNDDS-2021-2023-41106510,"Peruvian beans, from dried (1 cup, 185 g)","Peruvian beans, from dried (1 cup, 185 g)",food,355.2,15.7,43.5,13.9,0.6,17.9
FNDDS-2021-2023-41107010,"Soybeans, cooked (1 cup, 185 g)","Soybeans, cooked (1 cup, 185 g)",food,403.3,31.3,14.4,27.4,5.2,10.4
FNDDS-2021-2023-41108010,"Mung beans, cooked (1 cup, 185 g)","Mung beans, cooked (1 cup, 185 g)",food,288.6,12.1,32.9,12.7,3.4,13.1
FNDDS-2021-2023-41201010,"Baked beans (1 cup, 260 g)","Baked beans (1 cup, 260 g)",food,273.0,11.8,56.2,2.3,21.4,11.4
FNDDS-2021-2023-41201020,"Baked beans, vegetarian (1 cup, 260 g)","Baked beans, vegetarian (1 cup, 260 g)",food,244.4,12.3,54.9,1.0,20.7,10.7
FNDDS-2021-2023-41201050,"Baked beans from fast food / restaurant (1 cup, 260 g)","Baked beans from fast food / restaurant (1 cup, 260 g)",food,301.6,11.4,60.6,3.5,27.0,11.2
FNDDS-2021-2023-41202505,"Beans and tomatoes, no added fat (1 cup, 255 g)","Beans and tomatoes, no added fat (1 cup, 255 g)",food,257.5,16.2,47.9,1.3,3.5,16.3
FNDDS-2021-2023-41202510,"Beans and tomatoes, fat added (1 cup, 260 g)","Beans and tomatoes, fat added (1 cup, 260 g)",food,369.2,15.7,46.3,14.5,3.4,15.9
FNDDS-2021-2023-41203030,"Black bean salad (1 cup, 231 g)","Black bean salad (1 cup, 231 g)",food,217.1,7.1,29.1,8.9,8.2,7.9
FNDDS-2021-2023-41205010,"Refried beans (1 cup, 260 g)","Refried beans (1 cup, 260 g)",food,234.0,12.9,35.4,5.2,1.4,9.6
FNDDS-2021-2023-41205017,"Refried beans, from fast food / restaurant (1 cup, 260 g)","Refried beans, from fast food / restaurant (1 cup, 260 g)",food,460.2,17.4,42.4,24.6,2.0,20.3
FNDDS-2021-2023-41205030,"Refried beans with meat (1 cup, 260 g)","Refried beans with meat (1 cup, 260 g)",food,257.4,20.3,30.7,6.5,1.5,8.3
FNDDS-2021-2023-41205040,"Refried beans, from canned, reduced sodium (1 cup, 260 g)","Refried beans, from canned, reduced sodium (1 cup, 260 g)",food,231.4,12.9,35.4,5.2,1.4,9.6
FNDDS-2021-2023-41205050,"Bean dip, made with refried beans (1 tablespoon, 15 g)","Bean dip, made with refried beans (1 tablespoon, 15 g)",food,17.8,0.8,2.4,0.6,0.1,0.7
FNDDS-2021-2023-41205055,"Layer dip (1 tablespoon, 15 g)","Layer dip (1 tablespoon, 15 g)",food,21.9,0.8,1.0,1.7,0.3,0.3
FNDDS-2021-2023-41205070,"Hummus, plain (1 tablespoon, 15 g)","Hummus, plain (1 tablespoon, 15 g)",food,36.4,1.1,2.2,2.6,0.1,0.8
FNDDS-2021-2023-41205075,"Hummus, flavored (1 tablespoon, 15 g)","Hummus, flavored (1 tablespoon, 15 g)",food,36.1,1.1,2.2,2.6,0.1,0.8
FNDDS-2021-2023-41205100,"Black bean sauce (1 tablespoon, 16 g)","Black bean sauce (1 tablespoon, 16 g)",food,26.9,1.0,2.8,1.4,1.5,0.4
FNDDS-2021-2023-41206030,"Beans and franks (1 cup, 260 g)","Beans and franks (1 cup, 260 g)",food,358.8,17.5,45.0,13.6,16.0,8.6
FNDDS-2021-2023-41208030,"Pork and beans (1 cup, 260 g)","Pork and beans (1 cup, 260 g)",food,273.0,11.8,56.2,2.3,21.4,11.4
FNDDS-2021-2023-41209000,"Falafel (1 patty, 17 g)","Falafel (1 patty, 17 g)",food,87.4,1.4,4.9,7.0,0.8,0.8
FNDDS-2021-2023-41210000,"Bean cake (1 cake, 32 g)","Bean cake (1 cake, 32 g)",food,132.5,1.9,16.0,6.8,6.5,1.0
FNDDS-2021-2023-41221000,"Baked beans, reduced sodium (1 cup, 260 g)","Baked beans, reduced sodium (1 cup, 260 g)",food,270.4,12.4,53.0,1.0,20.1,14.3
FNDDS-2021-2023-41221020,"Chili, vegetarian (1 cup, 255 g)","Chili, vegetarian (1 cup, 255 g)",food,303.4,16.0,48.2,6.2,4.0,15.3
FNDDS-2021-2023-41301010,"Blackeyed peas, from dried (1 cup, 185 g)","Blackeyed peas, from dried (1 cup, 185 g)",food,307.1,13.3,35.7,13.0,5.7,11.1
FNDDS-2021-2023-41302010,"Chickpeas, from dried, fat added (1 cup, 185 g)","Chickpeas, from dried, fat added (1 cup, 185 g)",food,390.4,15.2,47.2,16.5,8.3,13.1
FNDDS-2021-2023-41302020,"Chickpeas, from dried, no added fat (1 cup, 180 g)","Chickpeas, from dried, no added fat (1 cup, 180 g)",food,293.4,15.9,49.1,4.6,8.6,13.7
FNDDS-2021-2023-41302040,"Chickpeas, from canned, fat added (1 cup, 185 g)","Chickpeas, from canned, fat added (1 cup, 185 g)",food,364.5,14.6,40.0,17.3,7.7,13.0
FNDDS-2021-2023-41302080,"Chickpeas, from canned, no added fat (1 cup, 180 g)","Chickpeas, from canned, no added fat (1 cup, 180 g)",food,262.8,14.7,40.3,5.8,7.8,13.1
FNDDS-2021-2023-41302110,"Chickpeas, from canned, reduced sodium (1 cup, 185 g)","Chickpeas, from canned, reduced sodium (1 cup, 185 g)",food,364.5,14.6,40.0,17.3,7.7,13.1
FNDDS-2021-2023-41303000,"Split peas, from dried, no added fat (1 cup, 180 g)","Split peas, from dried, no added fat (1 cup, 180 g)",food,210.6,14.9,37.8,0.7,5.2,14.8
FNDDS-2021-2023-41303010,"Split peas, from dried, fat added (1 cup, 185 g)","Split peas, from dried, fat added (1 cup, 185 g)",food,310.8,14.3,36.3,12.7,5.0,14.2
FNDDS-2021-2023-41304000,"Wasabi peas (1 cup, 120 g)","Wasabi peas (1 cup, 120 g)",food,518.4,16.9,74.6,16.9,16.9,4.6
FNDDS-2021-2023-41304990,"Lentils, from dried, fat added (1 cup, 185 g)","Lentils, from dried, fat added (1 cup, 185 g)",food,307.1,15.5,34.6,12.7,3.1,13.5
FNDDS-2021-2023-41305000,"Lentils, from dried, no added fat (1 cup, 180 g)","Lentils, from dried, no added fat (1 cup, 180 g)",food,207.0,16.1,36.0,0.7,3.2,14.2
FNDDS-2021-2023-41305020,"Lentils, from canned (1 cup, 185 g)","Lentils, from canned (1 cup, 185 g)",food,307.1,15.5,34.6,12.7,3.1,13.5
FNDDS-2021-2023-41305050,"Dal (1 cup, 240 g)","Dal (1 cup, 240 g)",food,348.0,20.6,46.1,10.3,4.1,18.0
FNDDS-2021-2023-41310900,"Bean chips (1 chip, 3 g)","Bean chips (1 chip, 3 g)",food,13.4,0.4,1.6,0.6,0.0,0.3
FNDDS-2021-2023-41311000,"Papad, grilled or broiled (1 papad, 9 g)","Papad, grilled or broiled (1 papad, 9 g)",food,33.4,2.3,5.4,0.3,0.0,1.7
FNDDS-2021-2023-41311020,"Sambar, vegetable stew (1 cup, 248 g)","Sambar, vegetable stew (1 cup, 248 g)",food,213.3,10.7,29.3,6.7,4.9,9.9
FNDDS-2021-2023-41311030,"Lentil curry (1 cup, 240 g)","Lentil curry (1 cup, 240 g)",food,266.4,8.8,29.5,13.6,7.7,8.2
FNDDS-2021-2023-41311040,"Lentil curry with rice (1 cup, 200 g)","Lentil curry with rice (1 cup, 200 g)",food,236.0,6.6,37.2,7.0,3.9,4.4
FNDDS-2021-2023-41410010,"Soy nuts (1 cup, 95 g)","Soy nuts (1 cup, 95 g)",food,445.5,36.7,28.7,24.1,4.0,16.8
FNDDS-2021-2023-41410015,"Soy chips (1 chip, 2 g)","Soy chips (1 chip, 2 g)",food,7.7,0.5,1.1,0.1,0.0,0.1
FNDDS-2021-2023-41420010,"Soybean curd (1 cup (1/2"" cubes), 248 g)","Soybean curd (1 cup (1/2"" cubes), 248 g)",food,151.3,17.8,2.9,9.2,1.7,0.5
FNDDS-2021-2023-41420020,"Edamame, cooked (1 pod, yields, 2 g)","Edamame, cooked (1 pod, yields, 2 g)",food,2.8,0.2,0.2,0.2,0.0,0.1
FNDDS-2021-2023-41420050,"Soybean curd cheese (1 slice, 18 g)","Soybean curd cheese (1 slice, 18 g)",food,27.2,2.2,1.2,1.5,0.3,0.0
FNDDS-2021-2023-41420100,"Miso sauce (1 tablespoon, 16 g)","Miso sauce (1 tablespoon, 16 g)",food,68.6,0.5,2.2,6.6,2.0,0.2
FNDDS-2021-2023-41420110,"Miso (1 cup, 275 g)","Miso (1 cup, 275 g)",food,544.5,35.2,69.8,16.5,17.1,14.9
FNDDS-2021-2023-41420200,"Natto (1 cup, 176 g)","Natto (1 cup, 176 g)",food,371.4,34.1,22.4,19.4,8.6,9.5
FNDDS-2021-2023-41420250,"Hoisin sauce (1 tablespoon, 16 g)","Hoisin sauce (1 tablespoon, 16 g)",food,35.2,0.5,7.1,0.5,4.4,0.4
FNDDS-2021-2023-41420300,"Soy sauce (1 tablespoon, 16 g)","Soy sauce (1 tablespoon, 16 g)",food,8.5,1.3,0.8,0.1,0.1,0.1
FNDDS-2021-2023-41420350,"Soy sauce, reduced sodium (1 tablespoon, 16 g)","Soy sauce, reduced sodium (1 tablespoon, 16 g)",food,9.1,1.4,0.9,0.0,0.1,0.1
FNDDS-2021-2023-41420380,"Yogurt, soy (1 5.3 oz container, 150 g)","Yogurt, soy (1 5.3 oz container, 150 g)",food,135.0,7.2,18.5,3.9,12.1,1.4
FNDDS-2021-2023-41420400,"Teriyaki sauce (1 tablespoon, 16 g)","Teriyaki sauce (1 tablespoon, 16 g)",food,14.2,0.9,2.5,0.0,2.3,0.0
FNDDS-2021-2023-41420410,"Teriyaki sauce, reduced sodium (1 tablespoon, 16 g)","Teriyaki sauce, reduced sodium (1 tablespoon, 16 g)",food,14.2,0.9,2.5,0.0,2.3,0.0
FNDDS-2021-2023-41420450,"Worcestershire sauce (1 tablespoon, 16 g)","Worcestershire sauce (1 tablespoon, 16 g)",food,12.3,0.0,3.1,0.0,1.6,0.0
FNDDS-2021-2023-41421010,"Soybean curd, deep fried (1 oz, 28.35 g)","Soybean curd, deep fried (1 oz, 28.35 g)",food,76.5,5.3,2.5,5.7,0.8,1.1
FNDDS-2021-2023-41421020,"Soybean curd, breaded, fried (1 slice (2-3/4"" x 1"" x 1/2""), 29 g)","Soybean curd, breaded, fried (1 slice (2-3/4"" x 1"" x 1/2""), 29 g)",food,43.5,2.4,2.5,2.8,0.4,0.2
FNDDS-2021-2023-41425010,"Vermicelli, made from soybeans (1 cup, 140 g)","Vermicelli, made from soybeans (1 cup, 140 g)",food,176.4,0.1,44.0,0.1,9.3,2.1
FNDDS-2021-2023-41440000,"Textured vegetable protein, dry (1 cup, NFS, 68 g)","Textured vegetable protein, dry (1 cup, NFS, 68 g)",food,248.9,34.7,22.4,2.3,11.2,11.9
FNDDS-2021-2023-41480020,"Frozen dessert, non-dairy (1 cup, 165 g)","Frozen dessert, non-dairy (1 cup, 165 g)",food,262.3,1.4,30.0,15.3,28.9,0.2
FNDDS-2021-2023-41601010,"Soup, bean (1 cup, 255 g)","Soup, bean (1 cup, 255 g)",food,170.8,9.6,29.6,1.9,2.9,10.2
FNDDS-2021-2023-41601030,"Soup, bean, canned (1 cup, 255 g)","Soup, bean, canned (1 cup, 255 g)",food,119.8,6.2,20.7,1.7,2.8,6.9
FNDDS-2021-2023-41601070,"Soup, miso or tofu (1 cup, 245 g)","Soup, miso or tofu (1 cup, 245 g)",food,58.8,5.4,5.6,2.1,1.9,1.5
FNDDS-2021-2023-41601160,"Soup, bean, canned, reduced sodium (1 cup, 255 g)","Soup, bean, canned, reduced sodium (1 cup, 255 g)",food,119.8,6.2,20.7,1.7,2.8,6.9
FNDDS-2021-2023-41601180,"Soup, bean, with meat (1 cup, 255 g)","Soup, bean, with meat (1 cup, 255 g)",food,214.2,15.0,25.5,6.0,2.3,8.9
FNDDS-2021-2023-41602030,"Soup, split pea, with meat (1 cup, 255 g)","Soup, split pea, with meat (1 cup, 255 g)",food,204.0,14.2,23.2,6.2,4.6,8.4
FNDDS-2021-2023-41602050,"Soup, split pea (1 cup, 255 g)","Soup, split pea (1 cup, 255 g)",food,155.5,9.1,27.0,1.8,5.5,9.7
FNDDS-2021-2023-41603000,"Soup, lentil, canned (1 cup, 255 g)","Soup, lentil, canned (1 cup, 255 g)",food,109.6,6.3,18.4,1.6,3.7,6.4
FNDDS-2021-2023-41603005,"Soup, lentil, canned, reduced sodium (1 cup, 255 g)","Soup, lentil, canned, reduced sodium (1 cup, 255 g)",food,109.6,6.3,18.4,1.6,3.7,6.4
FNDDS-2021-2023-41603010,"Soup, lentil (1 cup, 255 g)","Soup, lentil (1 cup, 255 g)",food,153.0,9.7,26.0,1.8,4.4,9.4
FNDDS-2021-2023-41603020,"Soup, lentil, with meat (1 cup, 255 g)","Soup, lentil, with meat (1 cup, 255 g)",food,198.9,15.1,22.3,5.9,3.6,8.2
FNDDS-2021-2023-41603030,"Soup, mulligatawany (1 cup, 245 g)","Soup, mulligatawany (1 cup, 245 g)",food,117.6,4.1,17.2,4.1,5.6,4.4
FNDDS-2021-2023-41810200,"Bacon strip, meatless (1 strip, 5 g)","Bacon strip, meatless (1 strip, 5 g)",food,15.5,0.6,0.3,1.5,0.0,0.1
FNDDS-2021-2023-41810250,"Bacon bits (1 tablespoon, 7 g)","Bacon bits (1 tablespoon, 7 g)",food,33.3,2.2,2.0,1.8,0.0,0.7
FNDDS-2021-2023-41810400,"Breakfast link, pattie, or slice, meatless (1 link, 25 g)","Breakfast link, pattie, or slice, meatless (1 link, 25 g)",food,63.8,5.1,2.0,4.5,0.0,0.7
FNDDS-2021-2023-41810610,"Chicken, meatless, breaded, fried (1 cup, pieces, 168 g)","Chicken, meatless, breaded, fried (1 cup, pieces, 168 g)",food,393.1,35.8,14.3,21.5,0.0,7.2
FNDDS-2021-2023-41811400,"Hot dog, vegetarian (1 item, any size, 70 g)","Hot dog, vegetarian (1 item, any size, 70 g)",food,163.1,13.7,5.4,9.6,0.0,2.7
FNDDS-2021-2023-41811600,"Luncheon slice, meatless-beef, chicken, salami or turkey (1 thin slice, 14 g)","Luncheon slice, meatless-beef, chicken, salami or turkey (1 thin slice, 14 g)",food,26.5,2.5,0.6,1.6,0.3,0.2
FNDDS-2021-2023-41811800,"Meatball, meatless (1 meatball, 18 g)","Meatball, meatless (1 meatball, 18 g)",food,35.5,3.8,1.4,1.6,0.2,0.8
FNDDS-2021-2023-41811890,"Veggie burger patty, no bun (1 patty, 100 g)","Veggie burger patty, no bun (1 patty, 100 g)",food,177.0,15.7,14.3,6.3,1.1,4.9
FNDDS-2021-2023-41811950,"Swiss steak, with gravy, meatless (1 steak with gravy, 92 g)","Swiss steak, with gravy, meatless (1 steak with gravy, 92 g)",food,165.6,11.7,13.0,7.4,0.9,3.7
FNDDS-2021-2023-41812400,"Pot pie, no meat (1 slice, any size, 210 g)","Pot pie, no meat (1 slice, any size, 210 g)",food,508.2,11.4,58.8,25.6,7.7,7.4
FNDDS-2021-2023-41812500,"Tofu and vegetables including carrots, broccoli, and/or dark-green leafy; no potatoes, with soy-based sauce (1 cup, 217 g)","Tofu and vegetables including carrots, broccoli, and/or dark-green leafy; no potatoes, with soy-based sauce (1 cup, 217 g)",food,199.6,8.9,10.2,14.6,3.6,2.6
FNDDS-2021-2023-41812510,"Tofu and vegetables excluding carrots, broccoli, and dark-green leafy; no potatoes, with soy-based sauce (1 cup, 217 g)","Tofu and vegetables excluding carrots, broccoli, and dark-green leafy; no potatoes, with soy-based sauce (1 cup, 217 g)",food,201.8,9.1,9.5,15.1,3.7,2.0
FNDDS-2021-2023-41812600,"Vegetarian, fillet (1 fillet, 85 g)","Vegetarian, fillet (1 fillet, 85 g)",food,246.5,19.6,7.6,15.3,0.7,5.2
FNDDS-2021-2023-41812800,"Vegetarian stew (1 cup, 247 g)","Vegetarian stew (1 cup, 247 g)",food,81.5,1.7,7.7,5.3,4.0,2.7
FNDDS-2021-2023-41812850,"Vegetarian stroganoff (1 box (3.2 oz), dry, yields, 466 g)","Vegetarian stroganoff (1 box (3.2 oz), dry, yields, 466 g)",food,778.2,35.8,55.0,46.6,8.3,12.1
FNDDS-2021-2023-41901010,"Veggie burger, on bun (1 sandwich, 160 g)","Veggie burger, on bun (1 sandwich, 160 g)",food,358.4,20.8,49.3,8.3,6.3,5.6
FNDDS-2021-2023-41901020,"Veggie burger, on bun, with cheese (1 sandwich, 181 g)","Veggie burger, on bun, with cheese (1 sandwich, 181 g)",food,439.8,25.3,49.2,15.3,6.8,5.4
FNDDS-2021-2023-41901030,"Falafel sandwich (1 sandwich, any size, 215 g)","Falafel sandwich (1 sandwich, any size, 215 g)",food,569.8,13.4,58.0,31.8,6.4,5.4
FNDDS-2021-2023-42101000,"Almonds, unroasted (1 nut, 1.2 g)","Almonds, unroasted (1 nut, 1.2 g)",food,7.5,0.3,0.2,0.6,0.1,0.1
FNDDS-2021-2023-42101110,"Almonds, salted (1 nut, 1.2 g)","Almonds, salted (1 nut, 1.2 g)",food,7.2,0.2,0.2,0.6,0.1,0.1
FNDDS-2021-2023-42101120,"Almonds, lightly salted (1 nut, 1.2 g)","Almonds, lightly salted (1 nut, 1.2 g)",food,7.2,0.2,0.2,0.6,0.1,0.1
FNDDS-2021-2023-42101130,"Almonds, unsalted (1 nut, 1.2 g)","Almonds, unsalted (1 nut, 1.2 g)",food,7.3,0.2,0.2,0.6,0.1,0.1
FNDDS-2021-2023-42101300,"Almonds, flavored (1 nut, 1.2 g)","Almonds, flavored (1 nut, 1.2 g)",food,7.2,0.2,0.2,0.6,0.1,0.1
FNDDS-2021-2023-42101350,"Almonds, honey roasted (1 nut, 1.2 g)","Almonds, honey roasted (1 nut, 1.2 g)",food,6.9,0.2,0.4,0.5,0.3,0.1
FNDDS-2021-2023-42102000,"Brazil nuts (1 nut, 5 g)","Brazil nuts (1 nut, 5 g)",food,33.0,0.7,0.6,3.4,0.1,0.4
FNDDS-2021-2023-42104050,"Cashews, unroasted (1 nut, 1.5 g)","Cashews, unroasted (1 nut, 1.5 g)",food,8.6,0.2,0.5,0.7,0.1,0.0
FNDDS-2021-2023-42104100,"Cashews, salted (1 nut, 1.5 g)","Cashews, salted (1 nut, 1.5 g)",food,8.7,0.2,0.5,0.7,0.1,0.0
FNDDS-2021-2023-42104105,"Cashews, lightly salted (1 nut, 1.5 g)","Cashews, lightly salted (1 nut, 1.5 g)",food,8.7,0.2,0.5,0.7,0.1,0.0
FNDDS-2021-2023-42104110,"Cashews, unsalted (1 nut, 1.5 g)","Cashews, unsalted (1 nut, 1.5 g)",food,8.8,0.2,0.5,0.7,0.1,0.0
FNDDS-2021-2023-42104500,"Cashews, honey roasted (1 nut, 1.5 g)","Cashews, honey roasted (1 nut, 1.5 g)",food,8.4,0.2,0.7,0.6,0.4,0.0
FNDDS-2021-2023-42105000,"Chestnuts (1 nut, 8 g)","Chestnuts (1 nut, 8 g)",food,19.6,0.3,4.2,0.2,0.8,0.4
FNDDS-2021-2023-42106000,"Coconut, fresh (1 cup, 85 g)","Coconut, fresh (1 cup, 85 g)",food,300.9,2.8,12.9,28.5,5.3,7.6
FNDDS-2021-2023-42106020,"Coconut, packaged (1 cup, 85 g)","Coconut, packaged (1 cup, 85 g)",food,387.6,2.7,44.0,23.8,31.3,8.4
FNDDS-2021-2023-42107000,"Hazelnuts (1 nut, 1.5 g)","Hazelnuts (1 nut, 1.5 g)",food,9.4,0.2,0.3,0.9,0.1,0.1
FNDDS-2021-2023-42109100,"Macadamia nuts (1 nut, 2.5 g)","Macadamia nuts (1 nut, 2.5 g)",food,17.9,0.2,0.3,1.9,0.1,0.2
FNDDS-2021-2023-42110050,"Mixed nuts, unroasted (1 cup, 142 g)","Mixed nuts, unroasted (1 cup, 142 g)",food,874.7,24.1,32.5,77.5,6.6,10.2
FNDDS-2021-2023-42110100,"Mixed nuts, with peanuts, salted (1 cup, 142 g)","Mixed nuts, with peanuts, salted (1 cup, 142 g)",food,866.2,27.8,29.7,76.4,6.4,10.5
FNDDS-2021-2023-42110110,"Mixed nuts, with peanuts, lightly salted (1 cup, 142 g)","Mixed nuts, with peanuts, lightly salted (1 cup, 142 g)",food,869.0,28.0,29.8,76.7,6.5,10.5
FNDDS-2021-2023-42110120,"Mixed nuts, with peanuts, unsalted (1 cup, 142 g)","Mixed nuts, with peanuts, unsalted (1 cup, 142 g)",food,873.3,28.1,30.0,77.0,6.5,10.6
FNDDS-2021-2023-42110150,"Mixed nuts, without peanuts, salted (1 cup, 142 g)","Mixed nuts, without peanuts, salted (1 cup, 142 g)",food,880.4,23.1,31.2,78.8,6.4,9.8
FNDDS-2021-2023-42110160,"Mixed nuts, without peanuts, unsalted (1 cup, 142 g)","Mixed nuts, without peanuts, unsalted (1 cup, 142 g)",food,887.5,23.3,31.5,79.5,6.4,9.9
FNDDS-2021-2023-42110300,"Mixed nuts, honey roasted (1 cup, 142 g)","Mixed nuts, honey roasted (1 cup, 142 g)",food,832.1,21.9,47.0,66.3,28.8,8.2
FNDDS-2021-2023-42111030,"Peanuts, boiled (1 nut, 1.5 g)","Peanuts, boiled (1 nut, 1.5 g)",food,4.8,0.2,0.3,0.3,0.0,0.1
FNDDS-2021-2023-42111040,"Peanuts, unroasted (1 peanut, without shell, 1 g)","Peanuts, unroasted (1 peanut, without shell, 1 g)",food,5.7,0.3,0.2,0.5,0.0,0.1
FNDDS-2021-2023-42111100,"Peanuts, roasted, salted (1 peanut, without shell, 1 g)","Peanuts, roasted, salted (1 peanut, without shell, 1 g)",food,6.0,0.3,0.2,0.5,0.0,0.1
FNDDS-2021-2023-42111110,"Peanuts, roasted, unsalted (1 peanut, without shell, 1 g)","Peanuts, roasted, unsalted (1 peanut, without shell, 1 g)",food,6.0,0.3,0.2,0.5,0.0,0.1
FNDDS-2021-2023-42111200,"Peanuts, dry roasted, salted (1 peanut, without shell, 1 g)","Peanuts, dry roasted, salted (1 peanut, without shell, 1 g)",food,5.9,0.2,0.2,0.5,0.0,0.1
FNDDS-2021-2023-42111205,"Peanuts, dry roasted, lightly salted (1 peanut, without shell, 1 g)","Peanuts, dry roasted, lightly salted (1 peanut, without shell, 1 g)",food,5.8,0.2,0.2,0.5,0.0,0.1
FNDDS-2021-2023-42111210,"Peanuts, dry roasted, unsalted (1 peanut, without shell, 1 g)","Peanuts, dry roasted, unsalted (1 peanut, without shell, 1 g)",food,5.9,0.2,0.2,0.5,0.0,0.1
FNDDS-2021-2023-42111500,"Peanuts, honey roasted (1 nut, 1 g)","Peanuts, honey roasted (1 nut, 1 g)",food,5.7,0.2,0.3,0.5,0.2,0.1
FNDDS-2021-2023-42112100,"Pecans, unroasted (1 nut, 1.5 g)","Pecans, unroasted (1 nut, 1.5 g)",food,11.2,0.1,0.2,1.1,0.1,0.1
FNDDS-2021-2023-42112200,"Pecans, salted (1 nut, 1.5 g)","Pecans, salted (1 nut, 1.5 g)",food,11.2,0.1,0.2,1.1,0.1,0.1
FNDDS-2021-2023-42112210,"Pecans, unsalted (1 nut, 1.5 g)","Pecans, unsalted (1 nut, 1.5 g)",food,11.3,0.1,0.2,1.1,0.1,0.1
FNDDS-2021-2023-42112300,"Pecans, honey roasted (1 nut, 1.5 g)","Pecans, honey roasted (1 nut, 1.5 g)",food,10.2,0.1,0.5,0.9,0.4,0.1
FNDDS-2021-2023-42113000,"Pine nuts (1 cup, 135 g)","Pine nuts (1 cup, 135 g)",food,908.6,18.5,17.7,92.3,4.8,5.0
FNDDS-2021-2023-42114140,"Pistachio nuts, salted (1 cup, without shell, 128 g)","Pistachio nuts, salted (1 cup, without shell, 128 g)",food,737.3,25.9,34.8,60.2,9.5,12.7
FNDDS-2021-2023-42114142,"Pistachio nuts, lightly salted (1 cup, without shell, 128 g)","Pistachio nuts, lightly salted (1 cup, without shell, 128 g)",food,741.1,26.0,34.9,60.4,9.6,12.7
FNDDS-2021-2023-42114145,"Pistachio nuts, unsalted (1 cup, without shell, 128 g)","Pistachio nuts, unsalted (1 cup, without shell, 128 g)",food,745.0,26.1,35.1,60.7,9.6,12.8
FNDDS-2021-2023-42116000,"Walnuts, excluding honey roasted (1 nut, 2 g)","Walnuts, excluding honey roasted (1 nut, 2 g)",food,14.6,0.3,0.2,1.4,0.1,0.1
FNDDS-2021-2023-42116100,"Walnuts, honey roasted (1 nut, 2 g)","Walnuts, honey roasted (1 nut, 2 g)",food,13.4,0.2,0.6,1.1,0.5,0.1
FNDDS-2021-2023-42200500,"Almond butter (1 tablespoon, 16 g)","Almond butter (1 tablespoon, 16 g)",food,102.6,3.3,3.4,8.4,0.7,1.5
FNDDS-2021-2023-42200510,"Almond butter, lower sodium (1 tablespoon, 16 g)","Almond butter, lower sodium (1 tablespoon, 16 g)",food,103.2,3.3,3.4,8.5,0.7,1.6
FNDDS-2021-2023-42200600,"Almond paste (1 cup, well packed, 227 g)","Almond paste (1 cup, well packed, 227 g)",food,1039.7,20.4,108.5,62.9,82.2,10.9
FNDDS-2021-2023-42201000,"Cashew butter (1 tablespoon, 16 g)","Cashew butter (1 tablespoon, 16 g)",food,97.4,1.9,4.8,8.5,1.5,0.5
FNDDS-2021-2023-42202000,"Peanut butter (1 tablespoon, 16 g)","Peanut butter (1 tablespoon, 16 g)",food,95.7,3.6,3.6,8.2,1.7,0.8
FNDDS-2021-2023-42202010,"Peanut butter, lower sodium (1 tablespoon, 16 g)","Peanut butter, lower sodium (1 tablespoon, 16 g)",food,95.7,3.6,3.6,8.2,1.7,0.8
FNDDS-2021-2023-42202100,"Peanut butter, lower sodium and lower sugar (1 tablespoon, 16 g)","Peanut butter, lower sodium and lower sugar (1 tablespoon, 16 g)",food,99.8,3.8,2.9,8.5,1.3,1.0
FNDDS-2021-2023-42202130,"Peanut butter, lower sugar (1 tablespoon, 16 g)","Peanut butter, lower sugar (1 tablespoon, 16 g)",food,104.0,4.0,2.3,8.8,1.0,1.2
FNDDS-2021-2023-42202150,"Peanut butter, reduced fat (1 tablespoon, 16 g)","Peanut butter, reduced fat (1 tablespoon, 16 g)",food,83.2,4.1,5.7,5.4,1.5,0.8
FNDDS-2021-2023-42202200,"Peanut butter, vitamin and mineral fortified (1 tablespoon, 16 g)","Peanut butter, vitamin and mineral fortified (1 tablespoon, 16 g)",food,94.6,4.1,3.0,8.1,1.7,0.9
FNDDS-2021-2023-42203000,"Peanut butter and jelly (1 tablespoon, 16 g)","Peanut butter and jelly (1 tablespoon, 16 g)",food,69.1,1.8,7.4,4.1,4.9,0.5
FNDDS-2021-2023-42203100,"Peanut butter and chocolate spread (1 tablespoon, 16 g)","Peanut butter and chocolate spread (1 tablespoon, 16 g)",food,79.7,1.9,6.8,5.5,5.5,0.5
FNDDS-2021-2023-42203200,"Soy nut butter (1 tablespoon, 16 g)","Soy nut butter (1 tablespoon, 16 g)",food,98.1,3.7,3.7,8.0,1.2,1.7
FNDDS-2021-2023-42204050,"Peanut sauce (1 tablespoon, 16 g)","Peanut sauce (1 tablespoon, 16 g)",food,41.1,1.0,3.5,2.6,2.7,0.3
FNDDS-2021-2023-42204060,"Soup, peanut (1 cup, 245 g)","Soup, peanut (1 cup, 245 g)",food,215.6,7.9,20.5,13.0,6.4,4.2
FNDDS-2021-2023-42204100,"Gravy, vegetarian (1 cup, 240 g)","Gravy, vegetarian (1 cup, 240 g)",food,345.6,9.2,22.1,24.5,11.1,0.5
FNDDS-2021-2023-42301015,"Peanut butter sandwich, with regular peanut butter, on white bread (1 sandwich, 92 g)","Peanut butter sandwich, with regular peanut butter, on white bread (1 sandwich, 92 g)",food,351.4,12.8,36.6,18.6,6.6,2.9
FNDDS-2021-2023-42301020,"Peanut butter sandwich, with regular peanut butter, on wheat bread (1 sandwich, 92 g)","Peanut butter sandwich, with regular peanut butter, on wheat bread (1 sandwich, 92 g)",food,349.6,14.0,34.4,18.9,6.5,4.9
FNDDS-2021-2023-42301115,"Peanut butter sandwich, with reduced fat peanut butter, on white bread (1 sandwich, 92 g)","Peanut butter sandwich, with reduced fat peanut butter, on white bread (1 sandwich, 92 g)",food,326.6,14.0,40.9,13.1,6.2,3.0
FNDDS-2021-2023-42301120,"Peanut butter sandwich, with reduced fat peanut butter, on wheat bread (1 sandwich, 92 g)","Peanut butter sandwich, with reduced fat peanut butter, on wheat bread (1 sandwich, 92 g)",food,324.8,15.1,38.6,13.2,6.1,4.9
FNDDS-2021-2023-42302015,"Peanut butter and jelly sandwich, with regular peanut butter, regular jelly, on white bread (1 sandwich, 112 g)","Peanut butter and jelly sandwich, with regular peanut butter, regular jelly, on white bread (1 sandwich, 112 g)",food,404.3,12.8,50.6,18.6,16.8,3.1
FNDDS-2021-2023-42302020,"Peanut butter and jelly sandwich, with regular peanut butter, regular jelly, on wheat bread (1 sandwich, 112 g)","Peanut butter and jelly sandwich, with regular peanut butter, regular jelly, on wheat bread (1 sandwich, 112 g)",food,403.2,14.0,48.4,18.8,16.7,5.0
FNDDS-2021-2023-42302055,"Peanut butter and jelly sandwich, with reduced fat peanut butter, on white bread (1 sandwich, 112 g)","Peanut butter and jelly sandwich, with reduced fat peanut butter, on white bread (1 sandwich, 112 g)",food,379.7,14.0,54.9,13.0,16.5,3.2
FNDDS-2021-2023-42302060,"Peanut butter and jelly sandwich, with reduced fat peanut butter, on wheat bread (1 sandwich, 112 g)","Peanut butter and jelly sandwich, with reduced fat peanut butter, on wheat bread (1 sandwich, 112 g)",food,377.4,15.1,52.6,13.2,16.4,5.2
FNDDS-2021-2023-42302105,"Peanut butter and jelly sandwich, with regular peanut butter, reduced sugar jelly, on white bread (1 sandwich, 112 g)","Peanut butter and jelly sandwich, with regular peanut butter, reduced sugar jelly, on white bread (1 sandwich, 112 g)",food,381.9,12.8,44.1,18.6,12.4,3.2
FNDDS-2021-2023-42302110,"Peanut butter and jelly sandwich, with regular peanut butter, reduced sugar jelly, on wheat bread (1 sandwich, 112 g)","Peanut butter and jelly sandwich, with regular peanut butter, reduced sugar jelly, on wheat bread (1 sandwich, 112 g)",food,379.7,13.9,41.9,18.8,12.3,5.2
FNDDS-2021-2023-42303100,"Peanut butter and jelly sandwich, frozen commercial product without crusts (1 sandwich, 60 g)","Peanut butter and jelly sandwich, frozen commercial product without crusts (1 sandwich, 60 g)",food,216.6,6.8,27.1,10.0,9.0,1.7
FNDDS-2021-2023-42304010,"Almond butter sandwich, on white bread (1 sandwich, 92 g)","Almond butter sandwich, on white bread (1 sandwich, 92 g)",food,365.2,12.2,36.2,19.0,4.6,4.5
FNDDS-2021-2023-42304020,"Almond butter sandwich, on wheat bread (1 sandwich, 92 g)","Almond butter sandwich, on wheat bread (1 sandwich, 92 g)",food,363.4,13.4,34.0,19.2,4.5,6.3
FNDDS-2021-2023-42304030,"Almond butter and jelly sandwich, on white bread (1 sandwich, 112 g)","Almond butter and jelly sandwich, on white bread (1 sandwich, 112 g)",food,418.9,12.3,50.3,19.0,14.9,4.7
FNDDS-2021-2023-42304040,"Almond butter and jelly sandwich, on wheat bread (1 sandwich, 112 g)","Almond butter and jelly sandwich, on wheat bread (1 sandwich, 112 g)",food,416.6,13.4,48.0,19.3,14.8,6.5
FNDDS-2021-2023-42305010,"Nutella sandwich on white bread (1 sandwich, any size, 90 g)","Nutella sandwich on white bread (1 sandwich, any size, 90 g)",food,325.8,7.2,48.4,11.4,20.1,3.1
FNDDS-2021-2023-42305020,"Nutella sandwich on wheat bread (1 sandwich, any size, 90 g)","Nutella sandwich on wheat bread (1 sandwich, any size, 90 g)",food,323.1,8.4,46.2,11.6,20.0,4.9
FNDDS-2021-2023-42401010,"Coconut milk, used in cooking (1 fl oz, 30 g)","Coconut milk, used in cooking (1 fl oz, 30 g)",drink,69.0,0.7,1.7,7.1,1.0,0.7
FNDDS-2021-2023-42401100,"Yogurt, coconut milk (1 5.3 oz container, 150 g)","Yogurt, coconut milk (1 5.3 oz container, 150 g)",food,162.0,3.6,19.4,8.4,13.3,1.8
FNDDS-2021-2023-42401200,"Yogurt, almond milk (1 5.3 oz container, 150 g)","Yogurt, almond milk (1 5.3 oz container, 150 g)",food,192.0,4.5,19.5,10.5,11.7,2.2
FNDDS-2021-2023-42402010,"Coconut cream, canned, sweetened (1 fl oz (no ice), 30 g)","Coconut cream, canned, sweetened (1 fl oz (no ice), 30 g)",drink,107.1,0.4,16.0,4.9,15.4,0.1
FNDDS-2021-2023-42403010,"Coconut water, unsweetened (1 fl oz (no ice), 30 g)","Coconut water, unsweetened (1 fl oz (no ice), 30 g)",drink,5.4,0.1,1.3,0.0,1.2,0.0
FNDDS-2021-2023-42404010,"Coconut water, sweetened (1 fl oz (no ice), 30 g)","Coconut water, sweetened (1 fl oz (no ice), 30 g)",drink,11.1,0.1,2.7,0.0,2.6,0.0
FNDDS-2021-2023-42500100,"Trail mix with nuts (1 cup, 140 g)","Trail mix with nuts (1 cup, 140 g)",food,845.6,28.1,29.5,74.2,5.7,11.1
FNDDS-2021-2023-42501000,"Trail mix with nuts and fruit (1 cup, 140 g)","Trail mix with nuts and fruit (1 cup, 140 g)",food,635.6,15.3,71.5,37.5,51.1,9.0
FNDDS-2021-2023-42501500,"Trail mix with chocolate (1 cup, 140 g)","Trail mix with chocolate (1 cup, 140 g)",food,704.2,16.2,67.6,45.2,48.7,8.3
FNDDS-2021-2023-42502100,"Trail mix with pretzels, cereal, or granola (1 cup, 140 g)","Trail mix with pretzels, cereal, or granola (1 cup, 140 g)",food,666.4,18.3,70.8,38.8,27.0,8.4
FNDDS-2021-2023-43101100,"Pumpkin seeds, salted (1 cup, without shell, 144 g)","Pumpkin seeds, salted (1 cup, without shell, 144 g)",food,816.5,42.5,20.9,69.8,1.8,9.2
FNDDS-2021-2023-43101150,"Pumpkin seeds, unsalted (1 cup, without shell, 144 g)","Pumpkin seeds, unsalted (1 cup, without shell, 144 g)",food,826.6,42.9,21.2,70.6,1.9,9.4
FNDDS-2021-2023-43102000,"Sunflower seeds, plain, unsalted (1 cup, without shell, 144 g)","Sunflower seeds, plain, unsalted (1 cup, without shell, 144 g)",food,838.1,27.8,34.7,71.7,3.9,16.0
FNDDS-2021-2023-43102100,"Sunflower seeds, plain, salted (1 cup, without shell, 144 g)","Sunflower seeds, plain, salted (1 cup, without shell, 144 g)",food,828.0,27.5,34.3,70.8,3.9,15.8
FNDDS-2021-2023-43102300,"Sunflower seeds, flavored (1 cup, without shell, 144 g)","Sunflower seeds, flavored (1 cup, without shell, 144 g)",food,816.5,26.5,37.3,68.5,8.0,15.3
FNDDS-2021-2023-43103000,"Sesame seeds (1 cup, 128 g)","Sesame seeds (1 cup, 128 g)",food,807.7,26.1,15.0,78.3,0.6,14.8
FNDDS-2021-2023-43103300,"Tahini (1 tablespoon, 15 g)","Tahini (1 tablespoon, 15 g)",food,104.5,3.0,2.1,9.4,0.1,1.3
FNDDS-2021-2023-43104000,"Flax seeds (1 cup, 168 g)","Flax seeds (1 cup, 168 g)",food,915.6,30.2,57.8,62.7,2.6,38.8
FNDDS-2021-2023-43107000,"Mixed seeds (1 cup, 145 g)","Mixed seeds (1 cup, 145 g)",food,841.0,31.9,31.5,71.9,3.4,14.5
FNDDS-2021-2023-43108010,"Chia seeds (1 cup, 168 g)","Chia seeds (1 cup, 168 g)",food,816.5,27.7,70.7,51.6,2.6,57.8
FNDDS-2021-2023-51101000,"Bread, white (1 small or thin/very thin slice, 24 g)","Bread, white (1 small or thin/very thin slice, 24 g)",food,64.1,2.3,11.8,0.9,1.3,0.6
FNDDS-2021-2023-51101010,"Bread, white, toasted (1 small or thin/very thin slice, 22 g)","Bread, white, toasted (1 small or thin/very thin slice, 22 g)",food,64.5,2.3,11.9,0.9,1.3,0.6
FNDDS-2021-2023-51101050,"Bread, white, made from home recipe or purchased at a bakery (1 small or thin/very thin slice, 33 g)","Bread, white, made from home recipe or purchased at a bakery (1 small or thin/very thin slice, 33 g)",food,89.8,3.3,16.6,1.1,1.0,0.6
FNDDS-2021-2023-51101060,"Bread, white, made from home recipe or purchased at a bakery, toasted (1 small or thin/very thin slice, 30 g)","Bread, white, made from home recipe or purchased at a bakery, toasted (1 small or thin/very thin slice, 30 g)",food,89.7,3.3,16.6,1.1,1.0,0.6
FNDDS-2021-2023-51102010,"Bread, white with whole wheat swirl (1 small or thin/very thin slice, 24 g)","Bread, white with whole wheat swirl (1 small or thin/very thin slice, 24 g)",food,62.4,2.6,11.1,0.9,1.2,1.0
FNDDS-2021-2023-51102020,"Bread, white with whole wheat swirl, toasted (1 small or thin/very thin slice, 22 g)","Bread, white with whole wheat swirl, toasted (1 small or thin/very thin slice, 22 g)",food,66.2,2.7,11.7,0.9,1.2,1.0
FNDDS-2021-2023-51105010,"Bread, Cuban (1 small or thin/very thin slice, 10 g)","Bread, Cuban (1 small or thin/very thin slice, 10 g)",food,27.2,1.1,5.2,0.2,0.5,0.2
FNDDS-2021-2023-51105040,"Bread, Cuban, toasted (1 small or thin/very thin slice, 9 g)","Bread, Cuban, toasted (1 small or thin/very thin slice, 9 g)",food,26.9,1.1,5.1,0.2,0.5,0.2
FNDDS-2021-2023-51106010,"Bread, native, water, Puerto Rican style (1 slice, 25 g)","Bread, native, water, Puerto Rican style (1 slice, 25 g)",food,69.8,2.6,13.1,0.8,0.4,0.5
FNDDS-2021-2023-51106020,"Bread, native, water, toasted, Puerto Rican style (1 slice, 23 g)","Bread, native, water, toasted, Puerto Rican style (1 slice, 23 g)",food,70.4,2.6,13.2,0.8,0.5,0.5
FNDDS-2021-2023-51106200,"Bread, lard, Puerto Rican style (1 slice, 25 g)","Bread, lard, Puerto Rican style (1 slice, 25 g)",food,70.5,1.8,14.0,0.8,1.8,0.5
FNDDS-2021-2023-51106210,"Bread, lard, toasted, Puerto Rican style (1 slice, 23 g)","Bread, lard, toasted, Puerto Rican style (1 slice, 23 g)",food,72.2,1.9,14.3,0.8,1.8,0.5
FNDDS-2021-2023-51107010,"Bread, French or Vienna (1 small or thin/very thin slice, 32 g)","Bread, French or Vienna (1 small or thin/very thin slice, 32 g)",food,87.0,3.5,16.6,0.8,1.5,0.7
FNDDS-2021-2023-51107040,"Bread, French or Vienna, toasted (1 small or thin/very thin slice, 29 g)","Bread, French or Vienna, toasted (1 small or thin/very thin slice, 29 g)",food,86.7,3.4,16.5,0.8,1.5,0.7
FNDDS-2021-2023-51108010,"Focaccia, Italian, plain (1 slice, 57 g)","Focaccia, Italian, plain (1 slice, 57 g)",food,141.9,5.0,20.4,4.5,1.0,1.0
FNDDS-2021-2023-51108100,"Bread, naan (1 piece (1/4 of 10"" dia), 44 g)","Bread, naan (1 piece (1/4 of 10"" dia), 44 g)",food,136.8,4.9,22.1,3.2,1.6,2.3
FNDDS-2021-2023-51109010,"Bread, Italian, Grecian, Armenian (1 small or thin/very thin slice, 24 g)","Bread, Italian, Grecian, Armenian (1 small or thin/very thin slice, 24 g)",food,62.2,2.3,11.5,0.7,1.1,0.5
FNDDS-2021-2023-51109040,"Bread, Italian, Grecian, Armenian, toasted (1 small or thin/very thin slice, 22 g)","Bread, Italian, Grecian, Armenian, toasted (1 small or thin/very thin slice, 22 g)",food,62.7,2.3,11.6,0.7,1.1,0.5
FNDDS-2021-2023-51109100,"Bread, pita (1 small pita, 28 g)","Bread, pita (1 small pita, 28 g)",food,77.0,2.5,15.6,0.3,0.4,0.6
FNDDS-2021-2023-51109150,"Bread, pita with fruit (1 small pita, 28 g)","Bread, pita with fruit (1 small pita, 28 g)",food,78.1,2.3,16.7,0.3,3.2,0.7
FNDDS-2021-2023-51111010,"Bread, cheese (1 small or thin/very thin slice, 24 g)","Bread, cheese (1 small or thin/very thin slice, 24 g)",food,97.9,2.5,10.8,5.0,0.5,0.5
FNDDS-2021-2023-51111040,"Bread, cheese, toasted (1 small or thin/very thin slice, 22 g)","Bread, cheese, toasted (1 small or thin/very thin slice, 22 g)",food,98.6,2.5,10.8,5.0,0.5,0.5
FNDDS-2021-2023-51113010,"Bread, cinnamon (1 small or thin/very thin slice, 24 g)","Bread, cinnamon (1 small or thin/very thin slice, 24 g)",food,60.7,1.7,10.7,1.3,3.4,0.8
FNDDS-2021-2023-51113100,"Bread, cinnamon, toasted (1 small or thin/very thin slice, 22 g)","Bread, cinnamon, toasted (1 small or thin/very thin slice, 22 g)",food,64.5,2.3,11.9,0.9,1.3,0.6
FNDDS-2021-2023-51115010,"Bread, cornmeal and molasses (1 small or thin/very thin slice, 24 g)","Bread, cornmeal and molasses (1 small or thin/very thin slice, 24 g)",food,68.4,1.9,13.2,0.9,3.6,0.4
FNDDS-2021-2023-51115020,"Bread, cornmeal and molasses, toasted (1 small or thin/very thin slice, 22 g)","Bread, cornmeal and molasses, toasted (1 small or thin/very thin slice, 22 g)",food,68.9,1.9,13.4,0.9,3.6,0.4
FNDDS-2021-2023-51119010,"Bread, egg, Challah (1 small or thin/very thin slice, 24 g)","Bread, egg, Challah (1 small or thin/very thin slice, 24 g)",food,68.9,2.3,11.5,1.4,0.4,0.6
FNDDS-2021-2023-51119040,"Bread, egg, Challah, toasted (1 small or thin/very thin slice, 18 g)","Bread, egg, Challah, toasted (1 small or thin/very thin slice, 18 g)",food,56.7,1.9,9.4,1.2,0.4,0.4
FNDDS-2021-2023-51121025,"Garlic bread, from fast food / restaurant (1 small slice, 37 g)","Garlic bread, from fast food / restaurant (1 small slice, 37 g)",food,129.1,3.1,15.4,6.1,1.4,0.9
FNDDS-2021-2023-51121035,"Garlic bread, from frozen (1 small slice, 37 g)","Garlic bread, from frozen (1 small slice, 37 g)",food,129.5,3.1,15.4,6.1,1.4,0.9
FNDDS-2021-2023-51121045,"Garlic bread, with parmesan cheese, from fast food / restaurant (1 small slice, 39 g)","Garlic bread, with parmesan cheese, from fast food / restaurant (1 small slice, 39 g)",food,136.9,3.4,16.0,6.6,1.4,0.9
FNDDS-2021-2023-51121055,"Garlic bread, with parmesan cheese, from frozen (1 small slice, 39 g)","Garlic bread, with parmesan cheese, from frozen (1 small slice, 39 g)",food,136.9,3.4,16.0,6.6,1.4,1.0
FNDDS-2021-2023-51121065,"Garlic bread, with melted cheese, from fast food / restaurant (1 small slice, 44 g)","Garlic bread, with melted cheese, from fast food / restaurant (1 small slice, 44 g)",food,149.2,5.0,15.0,7.6,1.5,0.9
FNDDS-2021-2023-51121075,"Garlic bread, with melted cheese, from frozen (1 small slice, 44 g)","Garlic bread, with melted cheese, from frozen (1 small slice, 44 g)",food,150.9,4.6,16.2,7.5,1.5,1.0
FNDDS-2021-2023-51121110,"Bread, onion (1 small or thin/very thin slice, 24 g)","Bread, onion (1 small or thin/very thin slice, 24 g)",food,57.1,2.1,10.6,0.7,0.8,0.4
FNDDS-2021-2023-51121120,"Bread, onion, toasted (1 small or thin/very thin slice, 18 g)","Bread, onion, toasted (1 small or thin/very thin slice, 18 g)",food,47.2,1.7,8.8,0.6,0.7,0.3
FNDDS-2021-2023-51122300,"Bread, white, special formula, added fiber (1 small or thin/very thin slice, 24 g)","Bread, white, special formula, added fiber (1 small or thin/very thin slice, 24 g)",food,57.1,2.6,10.5,0.5,1.2,2.2
FNDDS-2021-2023-51122310,"Bread, white, special formula, added fiber, toasted (1 small or thin/very thin slice, 22 g)","Bread, white, special formula, added fiber, toasted (1 small or thin/very thin slice, 22 g)",food,57.6,2.6,10.6,0.5,1.2,2.2
FNDDS-2021-2023-51123020,"Bread, high protein, toasted (1 small or thin/very thin slice, 22 g)","Bread, high protein, toasted (1 small or thin/very thin slice, 22 g)",food,59.2,2.9,10.6,0.5,0.3,0.7
FNDDS-2021-2023-51127010,"Bread, potato (1 small or thin/very thin slice, 26 g)","Bread, potato (1 small or thin/very thin slice, 26 g)",food,69.2,3.2,12.2,0.8,2.4,1.6
FNDDS-2021-2023-51127020,"Bread, potato, toasted (1 small or thin/very thin slice, 24 g)","Bread, potato, toasted (1 small or thin/very thin slice, 24 g)",food,70.1,3.3,12.4,0.8,2.5,1.7
FNDDS-2021-2023-51129010,"Bread, raisin (1 small or thin/very thin slice, 24 g)","Bread, raisin (1 small or thin/very thin slice, 24 g)",food,64.8,2.1,12.5,0.8,2.7,0.6
FNDDS-2021-2023-51129020,"Bread, raisin, toasted (1 small or thin/very thin slice, 22 g)","Bread, raisin, toasted (1 small or thin/very thin slice, 22 g)",food,65.3,2.1,12.6,0.8,2.7,0.6
FNDDS-2021-2023-51133010,"Bread, sour dough (1 small or thin/very thin slice, 24 g)","Bread, sour dough (1 small or thin/very thin slice, 24 g)",food,65.3,2.6,12.5,0.6,1.1,0.5
FNDDS-2021-2023-51133020,"Bread, sour dough, toasted (1 small or thin/very thin slice, 22 g)","Bread, sour dough, toasted (1 small or thin/very thin slice, 22 g)",food,65.8,2.6,12.5,0.6,1.1,0.5
FNDDS-2021-2023-51134000,"Bread, sweet potato (1 small or thin/very thin slice, 24 g)","Bread, sweet potato (1 small or thin/very thin slice, 24 g)",food,57.8,2.1,10.9,0.7,0.8,0.4
FNDDS-2021-2023-51134010,"Bread, sweet potato, toasted (1 small or thin/very thin slice, 22 g)","Bread, sweet potato, toasted (1 small or thin/very thin slice, 22 g)",food,58.3,2.1,11.0,0.7,0.9,0.4
FNDDS-2021-2023-51135000,"Bread, vegetable (1 slice, 44 g)","Bread, vegetable (1 slice, 44 g)",food,114.0,4.3,21.1,1.4,1.6,0.8
FNDDS-2021-2023-51135010,"Bread, vegetable, toasted (1 slice, 40 g)","Bread, vegetable, toasted (1 slice, 40 g)",food,113.6,4.2,21.1,1.4,1.6,0.8
FNDDS-2021-2023-51136000,"Bruschetta (1 slice, 43 g)","Bruschetta (1 slice, 43 g)",food,73.5,1.8,9.2,3.3,1.4,0.6
FNDDS-2021-2023-51140100,"Bread, dough, fried (1 slice or roll, 26 g)","Bread, dough, fried (1 slice or roll, 26 g)",food,99.8,2.4,11.7,4.9,0.9,0.4
FNDDS-2021-2023-51150000,"Roll, white, soft (1 miniature/small roll, 28 g)","Roll, white, soft (1 miniature/small roll, 28 g)",food,78.1,2.7,14.0,1.1,2.0,0.5
FNDDS-2021-2023-51153000,"Roll, white, hard (1 miniature/small roll, 25 g)","Roll, white, hard (1 miniature/small roll, 25 g)",food,73.2,2.5,13.2,1.1,0.4,0.6
FNDDS-2021-2023-51154010,"Roll, white, hot dog bun (1 hot dog bun, 45 g)","Roll, white, hot dog bun (1 hot dog bun, 45 g)",food,120.2,4.2,22.1,1.6,2.4,1.0
FNDDS-2021-2023-51154100,"Roll, white, hamburger bun (1 miniature/small hamburger bun, 28 g)","Roll, white, hamburger bun (1 miniature/small hamburger bun, 28 g)",food,74.8,2.6,13.8,1.0,1.5,0.6
FNDDS-2021-2023-51154510,"Roll, diet (1 roll, 28 g)","Roll, diet (1 roll, 28 g)",food,76.2,3.0,14.5,0.7,1.3,0.6
FNDDS-2021-2023-51154550,"Roll, egg bread (1 roll, 28 g)","Roll, egg bread (1 roll, 28 g)",food,80.4,2.7,13.4,1.7,0.5,0.6
FNDDS-2021-2023-51154600,"Roll, cheese (1 roll, 41 g)","Roll, cheese (1 roll, 41 g)",food,129.2,4.7,20.3,3.2,2.2,0.8
FNDDS-2021-2023-51155000,"Roll, French or Vienna (1 small (10 per 12 oz package), 34 g)","Roll, French or Vienna (1 small (10 per 12 oz package), 34 g)",food,92.5,3.7,17.6,0.8,1.6,0.7
FNDDS-2021-2023-51156500,"Roll, garlic (1 miniature/small roll, 28 g)","Roll, garlic (1 miniature/small roll, 28 g)",food,86.5,3.0,14.5,1.8,1.5,0.6
FNDDS-2021-2023-51157000,"Roll, white, hoagie, submarine (1 small (5-1/2"" long), 73 g)","Roll, white, hoagie, submarine (1 small (5-1/2"" long), 73 g)",food,203.7,7.1,36.6,2.9,5.3,1.3
FNDDS-2021-2023-51158100,"Roll, Mexican, bolillo (1 miniature/small roll, 76 g)","Roll, Mexican, bolillo (1 miniature/small roll, 76 g)",food,241.7,8.1,42.4,4.4,2.7,1.7
FNDDS-2021-2023-51159000,"Roll, sour dough (1 miniature/small roll, 34 g)","Roll, sour dough (1 miniature/small roll, 34 g)",food,92.5,3.7,17.6,0.8,1.6,0.7
FNDDS-2021-2023-51160000,"Roll, sweet, no frosting (1 small, 54 g)","Roll, sweet, no frosting (1 small, 54 g)",dessert,173.3,5.4,28.9,4.0,8.3,1.7
FNDDS-2021-2023-51160100,"Roll, sweet, cinnamon bun, no frosting (1 small, 54 g)","Roll, sweet, cinnamon bun, no frosting (1 small, 54 g)",dessert,200.9,3.3,27.5,8.9,17.1,1.3
FNDDS-2021-2023-51160110,"Roll, sweet, cinnamon bun, frosted (1 small, 54 g)","Roll, sweet, cinnamon bun, frosted (1 small, 54 g)",dessert,244.1,2.4,26.2,14.4,13.9,0.6
FNDDS-2021-2023-51161000,"Pan Dulce, with fruit, no frosting (1 small, 54 g)","Pan Dulce, with fruit, no frosting (1 small, 54 g)",dessert,200.9,3.3,27.5,8.9,17.1,1.3
FNDDS-2021-2023-51161020,"Roll, sweet, with fruit, frosted (1 small, 54 g)","Roll, sweet, with fruit, frosted (1 small, 54 g)",dessert,204.7,2.8,28.9,8.9,19.8,1.1
FNDDS-2021-2023-51161030,"Roll, sweet, with fruit, frosted, diet (1 small, 54 g)","Roll, sweet, with fruit, frosted, diet (1 small, 54 g)",dessert,244.1,2.4,26.2,14.4,13.9,0.6
FNDDS-2021-2023-51161050,"Roll, sweet, frosted (1 small, 54 g)","Roll, sweet, frosted (1 small, 54 g)",dessert,218.2,3.0,27.4,10.9,18.6,1.2
FNDDS-2021-2023-51161250,"Pan Dulce, no topping (1 miniature, 30 g)","Pan Dulce, no topping (1 miniature, 30 g)",dessert,110.1,2.8,16.9,3.5,3.8,0.7
FNDDS-2021-2023-51161270,"Pan Dulce, with sugar topping (1 miniature, 40 g)","Pan Dulce, with sugar topping (1 miniature, 40 g)",dessert,149.6,3.5,22.6,5.1,6.3,0.8
FNDDS-2021-2023-51161280,"Pan Dulce, with raisins and icing (1 roll, 93 g)","Pan Dulce, with raisins and icing (1 roll, 93 g)",dessert,342.2,7.7,54.5,10.6,18.2,2.0
FNDDS-2021-2023-51165000,"Coffee cake, yeast type (1 cake (9"" square), 567 g)","Coffee cake, yeast type (1 cake (9"" square), 567 g)",dessert,2109.2,35.2,288.6,93.0,179.7,13.6
FNDDS-2021-2023-51166000,"Croissant (1 mini croissant, 28 g)","Croissant (1 mini croissant, 28 g)",dessert,113.7,2.3,12.8,5.9,3.2,0.7
FNDDS-2021-2023-51166100,"Croissant, cheese (1 croissant, 57 g)","Croissant, cheese (1 croissant, 57 g)",dessert,236.0,5.2,26.8,11.9,6.5,1.5
FNDDS-2021-2023-51166200,"Croissant, chocolate (1 croissant, 57 g)","Croissant, chocolate (1 croissant, 57 g)",dessert,240.0,4.2,28.2,13.0,11.3,1.9
FNDDS-2021-2023-51166500,"Croissant, fruit (1 croissant, 57 g)","Croissant, fruit (1 croissant, 57 g)",dessert,225.7,4.4,26.8,11.2,8.0,1.7
FNDDS-2021-2023-51167000,"Brioche (1 piece, 77 g)","Brioche (1 piece, 77 g)",dessert,328.8,6.9,28.0,21.2,2.4,1.2
FNDDS-2021-2023-51168000,"Bread, Spanish coffee (1 piece, 85 g)","Bread, Spanish coffee (1 piece, 85 g)",dessert,295.8,6.7,50.0,7.7,10.3,1.6
FNDDS-2021-2023-51180010,"Bagel (1 miniature, 26 g)","Bagel (1 miniature, 26 g)",food,68.6,2.8,13.6,0.3,2.2,0.4
FNDDS-2021-2023-51180030,"Bagel, with raisins (1 miniature, 26 g)","Bagel, with raisins (1 miniature, 26 g)",food,69.7,2.6,14.3,0.3,3.7,0.5
FNDDS-2021-2023-51180080,"Bagel, with fruit other than raisins (1 miniature, 26 g)","Bagel, with fruit other than raisins (1 miniature, 26 g)",food,63.2,2.5,12.6,0.3,2.2,0.4
FNDDS-2021-2023-51182010,"Bread stuffing (1 cubic inch, 10 g)","Bread stuffing (1 cubic inch, 10 g)",food,17.7,0.3,2.2,0.9,0.2,0.1
FNDDS-2021-2023-51182020,"Bread stuffing made with egg (1 cup, 170 g)","Bread stuffing made with egg (1 cup, 170 g)",food,326.4,5.6,30.3,20.2,3.3,1.4
FNDDS-2021-2023-51184100,"Breadsticks, hard, reduced sodium (1 snack size stick, 2 g)","Breadsticks, hard, reduced sodium (1 snack size stick, 2 g)",food,8.7,0.2,1.4,0.2,0.0,0.1
FNDDS-2021-2023-51184210,"Breadsticks, soft, fast food / restaurant (1 small stick, 26 g)","Breadsticks, soft, fast food / restaurant (1 small stick, 26 g)",food,88.9,3.2,11.5,3.3,0.3,0.6
FNDDS-2021-2023-51184220,"Breadsticks, soft, frozen (1 small stick, 26 g)","Breadsticks, soft, frozen (1 small stick, 26 g)",food,81.4,2.9,12.1,2.4,0.7,0.6
FNDDS-2021-2023-51184230,"Breadsticks, soft, with parmesan cheese, fast food / restaurant (1 small stick, 28 g)","Breadsticks, soft, with parmesan cheese, fast food / restaurant (1 small stick, 28 g)",food,96.3,3.5,12.3,3.7,0.3,0.6
FNDDS-2021-2023-51184260,"Breadsticks, soft, stuffed or topped with melted cheese (1 small stick, 40 g)","Breadsticks, soft, stuffed or topped with melted cheese (1 small stick, 40 g)",food,133.2,5.8,14.6,5.8,0.5,0.8
FNDDS-2021-2023-51185000,"Croutons (1 cup, 40 g)","Croutons (1 cup, 40 g)",food,186.0,4.3,25.4,7.3,1.8,2.0
FNDDS-2021-2023-51186010,"Muffin, English (1 muffin, 58 g)","Muffin, English (1 muffin, 58 g)",food,131.7,5.1,25.6,1.0,2.0,2.0
FNDDS-2021-2023-51186100,"Muffin, English, with raisins (1 muffin, 58 g)","Muffin, English, with raisins (1 muffin, 58 g)",food,135.7,4.8,27.7,0.9,5.6,2.1
FNDDS-2021-2023-51186130,"Muffin, English, cheese (1 muffin, 58 g)","Muffin, English, cheese (1 muffin, 58 g)",food,136.9,5.6,24.4,1.9,2.0,1.9
FNDDS-2021-2023-51186160,"Muffin, English, with fruit other than raisins (1 muffin, 58 g)","Muffin, English, with fruit other than raisins (1 muffin, 58 g)",food,141.5,5.4,27.6,1.0,2.8,2.3
FNDDS-2021-2023-51187000,"Melba toast (1 cracker, 5 g)","Melba toast (1 cracker, 5 g)",food,19.5,0.6,3.8,0.2,0.0,0.3
FNDDS-2021-2023-51187020,"Anisette toast (1 piece, 10 g)","Anisette toast (1 piece, 10 g)",dessert,37.3,0.8,6.7,0.8,2.8,0.1
FNDDS-2021-2023-51188100,"Pannetone (1 slice, 27 g)","Pannetone (1 slice, 27 g)",dessert,87.8,2.6,14.5,2.3,4.8,0.6
FNDDS-2021-2023-51188500,"Zwieback toast (1 piece, 5 g)","Zwieback toast (1 piece, 5 g)",food,21.3,0.5,3.7,0.5,0.6,0.1
FNDDS-2021-2023-51300050,"Bread, whole grain white (1 slice, crust not eaten, 16 g)","Bread, whole grain white (1 slice, crust not eaten, 16 g)",food,38.1,1.7,7.0,0.3,0.8,1.5
FNDDS-2021-2023-51300060,"Bread, whole grain white, toasted (1 large or thick slice, 39 g)","Bread, whole grain white, toasted (1 large or thick slice, 39 g)",food,102.2,4.6,18.8,0.9,2.1,3.9
FNDDS-2021-2023-51300100,"Bagel, whole grain white (1 miniature, 26 g)","Bagel, whole grain white (1 miniature, 26 g)",food,65.0,2.7,12.7,0.4,1.6,1.1
FNDDS-2021-2023-51300110,"Bread, whole wheat (1 small or thin/very thin slice, 24 g)","Bread, whole wheat (1 small or thin/very thin slice, 24 g)",food,61.0,3.0,10.3,0.9,1.1,1.4
FNDDS-2021-2023-51300120,"Bread, whole wheat, toasted (1 small or thin/very thin slice, 22 g)","Bread, whole wheat, toasted (1 small or thin/very thin slice, 22 g)",food,61.4,3.0,10.4,0.9,1.1,1.5
FNDDS-2021-2023-51300140,"Bread, whole wheat, made from home recipe or purchased at bakery (1 small or thin/very thin slice, 33 g)","Bread, whole wheat, made from home recipe or purchased at bakery (1 small or thin/very thin slice, 33 g)",food,88.1,3.4,15.5,1.4,1.1,2.2
FNDDS-2021-2023-51300150,"Bread, whole wheat, made from home recipe or purchased at bakery, toasted (1 small or thin/very thin slice, 30 g)","Bread, whole wheat, made from home recipe or purchased at bakery, toasted (1 small or thin/very thin slice, 30 g)",food,87.9,3.4,15.5,1.4,1.1,2.2
FNDDS-2021-2023-51300175,"Bread, chappatti or roti (1 small chappatti or roti (6""), 27 g)","Bread, chappatti or roti (1 small chappatti or roti (6""), 27 g)",food,80.7,2.1,12.4,2.5,0.8,2.6
FNDDS-2021-2023-51300180,"Bread, puri (1 puri (approx 4-4/5"" dia), 36 g)","Bread, puri (1 puri (approx 4-4/5"" dia), 36 g)",food,147.2,2.5,14.1,9.0,0.1,1.3
FNDDS-2021-2023-51300185,"Bread, paratha (1 paratha, 70 g)","Bread, paratha (1 paratha, 70 g)",food,228.2,4.5,31.8,9.2,2.9,6.7
FNDDS-2021-2023-51300210,"Bread, whole wheat, with raisins (1 large or thick slice, 43 g)","Bread, whole wheat, with raisins (1 large or thick slice, 43 g)",food,124.7,3.7,24.3,1.8,8.4,2.8
FNDDS-2021-2023-51300220,"Bread, whole wheat, with raisins, toasted (1 large or thick slice, 39 g)","Bread, whole wheat, with raisins, toasted (1 large or thick slice, 39 g)",food,124.4,3.7,24.1,1.8,8.3,2.8
FNDDS-2021-2023-51300300,"Bread, sprouted wheat (1 slice, 26 g)","Bread, sprouted wheat (1 slice, 26 g)",food,48.9,3.4,8.8,0.0,0.7,1.4
FNDDS-2021-2023-51300310,"Bread, sprouted wheat, toasted (1 slice, 24 g)","Bread, sprouted wheat, toasted (1 slice, 24 g)",food,49.7,3.5,8.9,0.0,0.7,1.4
FNDDS-2021-2023-51301010,"Bread, wheat or cracked wheat (1 large or thick slice, 43 g)","Bread, wheat or cracked wheat (1 large or thick slice, 43 g)",food,117.8,4.6,20.4,1.9,2.5,1.7
FNDDS-2021-2023-51301020,"Bread, wheat or cracked wheat, toasted (1 large or thick slice, 39 g)","Bread, wheat or cracked wheat, toasted (1 large or thick slice, 39 g)",food,117.4,4.6,20.4,1.9,2.5,1.7
FNDDS-2021-2023-51301040,"Bread, wheat or cracked wheat, made from home recipe or purchased at bakery (1 cubic inch, 4.7 g)","Bread, wheat or cracked wheat, made from home recipe or purchased at bakery (1 cubic inch, 4.7 g)",food,12.7,0.5,2.3,0.2,0.1,0.2
FNDDS-2021-2023-51301050,"Bread, wheat or cracked wheat, made from home recipe or purchased at bakery, toasted (1 cubic inch, 4.3 g)","Bread, wheat or cracked wheat, made from home recipe or purchased at bakery, toasted (1 cubic inch, 4.3 g)",food,12.8,0.5,2.3,0.2,0.2,0.2
FNDDS-2021-2023-51301120,"Bread, wheat or cracked wheat, with raisins (1 large or thick slice, 43 g)","Bread, wheat or cracked wheat, with raisins (1 large or thick slice, 43 g)",food,125.6,3.7,24.8,1.6,8.0,1.7
FNDDS-2021-2023-51301130,"Bread, wheat or cracked wheat, with raisins, toasted (1 large or thick slice, 39 g)","Bread, wheat or cracked wheat, with raisins, toasted (1 large or thick slice, 39 g)",food,125.2,3.7,24.7,1.6,8.0,1.7
FNDDS-2021-2023-51301510,"Bread, wheat or cracked wheat, reduced calorie and/or high fiber (1 small or thin/very thin slice, 24 g)","Bread, wheat or cracked wheat, reduced calorie and/or high fiber (1 small or thin/very thin slice, 24 g)",food,49.7,2.1,10.8,0.6,1.1,2.6
FNDDS-2021-2023-51301520,"Bread, wheat or cracked wheat, reduced calorie and/or high fiber, toasted (1 small or thin/very thin slice, 22 g)","Bread, wheat or cracked wheat, reduced calorie and/or high fiber, toasted (1 small or thin/very thin slice, 22 g)",food,50.2,2.2,10.9,0.6,1.1,2.6
FNDDS-2021-2023-51301540,"Bread, French or Vienna, whole wheat (1 cup, crumbs, 45 g)","Bread, French or Vienna, whole wheat (1 cup, crumbs, 45 g)",food,107.5,3.7,22.1,0.5,0.0,1.9
FNDDS-2021-2023-51301550,"Bread, French or Vienna, whole wheat, toasted (1 cubic inch, 3.4 g)","Bread, French or Vienna, whole wheat, toasted (1 cubic inch, 3.4 g)",food,8.9,0.3,1.8,0.0,0.0,0.2
FNDDS-2021-2023-51301600,"Bread, pita, whole wheat (1 surface inch, 2 g)","Bread, pita, whole wheat (1 surface inch, 2 g)",food,5.2,0.2,1.1,0.0,0.1,0.1
FNDDS-2021-2023-51301620,"Bread, pita, wheat or cracked wheat (1 small pita, 28 g)","Bread, pita, wheat or cracked wheat (1 small pita, 28 g)",food,73.4,2.7,15.7,0.5,0.8,1.7
FNDDS-2021-2023-51301700,"Bagel, wheat (1 miniature, 26 g)","Bagel, wheat (1 miniature, 26 g)",food,65.0,2.7,12.7,0.4,1.6,1.1
FNDDS-2021-2023-51301750,"Bagel, whole wheat (1 miniature, 26 g)","Bagel, whole wheat (1 miniature, 26 g)",food,65.0,2.7,12.7,0.4,1.6,1.1
FNDDS-2021-2023-51301800,"Bagel, wheat, with raisins (1 miniature, 26 g)","Bagel, wheat, with raisins (1 miniature, 26 g)",food,66.3,2.5,13.5,0.4,3.1,1.1
FNDDS-2021-2023-51301805,"Bagel, whole wheat, with raisins (1 miniature, 26 g)","Bagel, whole wheat, with raisins (1 miniature, 26 g)",food,66.3,2.5,13.5,0.4,3.1,1.1
FNDDS-2021-2023-51301820,"Bagel, wheat, with fruit and nuts (1 miniature, 26 g)","Bagel, wheat, with fruit and nuts (1 miniature, 26 g)",food,68.4,2.5,13.2,0.7,3.0,1.1
FNDDS-2021-2023-51301900,"Bagel, wheat bran (1 miniature, 26 g)","Bagel, wheat bran (1 miniature, 26 g)",food,65.0,2.7,12.7,0.4,1.6,1.1
FNDDS-2021-2023-51302500,"Muffin, English, wheat bran (1 muffin, 58 g)","Muffin, English, wheat bran (1 muffin, 58 g)",food,129.3,5.0,26.0,1.2,0.9,2.7
FNDDS-2021-2023-51302520,"Muffin, English, wheat bran, with raisins (1 muffin, 58 g)","Muffin, English, wheat bran, with raisins (1 muffin, 58 g)",food,134.0,4.7,28.0,1.1,4.6,2.7
FNDDS-2021-2023-51303010,"Muffin, English, wheat or cracked wheat (1 muffin, 58 g)","Muffin, English, wheat or cracked wheat (1 muffin, 58 g)",food,129.3,5.0,26.0,1.2,0.9,2.7
FNDDS-2021-2023-51303030,"Muffin, English, whole wheat (1 muffin, 58 g)","Muffin, English, whole wheat (1 muffin, 58 g)",food,129.3,5.0,26.0,1.2,0.9,2.7
FNDDS-2021-2023-51303050,"Muffin, English, wheat or cracked wheat, with raisins (1 muffin, 58 g)","Muffin, English, wheat or cracked wheat, with raisins (1 muffin, 58 g)",food,133.4,4.8,27.8,1.1,4.3,2.7
FNDDS-2021-2023-51303070,"Muffin, English, whole wheat, with raisins (1 muffin, 58 g)","Muffin, English, whole wheat, with raisins (1 muffin, 58 g)",food,133.4,4.8,27.8,1.1,4.3,2.7
FNDDS-2021-2023-51303100,"Muffin, English, whole grain white (1 muffin, 58 g)","Muffin, English, whole grain white (1 muffin, 58 g)",food,129.3,5.0,26.0,1.2,0.9,2.7
FNDDS-2021-2023-51306000,"Breadsticks, hard, whole wheat (1 snack size stick, 2 g)","Breadsticks, hard, whole wheat (1 snack size stick, 2 g)",food,8.5,0.3,1.4,0.2,0.1,0.1
FNDDS-2021-2023-51320010,"Roll, wheat or cracked wheat (1 miniature/small roll, 28 g)","Roll, wheat or cracked wheat (1 miniature/small roll, 28 g)",food,76.4,2.4,12.9,1.8,0.5,1.1
FNDDS-2021-2023-51320060,"Roll, wheat or cracked wheat, hot dog bun (1 hot dog bun, 45 g)","Roll, wheat or cracked wheat, hot dog bun (1 hot dog bun, 45 g)",food,121.0,5.3,21.3,1.6,3.1,1.9
FNDDS-2021-2023-51320070,"Roll, wheat or cracked wheat, hamburger bun (1 miniature/small hamburger bun, 28 g)","Roll, wheat or cracked wheat, hamburger bun (1 miniature/small hamburger bun, 28 g)",food,75.3,3.3,13.2,1.0,1.9,1.2
FNDDS-2021-2023-51320500,"Roll, whole wheat (1 miniature/small roll, 28 g)","Roll, whole wheat (1 miniature/small roll, 28 g)",food,76.4,2.4,12.9,1.8,0.5,1.1
FNDDS-2021-2023-51320550,"Roll, whole wheat, hot dog bun (1 hot dog bun, 45 g)","Roll, whole wheat, hot dog bun (1 hot dog bun, 45 g)",food,121.0,5.6,20.2,2.0,2.7,2.7
FNDDS-2021-2023-51320560,"Roll, whole wheat, hamburger bun (1 miniature/small hamburger bun, 28 g)","Roll, whole wheat, hamburger bun (1 miniature/small hamburger bun, 28 g)",food,75.3,3.5,12.6,1.2,1.7,1.7
FNDDS-2021-2023-51320700,"Roll, whole grain white (1 miniature/small roll, 28 g)","Roll, whole grain white (1 miniature/small roll, 28 g)",food,71.4,2.6,13.0,1.0,2.6,0.6
FNDDS-2021-2023-51320710,"Roll, whole grain white, hot dog bun (1 hot dog bun, 45 g)","Roll, whole grain white, hot dog bun (1 hot dog bun, 45 g)",food,114.8,4.2,20.9,1.6,4.2,1.0
FNDDS-2021-2023-51320720,"Roll, whole grain white, hamburger bun (1 miniature/small hamburger bun, 28 g)","Roll, whole grain white, hamburger bun (1 miniature/small hamburger bun, 28 g)",food,71.4,2.6,13.0,1.0,2.6,0.6
FNDDS-2021-2023-51401010,"Bread, rye (1 slice, snack-size, 10 g)","Bread, rye (1 slice, snack-size, 10 g)",food,25.9,0.9,4.8,0.3,0.4,0.6
FNDDS-2021-2023-51401020,"Bread, rye, toasted (1 slice, crust not eaten, 13.5 g)","Bread, rye, toasted (1 slice, crust not eaten, 13.5 g)",food,38.5,1.3,7.2,0.5,0.6,0.9
FNDDS-2021-2023-51401030,"Bread, marble rye and pumpernickel (1 cubic inch, 2.8 g)","Bread, marble rye and pumpernickel (1 cubic inch, 2.8 g)",food,7.3,0.2,1.4,0.1,0.1,0.2
FNDDS-2021-2023-51401040,"Bread, marble rye and pumpernickel, toasted (1 cubic inch, 2.5 g)","Bread, marble rye and pumpernickel, toasted (1 cubic inch, 2.5 g)",food,7.1,0.2,1.3,0.1,0.1,0.2
FNDDS-2021-2023-51401200,"Muffin, English, rye (1 muffin, 58 g)","Muffin, English, rye (1 muffin, 58 g)",food,150.2,4.9,28.0,1.9,2.2,3.4
FNDDS-2021-2023-51404010,"Bread, pumpernickel (1 slice, snack-size, 10 g)","Bread, pumpernickel (1 slice, snack-size, 10 g)",food,25.0,0.9,4.8,0.3,0.1,0.7
FNDDS-2021-2023-51404020,"Bread, pumpernickel, toasted (1 small or thin/very thin slice, 22 g)","Bread, pumpernickel, toasted (1 small or thin/very thin slice, 22 g)",food,60.5,2.1,11.5,0.8,0.1,1.6
FNDDS-2021-2023-51404500,"Bagel, pumpernickel (1 miniature, 26 g)","Bagel, pumpernickel (1 miniature, 26 g)",food,65.0,2.7,12.7,0.4,1.6,1.1
FNDDS-2021-2023-51404550,"Muffin, English, pumpernickel (1 muffin, 58 g)","Muffin, English, pumpernickel (1 muffin, 58 g)",food,145.0,5.0,27.5,1.8,0.3,3.8
FNDDS-2021-2023-51407010,"Bread, black (1 small or thin/very thin slice, 24 g)","Bread, black (1 small or thin/very thin slice, 24 g)",food,60.0,2.1,11.4,0.7,0.1,1.6
FNDDS-2021-2023-51407020,"Bread, black, toasted (1 small or thin/very thin slice, 22 g)","Bread, black, toasted (1 small or thin/very thin slice, 22 g)",food,60.5,2.1,11.5,0.8,0.1,1.6
FNDDS-2021-2023-51420000,"Roll, rye (1 miniature/small roll, 28 g)","Roll, rye (1 miniature/small roll, 28 g)",food,72.5,2.4,13.5,0.9,1.1,1.6
FNDDS-2021-2023-51421000,"Roll, pumpernickel (1 miniature/small roll, 28 g)","Roll, pumpernickel (1 miniature/small roll, 28 g)",food,70.0,2.4,13.3,0.9,0.1,1.8
FNDDS-2021-2023-51501010,"Bread, oatmeal (1 large or thick slice, 43 g)","Bread, oatmeal (1 large or thick slice, 43 g)",food,115.7,3.6,20.9,1.9,3.5,1.7
FNDDS-2021-2023-51501020,"Bread, oatmeal, toasted (1 large or thick slice, 39 g)","Bread, oatmeal, toasted (1 large or thick slice, 39 g)",food,115.4,3.6,20.8,1.9,3.5,1.7
FNDDS-2021-2023-51501040,"Bread, oat bran (1 large or thick slice, 43 g)","Bread, oat bran (1 large or thick slice, 43 g)",food,128.6,4.0,23.2,2.1,3.9,1.9
FNDDS-2021-2023-51501050,"Bread, oat bran, toasted (1 large or thick slice, 39 g)","Bread, oat bran, toasted (1 large or thick slice, 39 g)",food,115.4,3.6,20.8,1.9,3.5,1.7
FNDDS-2021-2023-51501080,"Bagel, oat bran (1 miniature, 26 g)","Bagel, oat bran (1 miniature, 26 g)",food,65.0,2.7,12.7,0.4,1.6,1.1
FNDDS-2021-2023-51502010,"Roll, oatmeal (1 miniature/small roll, 28 g)","Roll, oatmeal (1 miniature/small roll, 28 g)",food,75.3,2.4,13.6,1.2,2.3,1.1
FNDDS-2021-2023-51503000,"Muffin, English, oat bran (1 muffin, 58 g)","Muffin, English, oat bran (1 muffin, 58 g)",food,156.0,4.9,28.1,2.6,4.7,2.3
FNDDS-2021-2023-51503040,"Muffin, English, oat bran, with raisins (1 muffin, 58 g)","Muffin, English, oat bran, with raisins (1 muffin, 58 g)",food,157.8,4.6,29.9,2.3,8.0,2.3
FNDDS-2021-2023-51601010,"Bread, multigrain, toasted (1 slice, crust not eaten, 15 g)","Bread, multigrain, toasted (1 slice, crust not eaten, 15 g)",food,43.6,2.2,7.1,0.7,1.1,1.2
FNDDS-2021-2023-51601020,"Bread, multigrain (1 slice, crust not eaten, 16 g)","Bread, multigrain (1 slice, crust not eaten, 16 g)",food,42.4,2.1,6.9,0.7,1.0,1.2
FNDDS-2021-2023-51601210,"Bread, multigrain, with raisins (1 small or thin/very thin slice, 24 g)","Bread, multigrain, with raisins (1 small or thin/very thin slice, 24 g)",food,64.3,3.0,11.3,0.9,3.0,1.7
FNDDS-2021-2023-51601220,"Bread, multigrain, with raisins, toasted (1 small or thin/very thin slice, 22 g)","Bread, multigrain, with raisins, toasted (1 small or thin/very thin slice, 22 g)",food,64.9,3.0,11.4,0.9,3.0,1.7
FNDDS-2021-2023-51602010,"Bread, multigrain, reduced calorie and/or high fiber (1 small or thin/very thin slice, 24 g)","Bread, multigrain, reduced calorie and/or high fiber (1 small or thin/very thin slice, 24 g)",food,49.7,2.1,10.8,0.6,1.1,2.6
FNDDS-2021-2023-51602020,"Bread, multigrain, reduced calorie and/or high fiber, toasted (1 small or thin/very thin slice, 22 g)","Bread, multigrain, reduced calorie and/or high fiber, toasted (1 small or thin/very thin slice, 22 g)",food,50.2,2.2,10.9,0.6,1.1,2.6
FNDDS-2021-2023-51620000,"Roll, multigrain (1 miniature/small roll, 28 g)","Roll, multigrain (1 miniature/small roll, 28 g)",food,73.6,2.7,12.5,1.7,1.8,1.1
FNDDS-2021-2023-51620020,"Roll, multigrain, hot dog bun (1 hot dog bun, 45 g)","Roll, multigrain, hot dog bun (1 hot dog bun, 45 g)",food,118.4,4.3,20.1,2.7,2.8,1.7
FNDDS-2021-2023-51620030,"Roll, multigrain, hamburger bun (1 miniature/small hamburger bun, 28 g)","Roll, multigrain, hamburger bun (1 miniature/small hamburger bun, 28 g)",food,73.6,2.7,12.5,1.7,1.8,1.1
FNDDS-2021-2023-51630000,"Bagel, multigrain (1 miniature, 26 g)","Bagel, multigrain (1 miniature, 26 g)",food,65.0,2.7,12.7,0.4,1.6,1.1
FNDDS-2021-2023-51630100,"Bagel, multigrain, with raisins (1 miniature, 26 g)","Bagel, multigrain, with raisins (1 miniature, 26 g)",food,66.3,2.5,13.5,0.4,3.1,1.1
FNDDS-2021-2023-51630200,"Muffin, English, multigrain (1 muffin, 58 g)","Muffin, English, multigrain (1 muffin, 58 g)",food,129.3,5.0,26.0,1.2,0.9,2.7
FNDDS-2021-2023-51801010,"Bread, barley (1 small or thin/very thin slice, 24 g)","Bread, barley (1 small or thin/very thin slice, 24 g)",food,65.8,2.6,11.4,1.1,1.4,1.0
FNDDS-2021-2023-51801020,"Bread, barley, toasted (1 small or thin/very thin slice, 22 g)","Bread, barley, toasted (1 small or thin/very thin slice, 22 g)",food,66.2,2.6,11.5,1.1,1.4,1.0
FNDDS-2021-2023-51804010,"Bread, soy (1 small or thin/very thin slice, 24 g)","Bread, soy (1 small or thin/very thin slice, 24 g)",food,64.1,3.9,10.1,0.9,1.4,1.1
FNDDS-2021-2023-51804020,"Bread, soy, toasted (1 small or thin/very thin slice, 22 g)","Bread, soy, toasted (1 small or thin/very thin slice, 22 g)",food,64.5,4.0,10.1,0.9,1.5,1.1
FNDDS-2021-2023-51805010,"Bread, sunflower meal (1 small or thin/very thin slice, 24 g)","Bread, sunflower meal (1 small or thin/very thin slice, 24 g)",food,73.4,2.7,11.5,2.0,0.7,0.6
FNDDS-2021-2023-51805020,"Bread, sunflower meal, toasted (1 small or thin/very thin slice, 22 g)","Bread, sunflower meal, toasted (1 small or thin/very thin slice, 22 g)",food,73.9,2.7,11.6,2.0,0.7,0.6
FNDDS-2021-2023-51806010,"Bread, rice (1 small or thin/very thin slice, 24 g)","Bread, rice (1 small or thin/very thin slice, 24 g)",food,59.5,1.0,11.0,1.3,0.8,1.0
FNDDS-2021-2023-51806020,"Bread, rice, toasted (1 small or thin/very thin slice, 22 g)","Bread, rice, toasted (1 small or thin/very thin slice, 22 g)",food,60.1,1.0,11.1,1.3,0.9,1.0
FNDDS-2021-2023-51807000,"Injera, Ethiopian bread (1 cup, pieces, 68 g)","Injera, Ethiopian bread (1 cup, pieces, 68 g)",food,63.2,1.7,13.2,0.5,0.7,1.9
FNDDS-2021-2023-51808000,"Bread, gluten free (1 small or thin/very thin slice, 24 g)","Bread, gluten free (1 small or thin/very thin slice, 24 g)",food,59.5,1.0,11.0,1.3,0.8,1.0
FNDDS-2021-2023-51808010,"Bread, gluten free, toasted (1 small or thin/very thin slice, 22 g)","Bread, gluten free, toasted (1 small or thin/very thin slice, 22 g)",food,60.1,1.0,11.1,1.3,0.9,1.0
FNDDS-2021-2023-51808050,"Breadsticks, hard, gluten free (1 snack size stick, 2 g)","Breadsticks, hard, gluten free (1 snack size stick, 2 g)",food,9.1,0.2,1.3,0.3,0.0,0.2
FNDDS-2021-2023-51808100,"Roll, gluten free (1 miniature/small roll, 28 g)","Roll, gluten free (1 miniature/small roll, 28 g)",food,66.9,0.9,14.1,0.7,1.9,1.4
FNDDS-2021-2023-52102040,"Biscuit, from refrigerated dough (1 biscuit, 45 g)","Biscuit, from refrigerated dough (1 biscuit, 45 g)",food,145.8,3.1,22.1,5.0,3.7,1.3
FNDDS-2021-2023-52103000,"Biscuit, from fast food / restaurant (1 biscuit, 70 g)","Biscuit, from fast food / restaurant (1 biscuit, 70 g)",food,259.0,5.0,30.0,13.2,2.7,1.8
FNDDS-2021-2023-52104010,"Biscuit, home recipe (1 biscuit, 45 g)","Biscuit, home recipe (1 biscuit, 45 g)",food,157.5,3.2,20.2,7.2,2.1,0.6
FNDDS-2021-2023-52104040,"Biscuit, wheat (1 biscuit, 45 g)","Biscuit, wheat (1 biscuit, 45 g)",food,162.9,3.4,19.8,8.2,1.7,2.0
FNDDS-2021-2023-52104100,"Biscuit, cheese (1 biscuit, 45 g)","Biscuit, cheese (1 biscuit, 45 g)",food,168.3,3.9,17.5,9.2,1.6,1.0
FNDDS-2021-2023-52104200,"Biscuit with fruit (1 biscuit, 45 g)","Biscuit with fruit (1 biscuit, 45 g)",food,163.3,3.0,20.9,7.7,4.5,1.2
FNDDS-2021-2023-52105100,"Scone (1 regular, 70 g)","Scone (1 regular, 70 g)",food,267.4,4.7,33.7,12.9,9.4,0.8
FNDDS-2021-2023-52105200,"Scone, with fruit (1 regular, 70 g)","Scone, with fruit (1 regular, 70 g)",food,261.8,4.4,35.8,11.5,13.0,1.0
FNDDS-2021-2023-52201000,"Cornbread, prepared from mix (1 surface inch, 9 g)","Cornbread, prepared from mix (1 surface inch, 9 g)",food,29.7,0.6,4.9,0.9,1.4,0.2
FNDDS-2021-2023-52202060,"Cornbread, made from home recipe (1 surface inch, 11 g)","Cornbread, made from home recipe (1 surface inch, 11 g)",food,31.6,0.7,4.7,1.1,0.8,0.2
FNDDS-2021-2023-52204000,"Cornbread stuffing (1 cup, NFS, 200 g)","Cornbread stuffing (1 cup, NFS, 200 g)",food,358.0,5.8,43.8,17.6,0.0,5.8
FNDDS-2021-2023-52206010,"Cornbread muffin, stick, round (1 small, 66 g)","Cornbread muffin, stick, round (1 small, 66 g)",food,201.3,3.9,33.7,5.5,11.7,2.2
FNDDS-2021-2023-52206060,"Cornbread muffin, stick, round, made from home recipe (1 small, 66 g)","Cornbread muffin, stick, round, made from home recipe (1 small, 66 g)",food,202.6,4.6,30.3,6.9,4.8,1.1
FNDDS-2021-2023-52207010,"Corn flour patty or tart, fried (1 patty, 10 g)","Corn flour patty or tart, fried (1 patty, 10 g)",food,21.8,0.4,4.1,0.5,0.6,0.3
FNDDS-2021-2023-52208010,"Corn pone, baked (1 pone (8"" dia x 3/4""), 377 g)","Corn pone, baked (1 pone (8"" dia x 3/4""), 377 g)",food,806.8,13.2,149.7,16.2,3.0,7.2
FNDDS-2021-2023-52208020,"Corn pone, fried (1 piece, 61 g)","Corn pone, fried (1 piece, 61 g)",food,154.9,2.0,23.1,6.0,0.5,1.1
FNDDS-2021-2023-52208760,"Gordita/sope shell, plain, no filling (1 cup (pieces), 100 g)","Gordita/sope shell, plain, no filling (1 cup (pieces), 100 g)",food,260.0,3.9,37.2,11.2,0.7,2.9
FNDDS-2021-2023-52209010,"Hush puppy (1 hush puppy, 22 g)","Hush puppy (1 hush puppy, 22 g)",food,65.1,1.4,8.8,2.9,0.8,0.6
FNDDS-2021-2023-52211010,"Johnnycake (1 piece, 49 g)","Johnnycake (1 piece, 49 g)",food,135.7,3.9,21.5,3.7,4.5,0.9
FNDDS-2021-2023-52213010,"Spoonbread (1 cup, 187 g)","Spoonbread (1 cup, 187 g)",food,310.4,12.5,34.8,13.2,9.1,1.3
FNDDS-2021-2023-52215100,"Tortilla, corn (1 small, 18 g)","Tortilla, corn (1 small, 18 g)",food,39.2,1.0,8.0,0.5,0.2,1.1
FNDDS-2021-2023-52215200,"Tortilla, flour (1 small, 33 g)","Tortilla, flour (1 small, 33 g)",food,101.0,2.7,16.3,2.6,1.2,1.2
FNDDS-2021-2023-52215260,"Tortilla, whole wheat (1 small, 33 g)","Tortilla, whole wheat (1 small, 33 g)",food,102.3,3.2,15.1,3.2,0.8,3.2
FNDDS-2021-2023-52215300,"Taco shell, corn (1 miniature, 7 g)","Taco shell, corn (1 miniature, 7 g)",food,33.3,0.4,4.4,1.5,0.1,0.5
FNDDS-2021-2023-52215350,"Taco shell, flour (1 small, 33 g)","Taco shell, flour (1 small, 33 g)",food,168.6,2.9,17.6,9.6,1.3,1.3
FNDDS-2021-2023-52220110,"Arepa Dominicana (1 piece (4"" x 2"" x 1-3/4""), 115 g)","Arepa Dominicana (1 piece (4"" x 2"" x 1-3/4""), 115 g)",food,307.0,6.5,35.1,16.1,3.7,2.8
FNDDS-2021-2023-52302010,"Muffin, fruit (1 Hostess package of 5 mini muffins (2 oz), 57 g)","Muffin, fruit (1 Hostess package of 5 mini muffins (2 oz), 57 g)",food,213.7,2.6,30.2,9.2,18.0,0.6
FNDDS-2021-2023-52302020,"Muffin, fruit, low fat (1 miniature, 25 g)","Muffin, fruit, low fat (1 miniature, 25 g)",food,63.8,1.1,12.5,1.1,6.8,1.1
FNDDS-2021-2023-52302500,"Muffin, chocolate chip (1 miniature, 25 g)","Muffin, chocolate chip (1 miniature, 25 g)",food,100.5,1.4,13.8,4.8,8.2,0.5
FNDDS-2021-2023-52302600,"Muffin, chocolate (1 miniature, 25 g)","Muffin, chocolate (1 miniature, 25 g)",food,98.8,1.6,12.7,4.7,6.5,0.5
FNDDS-2021-2023-52303010,"Muffin, whole wheat (1 miniature, 25 g)","Muffin, whole wheat (1 miniature, 25 g)",food,93.0,1.9,11.0,4.6,5.0,0.9
FNDDS-2021-2023-52303500,"Muffin, wheat (1 miniature, 25 g)","Muffin, wheat (1 miniature, 25 g)",food,93.0,1.7,11.4,4.5,5.0,0.5
FNDDS-2021-2023-52304000,"Muffin, whole grain (1 miniature, 25 g)","Muffin, whole grain (1 miniature, 25 g)",food,93.0,1.7,11.4,4.5,5.0,0.5
FNDDS-2021-2023-52304010,"Muffin, wheat bran (1 miniature, 25 g)","Muffin, wheat bran (1 miniature, 25 g)",food,52.0,1.6,9.7,1.3,3.8,0.6
FNDDS-2021-2023-52304040,"Muffin, bran with fruit, lowfat (1 muffin (2-3/4"" dia) (include Jenny's Cuisine), 58 g)","Muffin, bran with fruit, lowfat (1 muffin (2-3/4"" dia) (include Jenny's Cuisine), 58 g)",food,103.8,3.1,23.2,0.9,11.8,1.6
FNDDS-2021-2023-52304100,"Muffin, oatmeal (1 miniature, 25 g)","Muffin, oatmeal (1 miniature, 25 g)",food,92.5,1.6,11.0,4.7,5.2,0.4
FNDDS-2021-2023-52304150,"Muffin, oat bran (1 miniature, 25 g)","Muffin, oat bran (1 miniature, 25 g)",food,67.5,1.8,12.1,1.9,2.1,1.1
FNDDS-2021-2023-52306010,"Muffin, plain (1 miniature, 25 g)","Muffin, plain (1 miniature, 25 g)",food,93.5,1.5,13.0,4.0,6.9,0.2
FNDDS-2021-2023-52306300,"Muffin, cheese (1 miniature, 25 g)","Muffin, cheese (1 miniature, 25 g)",food,91.8,2.4,7.6,5.8,0.5,0.2
FNDDS-2021-2023-52306500,"Muffin, pumpkin (1 miniature, 25 g)","Muffin, pumpkin (1 miniature, 25 g)",food,76.2,1.2,10.8,3.2,5.7,0.3
FNDDS-2021-2023-52306550,"Muffin, zucchini (1 miniature, 25 g)","Muffin, zucchini (1 miniature, 25 g)",food,76.5,1.3,10.7,3.3,5.7,0.2
FNDDS-2021-2023-52306700,"Muffin, carrot (1 miniature, 25 g)","Muffin, carrot (1 miniature, 25 g)",food,78.5,1.3,11.1,3.3,5.8,0.3
FNDDS-2021-2023-52311010,"Popover (1 popover, 31 g)","Popover (1 popover, 31 g)",food,83.1,3.4,10.9,2.9,1.3,0.3
FNDDS-2021-2023-52401000,"Bread, Boston Brown (1 slice, 45 g)","Bread, Boston Brown (1 slice, 45 g)",food,123.3,4.8,21.4,2.0,2.6,1.8
FNDDS-2021-2023-52403000,"Bread, nut (1 slice, 49 g)","Bread, nut (1 slice, 49 g)",food,197.5,3.2,24.4,9.8,12.7,0.6
FNDDS-2021-2023-52404060,"Bread, pumpkin (1 slice, 60 g)","Bread, pumpkin (1 slice, 60 g)",food,183.0,3.0,25.9,7.7,13.6,0.8
FNDDS-2021-2023-52405010,"Bread, fruit (1 slice, 41 g)","Bread, fruit (1 slice, 41 g)",food,153.3,2.5,19.4,7.4,10.3,0.5
FNDDS-2021-2023-52407000,"Bread, zucchini (1 slice, 40 g)","Bread, zucchini (1 slice, 40 g)",food,122.4,2.0,17.0,5.2,9.1,0.4
FNDDS-2021-2023-52408000,"Bread, Irish soda (1 loaf, 537 g)","Bread, Irish soda (1 loaf, 537 g)",food,1616.4,34.8,274.4,48.1,117.6,12.4
FNDDS-2021-2023-53101100,"Cake, angel food (1 piece/slice, any size, 60 g)","Cake, angel food (1 piece/slice, any size, 60 g)",dessert,154.2,3.7,35.2,0.2,18.3,0.1
FNDDS-2021-2023-53102200,"Cake or cupcake, apple (1 cupcake, any size, 90 g)","Cake or cupcake, apple (1 cupcake, any size, 90 g)",dessert,338.4,2.2,47.2,15.8,35.6,0.8
FNDDS-2021-2023-53102700,"Cake or cupcake, banana (1 cupcake, any size, 90 g)","Cake or cupcake, banana (1 cupcake, any size, 90 g)",dessert,341.1,2.2,47.8,15.8,35.6,0.9
FNDDS-2021-2023-53102800,"Cake or cupcake, Black Forest (1 piece/slice, any size, 200 g)","Cake or cupcake, Black Forest (1 piece/slice, any size, 200 g)",dessert,456.0,7.0,62.6,21.4,36.6,3.4
FNDDS-2021-2023-53103000,"Cake, Boston cream pie (1 piece/slice, any size, 115 g)","Cake, Boston cream pie (1 piece/slice, any size, 115 g)",dessert,289.8,2.8,49.3,9.8,41.5,1.6
FNDDS-2021-2023-53104260,"Cake or cupcake, carrot (1 cupcake, any size, 90 g)","Cake or cupcake, carrot (1 cupcake, any size, 90 g)",dessert,336.6,2.2,46.6,15.8,34.6,1.0
FNDDS-2021-2023-53104400,"Cake or cupcake, coconut (1 cupcake, any size, 90 g)","Cake or cupcake, coconut (1 cupcake, any size, 90 g)",dessert,331.2,2.2,49.1,14.1,36.5,1.2
FNDDS-2021-2023-53104500,"Cheesecake, plain (1 piece/slice, any size, 175 g)","Cheesecake, plain (1 piece/slice, any size, 175 g)",dessert,698.2,9.3,60.9,46.4,46.6,0.9
FNDDS-2021-2023-53104550,"Cheesecake, fruit (1 piece/slice, any size, 200 g)","Cheesecake, fruit (1 piece/slice, any size, 200 g)",dessert,774.0,9.6,76.4,47.8,57.6,1.2
FNDDS-2021-2023-53104600,"Cheesecake, chocolate (1 piece/slice, any size, 175 g)","Cheesecake, chocolate (1 piece/slice, any size, 175 g)",dessert,689.5,10.0,62.1,45.7,45.3,2.8
FNDDS-2021-2023-53105262,"Cake or cupcake, chocolate with white icing, bakery (1 miniature/bite size, 30 g)","Cake or cupcake, chocolate with white icing, bakery (1 miniature/bite size, 30 g)",dessert,106.5,0.8,16.3,4.4,12.1,0.4
FNDDS-2021-2023-53105264,"Cake or cupcake, chocolate with white icing, from mix (1 miniature/bite size, 25 g)","Cake or cupcake, chocolate with white icing, from mix (1 miniature/bite size, 25 g)",dessert,87.2,0.8,13.3,3.6,9.6,0.3
FNDDS-2021-2023-53105270,"Cake or cupcake, chocolate with chocolate icing, bakery (1 miniature/bite size, 30 g)","Cake or cupcake, chocolate with chocolate icing, bakery (1 miniature/bite size, 30 g)",dessert,103.5,1.0,15.7,4.6,11.3,0.5
FNDDS-2021-2023-53105272,"Cake or cupcake, chocolate with chocolate icing, from mix (1 miniature/bite size, 25 g)","Cake or cupcake, chocolate with chocolate icing, from mix (1 miniature/bite size, 25 g)",dessert,85.2,0.9,12.8,3.8,9.0,0.4
FNDDS-2021-2023-53105275,"Cake or cupcake, chocolate, no icing (1 miniature/bite size, 15 g)","Cake or cupcake, chocolate, no icing (1 miniature/bite size, 15 g)",dessert,45.4,0.8,6.5,2.0,3.2,0.3
FNDDS-2021-2023-53105300,"Cake or cupcake, German chocolate (1 cupcake, any size, 90 g)","Cake or cupcake, German chocolate (1 cupcake, any size, 90 g)",dessert,324.0,3.3,44.9,15.8,31.2,2.2
FNDDS-2021-2023-53105310,"Cake or cupcake, gluten free (1 cupcake, any size, 90 g)","Cake or cupcake, gluten free (1 cupcake, any size, 90 g)",dessert,369.0,4.4,34.1,26.5,30.6,2.2
FNDDS-2021-2023-53105396,"Cake, chocolate, flourless (1 piece/slice, any size, 115 g)","Cake, chocolate, flourless (1 piece/slice, any size, 115 g)",dessert,471.5,5.6,43.6,33.8,39.1,2.8
FNDDS-2021-2023-53106500,"Cake, cream (1 cupcake, any size, 90 g)","Cake, cream (1 cupcake, any size, 90 g)",dessert,257.4,3.5,27.0,15.3,14.8,0.4
FNDDS-2021-2023-53108200,"Snack cake, chocolate (1 miniature/bite size, 15 g)","Snack cake, chocolate (1 miniature/bite size, 15 g)",dessert,59.8,0.5,9.0,2.4,5.7,0.5
FNDDS-2021-2023-53109200,"Snack cake, white (1 miniature/bite size, 15 g)","Snack cake, white (1 miniature/bite size, 15 g)",dessert,56.1,0.5,9.6,1.7,5.6,0.1
FNDDS-2021-2023-53110000,"Cake, fruit cake (1 piece/slice, any size, 115 g)","Cake, fruit cake (1 piece/slice, any size, 115 g)",dessert,372.6,3.3,70.8,10.5,31.5,4.3
FNDDS-2021-2023-53111000,"Cake or cupcake, gingerbread (1 piece/slice, any size, 115 g)","Cake or cupcake, gingerbread (1 piece/slice, any size, 115 g)",dessert,317.4,4.2,52.1,10.5,32.5,1.1
FNDDS-2021-2023-53112100,"Ice cream cake (1 ice cream roll (12 oz), 340 g)","Ice cream cake (1 ice cream roll (12 oz), 340 g)",dessert,962.2,10.0,133.6,43.2,106.1,1.7
FNDDS-2021-2023-53113000,"Cake, jelly roll (1 piece/slice, any size, 100 g)","Cake, jelly roll (1 piece/slice, any size, 100 g)",dessert,285.0,3.1,64.5,1.5,42.0,0.8
FNDDS-2021-2023-53114100,"Cake or cupcake, lemon (1 cupcake, any size, 90 g)","Cake or cupcake, lemon (1 cupcake, any size, 90 g)",dessert,305.1,2.2,46.7,12.2,34.4,0.4
FNDDS-2021-2023-53115200,"Cake or cupcake, marble (1 cupcake, any size, 90 g)","Cake or cupcake, marble (1 cupcake, any size, 90 g)",dessert,312.3,2.8,47.3,13.6,34.6,1.1
FNDDS-2021-2023-53115450,"Cake or cupcake, peanut butter (1 cupcake, any size, 90 g)","Cake or cupcake, peanut butter (1 cupcake, any size, 90 g)",dessert,343.8,5.5,42.8,17.8,29.1,1.8
FNDDS-2021-2023-53116000,"Cake, pound (1 piece/slice, any size, 115 g)","Cake, pound (1 piece/slice, any size, 115 g)",dessert,405.9,5.8,61.6,16.1,38.4,0.7
FNDDS-2021-2023-53116510,"Cake or cupcake, pumpkin (1 cupcake, any size, 90 g)","Cake or cupcake, pumpkin (1 cupcake, any size, 90 g)",dessert,335.7,2.2,46.4,15.8,34.6,1.0
FNDDS-2021-2023-53116520,"Cake or cupcake, red velvet (1 cupcake, any size, 90 g)","Cake or cupcake, red velvet (1 cupcake, any size, 90 g)",dessert,319.5,2.5,49.0,13.1,36.2,1.1
FNDDS-2021-2023-53117200,"Cake or cupcake, spice (1 cupcake, any size, 90 g)","Cake or cupcake, spice (1 cupcake, any size, 90 g)",dessert,369.0,2.4,50.8,17.5,38.0,0.8
FNDDS-2021-2023-53118100,"Cake, sponge (1 piece/slice, any size, 65 g)","Cake, sponge (1 piece/slice, any size, 65 g)",dessert,188.5,3.5,39.6,1.8,23.9,0.3
FNDDS-2021-2023-53118110,"Cake or cupcake, strawberry (1 cupcake, any size, 90 g)","Cake or cupcake, strawberry (1 cupcake, any size, 90 g)",dessert,293.4,2.0,45.2,11.6,33.7,0.5
FNDDS-2021-2023-53118500,"Cake, torte (1 piece/slice, any size, 200 g)","Cake, torte (1 piece/slice, any size, 200 g)",dessert,482.0,6.6,67.8,20.8,38.2,1.8
FNDDS-2021-2023-53118550,"Cake, tres leche (1 piece/slice, any size, 200 g)","Cake, tres leche (1 piece/slice, any size, 200 g)",dessert,540.0,12.8,84.0,17.3,66.8,0.6
FNDDS-2021-2023-53119000,"Cake, pineapple, upside down (1 piece/slice, any size, 115 g)","Cake, pineapple, upside down (1 piece/slice, any size, 115 g)",dessert,313.9,2.7,45.0,14.0,32.4,0.8
FNDDS-2021-2023-53120270,"Cake or cupcake, white with white icing, bakery (1 miniature/bite size, 30 g)","Cake or cupcake, white with white icing, bakery (1 miniature/bite size, 30 g)",dessert,107.7,0.7,16.5,4.3,12.4,0.1
FNDDS-2021-2023-53120272,"Cake or cupcake, white with white icing, from mix (1 miniature/bite size, 25 g)","Cake or cupcake, white with white icing, from mix (1 miniature/bite size, 25 g)",dessert,88.2,0.7,13.4,3.5,9.8,0.1
FNDDS-2021-2023-53121270,"Cake or cupcake, white with chocolate icing, bakery (1 miniature/bite size, 30 g)","Cake or cupcake, white with chocolate icing, bakery (1 miniature/bite size, 30 g)",dessert,104.7,0.9,15.8,4.5,11.6,0.2
FNDDS-2021-2023-53121272,"Cake or cupcake, white with chocolate icing, from mix (1 miniature/bite size, 25 g)","Cake or cupcake, white with chocolate icing, from mix (1 miniature/bite size, 25 g)",dessert,86.2,0.8,13.0,3.7,9.3,0.2
FNDDS-2021-2023-53121275,"Cake or cupcake, white, no icing (1 miniature/bite size, 15 g)","Cake or cupcake, white, no icing (1 miniature/bite size, 15 g)",dessert,46.5,0.7,6.7,1.9,3.5,0.1
FNDDS-2021-2023-53123070,"Cake, strawberry shortcake (1 piece/slice, any size, 175 g)","Cake, strawberry shortcake (1 piece/slice, any size, 175 g)",dessert,374.5,5.8,70.2,8.3,45.3,1.6
FNDDS-2021-2023-53124110,"Cake or cupcake, zucchini (1 cupcake, any size, 90 g)","Cake or cupcake, zucchini (1 cupcake, any size, 90 g)",dessert,333.9,2.3,46.0,15.8,34.5,0.8
FNDDS-2021-2023-53200100,"Cookie, batter or dough, raw (1 cup, 250 g)","Cookie, batter or dough, raw (1 cup, 250 g)",dessert,1087.5,12.4,136.2,56.0,73.0,2.2
FNDDS-2021-2023-53202000,"Cookie, almond (1 miniature/bite size, 5 g)","Cookie, almond (1 miniature/bite size, 5 g)",dessert,25.7,0.3,3.2,1.3,1.1,0.1
FNDDS-2021-2023-53203000,"Cookie, applesauce (1 miniature/bite size, 5 g)","Cookie, applesauce (1 miniature/bite size, 5 g)",dessert,22.5,0.3,3.4,0.9,1.2,0.1
FNDDS-2021-2023-53203500,"Cookie, biscotti (1 cookie, 32 g)","Cookie, biscotti (1 cookie, 32 g)",dessert,119.4,2.4,21.4,2.7,9.1,0.4
FNDDS-2021-2023-53204010,"Cookie, brownie, without icing (1 small or bite size, 30 g)","Cookie, brownie, without icing (1 small or bite size, 30 g)",dessert,121.5,1.4,19.2,4.9,11.0,0.6
FNDDS-2021-2023-53204100,"Cookie, brownie, with icing or filling (1 small, 40 g)","Cookie, brownie, with icing or filling (1 small, 40 g)",dessert,160.4,1.2,25.4,6.8,18.9,0.6
FNDDS-2021-2023-53205250,"Cookie, butterscotch, brownie (1 small, 30 g)","Cookie, butterscotch, brownie (1 small, 30 g)",dessert,121.5,1.4,19.2,4.9,11.0,0.6
FNDDS-2021-2023-53205260,"Cookie, bar, with chocolate (1 bar, 30 g)","Cookie, bar, with chocolate (1 bar, 30 g)",dessert,147.6,1.5,19.6,7.4,9.9,0.6
FNDDS-2021-2023-53206000,"Cookie, chocolate chip (1 mini or bite size cookie, 5 g)","Cookie, chocolate chip (1 mini or bite size cookie, 5 g)",dessert,24.6,0.3,3.3,1.2,1.6,0.1
FNDDS-2021-2023-53206020,"Cookie, chocolate chip, made from home recipe or purchased at a bakery (1 miniature/bite size, 5 g)","Cookie, chocolate chip, made from home recipe or purchased at a bakery (1 miniature/bite size, 5 g)",dessert,25.2,0.3,3.0,1.5,2.1,0.1
FNDDS-2021-2023-53206030,"Cookie, chocolate chip, reduced fat (1 miniature/bite size, 5 g)","Cookie, chocolate chip, reduced fat (1 miniature/bite size, 5 g)",dessert,22.6,0.3,3.4,0.9,1.6,0.2
FNDDS-2021-2023-53206100,"Cookie, chocolate chip sandwich (1 miniature/bite size, 3 g)","Cookie, chocolate chip sandwich (1 miniature/bite size, 3 g)",dessert,12.8,0.1,1.9,0.5,1.1,0.0
FNDDS-2021-2023-53206500,"Cookie, chocolate, made with rice cereal (1 bar (2"" square, 1-1/8"" high), 30 g)","Cookie, chocolate, made with rice cereal (1 bar (2"" square, 1-1/8"" high), 30 g)",dessert,132.0,1.0,19.0,5.8,12.1,0.5
FNDDS-2021-2023-53206550,"Cookie, chocolate, made with oatmeal and coconut, no bake (1 miniature/bite size, 5 g)","Cookie, chocolate, made with oatmeal and coconut, no bake (1 miniature/bite size, 5 g)",dessert,22.5,0.3,3.4,0.9,1.2,0.1
FNDDS-2021-2023-53207000,"Cookie, chocolate or fudge (1 miniature/bite size, 5 g)","Cookie, chocolate or fudge (1 miniature/bite size, 5 g)",dessert,21.7,0.3,3.6,0.7,1.9,0.2
FNDDS-2021-2023-53208000,"Cookie, marshmallow, chocolate-covered (1 Fudge Marshmallow, 28 g)","Cookie, marshmallow, chocolate-covered (1 Fudge Marshmallow, 28 g)",dessert,117.9,1.1,19.0,4.7,12.5,0.6
FNDDS-2021-2023-53208200,"Cookie, marshmallow pie, chocolate covered (1 scooter pie, 34 g)","Cookie, marshmallow pie, chocolate covered (1 scooter pie, 34 g)",dessert,143.1,1.4,23.0,5.7,15.2,0.7
FNDDS-2021-2023-53209005,"Cookie, chocolate, with icing or coating (1 miniature/bite size, 7 g)","Cookie, chocolate, with icing or coating (1 miniature/bite size, 7 g)",dessert,35.5,0.3,4.8,1.7,2.2,0.2
FNDDS-2021-2023-53209010,"Cookie, sugar wafer, chocolate-covered (1 wafer, 15 g)","Cookie, sugar wafer, chocolate-covered (1 wafer, 15 g)",dessert,78.9,0.5,9.9,4.1,7.8,0.5
FNDDS-2021-2023-53209015,"Cookie, chocolate sandwich (1 miniature/bite size, 3 g)","Cookie, chocolate sandwich (1 miniature/bite size, 3 g)",dessert,13.9,0.2,2.1,0.6,1.2,0.1
FNDDS-2021-2023-53209020,"Cookie, chocolate sandwich, reduced fat (1 miniature/bite size, 3 g)","Cookie, chocolate sandwich, reduced fat (1 miniature/bite size, 3 g)",dessert,13.1,0.1,2.3,0.4,1.2,0.1
FNDDS-2021-2023-53209100,"Cookie, chocolate, sandwich, with extra filling (1 sandwich (include Double Stuff Oreo), 15 g)","Cookie, chocolate, sandwich, with extra filling (1 sandwich (include Double Stuff Oreo), 15 g)",dessert,74.5,0.6,10.2,3.7,6.9,0.4
FNDDS-2021-2023-53209500,"Cookie, chocolate and vanilla sandwich (1 miniature/bite size, 3 g)","Cookie, chocolate and vanilla sandwich (1 miniature/bite size, 3 g)",dessert,13.9,0.2,2.1,0.6,1.2,0.1
FNDDS-2021-2023-53210000,"Cookie, chocolate wafer (1 small or thin (include Famous Brand Chocolate Wafers), 5 g)","Cookie, chocolate wafer (1 small or thin (include Famous Brand Chocolate Wafers), 5 g)",dessert,21.7,0.3,3.6,0.7,1.9,0.2
FNDDS-2021-2023-53210900,"Cookie, graham cracker with chocolate and marshmallow (1 Suddenly S'mores cookie, 19 g)","Cookie, graham cracker with chocolate and marshmallow (1 Suddenly S'mores cookie, 19 g)",dessert,88.3,1.2,13.1,3.5,8.3,0.5
FNDDS-2021-2023-53211000,"Cookie bar, with chocolate, nuts, and graham crackers (1 small bar, 25 g)","Cookie bar, with chocolate, nuts, and graham crackers (1 small bar, 25 g)",dessert,123.0,1.3,16.4,6.2,8.2,0.5
FNDDS-2021-2023-53215500,"Cookie, coconut (1 miniature/bite size, 5 g)","Cookie, coconut (1 miniature/bite size, 5 g)",dessert,23.0,0.2,3.1,1.1,2.3,0.3
FNDDS-2021-2023-53220000,"Cookie, fruit-filled bar (1 small bar, 25 g)","Cookie, fruit-filled bar (1 small bar, 25 g)",dessert,87.0,0.9,17.7,1.8,11.6,1.1
FNDDS-2021-2023-53220030,"Cookie, fig bar (1 mini fig newton, 6.3 g)","Cookie, fig bar (1 mini fig newton, 6.3 g)",dessert,21.9,0.2,4.5,0.5,2.9,0.3
FNDDS-2021-2023-53222010,"Cookie, fortune (1 cookie, 8 g)","Cookie, fortune (1 cookie, 8 g)",dessert,30.2,0.3,6.7,0.2,3.6,0.1
FNDDS-2021-2023-53222020,"Cookie, cone shell, ice cream type, wafer or cake (1 cone, 4 g)","Cookie, cone shell, ice cream type, wafer or cake (1 cone, 4 g)",dessert,16.7,0.3,3.2,0.3,0.2,0.1
FNDDS-2021-2023-53223000,"Cookie, gingersnaps (1 miniature/bite size, 5 g)","Cookie, gingersnaps (1 miniature/bite size, 5 g)",dessert,20.8,0.3,3.8,0.5,1.0,0.1
FNDDS-2021-2023-53223100,"Cookie, granola (1 miniature/bite size, 5 g)","Cookie, granola (1 miniature/bite size, 5 g)",dessert,23.2,0.5,3.3,0.9,1.4,0.2
FNDDS-2021-2023-53224000,"Cookie, ladyfinger (1 ladyfinger (3"" x 1-1/8"" x 1""), 8.3 g)","Cookie, ladyfinger (1 ladyfinger (3"" x 1-1/8"" x 1""), 8.3 g)",dessert,30.3,0.9,5.0,0.8,2.1,0.1
FNDDS-2021-2023-53224250,"Cookie, lemon bar (1 small bar, 25 g)","Cookie, lemon bar (1 small bar, 25 g)",dessert,109.2,1.3,15.7,4.7,10.5,0.2
FNDDS-2021-2023-53225000,"Cookie, macaroon (1 cookie, 24 g)","Cookie, macaroon (1 cookie, 24 g)",dessert,110.4,0.7,14.7,5.4,10.8,1.2
FNDDS-2021-2023-53226000,"Cookie, marshmallow, with coconut (1 cookie, 30 g)","Cookie, marshmallow, with coconut (1 cookie, 30 g)",dessert,126.3,1.2,20.3,5.1,13.4,0.6
FNDDS-2021-2023-53226500,"Cookie, marshmallow, with rice cereal, no bake (1 small bar, 25 g)","Cookie, marshmallow, with rice cereal, no bake (1 small bar, 25 g)",dessert,104.2,0.8,20.1,2.2,4.8,0.0
FNDDS-2021-2023-53226550,"Cookie, marshmallow, with rice cereal and chocolate chips (1 small bar, 25 g)","Cookie, marshmallow, with rice cereal and chocolate chips (1 small bar, 25 g)",dessert,108.8,1.1,15.8,4.5,10.2,0.0
FNDDS-2021-2023-53226600,"Cookie, marshmallow and peanut butter, with oat cereal, no bake (1 small bar, 25 g)","Cookie, marshmallow and peanut butter, with oat cereal, no bake (1 small bar, 25 g)",dessert,104.2,0.8,20.1,2.2,4.8,0.0
FNDDS-2021-2023-53228000,"Cookie, meringue (1 cookie, 5 g)","Cookie, meringue (1 cookie, 5 g)",dessert,17.5,0.3,4.1,0.0,4.0,0.0
FNDDS-2021-2023-53230000,"Cookie, molasses (1 miniature/bite size, 5 g)","Cookie, molasses (1 miniature/bite size, 5 g)",dessert,21.5,0.3,3.7,0.6,0.9,0.1
FNDDS-2021-2023-53231000,"Cookie, Lebkuchen (1 cookie, 24 g)","Cookie, Lebkuchen (1 cookie, 24 g)",dessert,103.2,1.3,17.7,3.1,4.2,0.2
FNDDS-2021-2023-53231400,"Cookie, multigrain, high fiber (1 cookie, 30 g)","Cookie, multigrain, high fiber (1 cookie, 30 g)",dessert,139.2,2.9,20.0,5.3,8.2,0.9
FNDDS-2021-2023-53233000,"Cookie, oatmeal (1 miniature/bite size, 5 g)","Cookie, oatmeal (1 miniature/bite size, 5 g)",dessert,22.5,0.3,3.4,0.9,1.2,0.1
FNDDS-2021-2023-53233010,"Cookie, oatmeal, with raisins (1 miniature/bite size, 5 g)","Cookie, oatmeal, with raisins (1 miniature/bite size, 5 g)",dessert,22.5,0.3,3.4,0.9,1.2,0.1
FNDDS-2021-2023-53233050,"Cookie, oatmeal sandwich, with creme filling (1 sandwich, 14 g)","Cookie, oatmeal sandwich, with creme filling (1 sandwich, 14 g)",dessert,55.7,0.4,7.8,2.6,4.4,0.4
FNDDS-2021-2023-53233060,"Cookie, oatmeal, with chocolate chips (1 miniature/bite size, 5 g)","Cookie, oatmeal, with chocolate chips (1 miniature/bite size, 5 g)",dessert,22.9,0.3,3.4,1.0,1.6,0.2
FNDDS-2021-2023-53233080,"Cookie, oatmeal sandwich, with peanut butter and jelly filling (1 miniature/bite size, 3 g)","Cookie, oatmeal sandwich, with peanut butter and jelly filling (1 miniature/bite size, 3 g)",dessert,11.9,0.1,1.7,0.5,0.9,0.1
FNDDS-2021-2023-53233100,"Cookie, oatmeal, with chocolate and peanut butter, no bake (1 miniature/bite size, 5 g)","Cookie, oatmeal, with chocolate and peanut butter, no bake (1 miniature/bite size, 5 g)",dessert,22.5,0.3,3.4,0.9,1.2,0.1
FNDDS-2021-2023-53234000,"Cookie, peanut butter (1 miniature/bite size, 5 g)","Cookie, peanut butter (1 miniature/bite size, 5 g)",dessert,23.7,0.4,2.9,1.2,1.4,0.1
FNDDS-2021-2023-53234100,"Cookie, peanut butter, with chocolate (1 miniature/bite size, 5 g)","Cookie, peanut butter, with chocolate (1 miniature/bite size, 5 g)",dessert,23.8,0.4,3.0,1.3,1.7,0.2
FNDDS-2021-2023-53234250,"Cookie, peanut butter with rice cereal, no bake (1 small bar, 25 g)","Cookie, peanut butter with rice cereal, no bake (1 small bar, 25 g)",dessert,104.2,0.8,20.1,2.2,4.8,0.0
FNDDS-2021-2023-53235000,"Cookie, peanut butter sandwich (1 sandwich, 14 g)","Cookie, peanut butter sandwich (1 sandwich, 14 g)",dessert,66.9,1.2,9.2,3.0,5.0,0.3
FNDDS-2021-2023-53235500,"Cookie, with peanut butter filling, chocolate-coated (1 miniature/bite size, 7 g)","Cookie, with peanut butter filling, chocolate-coated (1 miniature/bite size, 7 g)",dessert,39.3,0.6,3.7,2.5,2.2,0.2
FNDDS-2021-2023-53235600,"Cookie, Pfeffernusse (1 cookie, 13 g)","Cookie, Pfeffernusse (1 cookie, 13 g)",dessert,66.8,0.7,8.3,3.4,2.8,0.2
FNDDS-2021-2023-53236000,"Cookie, Pizzelle (1 wafer or rosette, 13 g)","Cookie, Pizzelle (1 wafer or rosette, 13 g)",dessert,54.2,1.1,10.3,0.9,0.8,0.4
FNDDS-2021-2023-53236100,"Cookie, pumpkin (1 mini or bite size cookie, 5 g)","Cookie, pumpkin (1 mini or bite size cookie, 5 g)",dessert,22.5,0.3,3.4,0.9,1.2,0.1
FNDDS-2021-2023-53237000,"Cookie, raisin (1 miniature/bite size, 5 g)","Cookie, raisin (1 miniature/bite size, 5 g)",dessert,20.1,0.2,3.4,0.7,2.4,0.1
FNDDS-2021-2023-53237010,"Cookie, raisin sandwich, cream-filled (1 miniature/bite size, 3 g)","Cookie, raisin sandwich, cream-filled (1 miniature/bite size, 3 g)",dessert,11.9,0.1,1.7,0.5,0.9,0.1
FNDDS-2021-2023-53237500,"Cookie, rum ball, no bake (1 ball, 11 g)","Cookie, rum ball, no bake (1 ball, 11 g)",dessert,56.5,0.6,7.0,2.9,2.4,0.1
FNDDS-2021-2023-53238000,"Cookie, sandwich-type, not chocolate or vanilla (1 miniature/bite size, 3 g)","Cookie, sandwich-type, not chocolate or vanilla (1 miniature/bite size, 3 g)",dessert,14.5,0.1,2.2,0.6,1.2,0.0
FNDDS-2021-2023-53239000,"Cookie, shortbread (1 miniature/bite size, 5 g)","Cookie, shortbread (1 miniature/bite size, 5 g)",dessert,25.7,0.3,3.2,1.3,1.1,0.1
FNDDS-2021-2023-53239010,"Cookie, shortbread, reduced fat (1 miniature/bite size, 5 g)","Cookie, shortbread, reduced fat (1 miniature/bite size, 5 g)",dessert,22.6,0.3,3.8,0.7,1.1,0.1
FNDDS-2021-2023-53239050,"Cookie, shortbread, with icing or filling (1 miniature/bite size, 7 g)","Cookie, shortbread, with icing or filling (1 miniature/bite size, 7 g)",dessert,36.1,0.4,4.4,2.0,1.9,0.1
FNDDS-2021-2023-53239100,"Pocky (1 stick, 4 g)","Pocky (1 stick, 4 g)",dessert,17.9,0.4,2.0,0.9,1.0,0.2
FNDDS-2021-2023-53240000,"Cookie, animal (1 cracker, 4 g)","Cookie, animal (1 cracker, 4 g)",dessert,17.8,0.3,3.0,0.6,0.9,0.0
FNDDS-2021-2023-53240010,"Cookie, animal, with frosting or icing (1 animal cookie (include Keebler Iced; Carousel Frosted), 5 g)","Cookie, animal, with frosting or icing (1 animal cookie (include Keebler Iced; Carousel Frosted), 5 g)",dessert,25.5,0.2,3.5,1.2,2.1,0.0
FNDDS-2021-2023-53241500,"Cookie, butter or sugar (1 miniature/bite size, 5 g)","Cookie, butter or sugar (1 miniature/bite size, 5 g)",dessert,23.2,0.3,3.4,1.0,1.4,0.1
FNDDS-2021-2023-53241510,"Marie biscuit (1 cookie, 7 g)","Marie biscuit (1 cookie, 7 g)",dessert,28.4,0.5,4.9,0.7,1.5,0.2
FNDDS-2021-2023-53241600,"Cookie, butter or sugar, with fruit and/or nuts (1 miniature/bite size, 5 g)","Cookie, butter or sugar, with fruit and/or nuts (1 miniature/bite size, 5 g)",dessert,23.5,0.3,3.2,1.1,1.2,0.1
FNDDS-2021-2023-53242000,"Cookie, sugar wafer (1 small, 4 g)","Cookie, sugar wafer (1 small, 4 g)",dessert,20.1,0.2,2.8,0.9,1.7,0.1
FNDDS-2021-2023-53242500,"Cookie, toffee bar (1 small bar, 25 g)","Cookie, toffee bar (1 small bar, 25 g)",dessert,123.0,1.3,16.4,6.2,8.2,0.5
FNDDS-2021-2023-53243000,"Cookie, vanilla sandwich (1 miniature/bite size, 3 g)","Cookie, vanilla sandwich (1 miniature/bite size, 3 g)",dessert,14.5,0.1,2.2,0.6,1.2,0.0
FNDDS-2021-2023-53243010,"Cookie, vanilla sandwich, extra filling (1 miniature/bite size, 3 g)","Cookie, vanilla sandwich, extra filling (1 miniature/bite size, 3 g)",dessert,14.9,0.1,2.0,0.7,1.4,0.1
FNDDS-2021-2023-53243050,"Cookie, vanilla sandwich, reduced fat (1 miniature/bite size, 3 g)","Cookie, vanilla sandwich, reduced fat (1 miniature/bite size, 3 g)",dessert,12.7,0.1,2.3,0.3,1.1,0.1
FNDDS-2021-2023-53244010,"Cookie, butter or sugar, with chocolate icing or filling (1 miniature/bite size, 7 g)","Cookie, butter or sugar, with chocolate icing or filling (1 miniature/bite size, 7 g)",dessert,35.2,0.3,4.8,1.6,2.4,0.1
FNDDS-2021-2023-53244020,"Cookie, butter or sugar, with icing or filling other than chocolate (1 miniature/bite size, 7 g)","Cookie, butter or sugar, with icing or filling other than chocolate (1 miniature/bite size, 7 g)",dessert,30.3,0.2,5.1,1.0,3.2,0.0
FNDDS-2021-2023-53246000,"Cookie, tea, Japanese (1 small, 2 g)","Cookie, tea, Japanese (1 small, 2 g)",dessert,7.6,0.1,1.7,0.1,0.9,0.0
FNDDS-2021-2023-53247000,"Cookie, vanilla wafer (1 small or bite size, 3 g)","Cookie, vanilla wafer (1 small or bite size, 3 g)",dessert,13.7,0.1,2.2,0.5,1.1,0.0
FNDDS-2021-2023-53247050,"Cookie, vanilla wafer, reduced fat (1 small or bite size, 3 g)","Cookie, vanilla wafer, reduced fat (1 small or bite size, 3 g)",dessert,13.2,0.1,2.2,0.5,1.1,0.1
FNDDS-2021-2023-53247500,"Cookie, vanilla with caramel, coconut, and chocolate coating (1 small cookie, 28 g)","Cookie, vanilla with caramel, coconut, and chocolate coating (1 small cookie, 28 g)",dessert,136.9,1.0,17.9,7.2,10.0,1.2
FNDDS-2021-2023-53251100,"Cookie, rugelach (1 medium roll-up cookie, 23 g)","Cookie, rugelach (1 medium roll-up cookie, 23 g)",dessert,80.0,0.9,16.3,1.7,10.7,1.1
FNDDS-2021-2023-53260030,"Cookie, chocolate chip, reduced sugar (1 miniature/bite size, 5 g)","Cookie, chocolate chip, reduced sugar (1 miniature/bite size, 5 g)",dessert,22.5,0.2,3.7,0.8,2.0,0.1
FNDDS-2021-2023-53260200,"Cookie, oatmeal, reduced sugar (1 miniature/bite size, 5 g)","Cookie, oatmeal, reduced sugar (1 miniature/bite size, 5 g)",dessert,22.5,0.2,3.5,0.9,1.6,0.1
FNDDS-2021-2023-53260300,"Cookie, sandwich, reduced sugar (1 cookie, 12 g)","Cookie, sandwich, reduced sugar (1 cookie, 12 g)",dessert,55.3,0.5,8.2,2.7,2.4,0.5
FNDDS-2021-2023-53260400,"Cookie, sugar or plain, sugar free (1 miniature/bite size, 5 g)","Cookie, sugar or plain, sugar free (1 miniature/bite size, 5 g)",dessert,26.2,0.5,2.5,1.6,0.0,0.2
FNDDS-2021-2023-53260500,"Cookie, sugar wafer, sugar free (1 small, 4 g)","Cookie, sugar wafer, sugar free (1 small, 4 g)",dessert,21.2,0.1,2.7,1.1,0.0,0.6
FNDDS-2021-2023-53260600,"Cookie, peanut butter, sugar free (1 small, 20 g)","Cookie, peanut butter, sugar free (1 small, 20 g)",dessert,104.6,2.1,10.1,6.2,0.0,0.7
FNDDS-2021-2023-53261000,"Cookie, gluten free (1 mini or bite size cookie, 5 g)","Cookie, gluten free (1 mini or bite size cookie, 5 g)",dessert,23.7,0.1,3.8,0.9,2.5,0.1
FNDDS-2021-2023-53270100,"Cookies, Puerto Rican style (1 cookie, 19 g)","Cookies, Puerto Rican style (1 cookie, 19 g)",dessert,96.1,1.2,12.9,4.4,4.4,0.3
FNDDS-2021-2023-53300200,"Tart, all types (1 tart, 125 g)","Tart, all types (1 tart, 125 g)",dessert,395.0,3.8,53.2,20.1,26.8,3.2
FNDDS-2021-2023-53301000,"Pie, apple (1 mini/small slice, 75 g)","Pie, apple (1 mini/small slice, 75 g)",dessert,222.0,2.0,28.2,11.5,11.9,1.4
FNDDS-2021-2023-53301070,"Pie, apple, fast food (1 tart, 125 g)","Pie, apple, fast food (1 tart, 125 g)",dessert,395.0,3.8,53.2,20.1,26.8,3.2
FNDDS-2021-2023-53303500,"Pie, berry (1 mini/small slice, 75 g)","Pie, berry (1 mini/small slice, 75 g)",dessert,229.5,2.4,29.6,11.6,12.4,2.7
FNDDS-2021-2023-53304000,"Pie, blueberry (1 mini/small slice, 75 g)","Pie, blueberry (1 mini/small slice, 75 g)",dessert,225.0,2.1,28.5,11.6,11.6,1.9
FNDDS-2021-2023-53305000,"Pie, cherry (1 mini/small slice, 75 g)","Pie, cherry (1 mini/small slice, 75 g)",dessert,233.2,2.2,30.7,11.5,14.6,1.4
FNDDS-2021-2023-53305700,"Pie, lemon (1 slice, any size, 150 g)","Pie, lemon (1 slice, any size, 150 g)",dessert,420.0,3.6,47.2,24.3,27.6,1.0
FNDDS-2021-2023-53305800,"Pie, key lime (1 slice, any size, 150 g)","Pie, key lime (1 slice, any size, 150 g)",dessert,483.0,8.7,63.3,22.4,53.8,0.4
FNDDS-2021-2023-53307000,"Pie, peach (1 mini/small slice, 75 g)","Pie, peach (1 mini/small slice, 75 g)",dessert,222.0,2.1,27.8,11.5,11.8,1.4
FNDDS-2021-2023-53312000,"Pie, strawberry (1 slice, any size, 150 g)","Pie, strawberry (1 slice, any size, 150 g)",dessert,433.5,4.3,66.3,17.4,33.9,3.3
FNDDS-2021-2023-53341000,"Pie, banana cream (1 slice, any size, 150 g)","Pie, banana cream (1 slice, any size, 150 g)",dessert,426.0,3.6,48.6,24.3,28.7,1.0
FNDDS-2021-2023-53342000,"Pie, chocolate cream (1 slice, any size, 150 g)","Pie, chocolate cream (1 slice, any size, 150 g)",dessert,436.5,4.1,48.8,25.0,29.0,1.0
FNDDS-2021-2023-53343000,"Pie, coconut cream (1 slice, any size, 150 g)","Pie, coconut cream (1 slice, any size, 150 g)",dessert,445.5,3.8,48.0,26.7,28.0,1.7
FNDDS-2021-2023-53344000,"Pie, custard (1 slice, any size, 150 g)","Pie, custard (1 slice, any size, 150 g)",dessert,315.0,8.2,31.2,17.4,17.4,2.4
FNDDS-2021-2023-53344300,"Dessert pizza (1 piece, 108 g)","Dessert pizza (1 piece, 108 g)",dessert,220.3,2.0,35.0,8.1,17.1,1.8
FNDDS-2021-2023-53346000,"Pie, peanut butter cream (1 slice, any size, 150 g)","Pie, peanut butter cream (1 slice, any size, 150 g)",dessert,631.5,8.9,49.7,45.2,32.5,1.7
FNDDS-2021-2023-53346500,"Pie, pineapple cream (1 slice, any size, 150 g)","Pie, pineapple cream (1 slice, any size, 150 g)",dessert,411.0,3.5,46.8,23.4,27.9,1.0
FNDDS-2021-2023-53347000,"Pie, pumpkin (1 mini/small slice, 75 g)","Pie, pumpkin (1 mini/small slice, 75 g)",dessert,186.8,3.6,27.2,7.3,18.5,1.3
FNDDS-2021-2023-53360000,"Pie, sweet potato (1 mini/small slice, 75 g)","Pie, sweet potato (1 mini/small slice, 75 g)",dessert,201.8,3.7,30.8,7.3,18.9,1.0
FNDDS-2021-2023-53365000,"Pie, vanilla cream (1 slice, any size, 150 g)","Pie, vanilla cream (1 slice, any size, 150 g)",dessert,429.0,3.7,48.4,24.5,28.8,1.0
FNDDS-2021-2023-53381000,"Pie, lemon meringue (1 slice, any size, 150 g)","Pie, lemon meringue (1 slice, any size, 150 g)",dessert,441.0,6.8,65.6,17.0,39.6,1.7
FNDDS-2021-2023-53385000,"Pie, pecan (1 mini/small slice, 75 g)","Pie, pecan (1 mini/small slice, 75 g)",dessert,336.8,4.5,37.1,18.9,23.2,1.4
FNDDS-2021-2023-53385500,"Pie, oatmeal (1 slice, any size, 150 g)","Pie, oatmeal (1 slice, any size, 150 g)",dessert,594.0,9.2,85.3,24.0,48.2,3.3
FNDDS-2021-2023-53391000,"Pie shell (1 tart shell, 25 g)","Pie shell (1 tart shell, 25 g)",dessert,127.0,1.6,14.1,7.2,1.1,0.8
FNDDS-2021-2023-53391100,"Pie shell, graham cracker (1 tart shell, 25 g)","Pie shell, graham cracker (1 tart shell, 25 g)",dessert,125.2,1.3,16.1,6.2,4.5,0.5
FNDDS-2021-2023-53410100,"Cobbler, apple (1 cup, 250 g)","Cobbler, apple (1 cup, 250 g)",dessert,542.5,5.1,84.0,21.6,42.2,4.0
FNDDS-2021-2023-53410300,"Cobbler, berry (1 cup, 250 g)","Cobbler, berry (1 cup, 250 g)",dessert,577.5,6.7,90.5,22.1,44.0,10.0
FNDDS-2021-2023-53410500,"Cobbler, cherry (1 cup, 250 g)","Cobbler, cherry (1 cup, 250 g)",dessert,592.5,5.9,95.2,21.7,54.2,4.5
FNDDS-2021-2023-53410800,"Cobbler, peach (1 cup, 250 g)","Cobbler, peach (1 cup, 250 g)",dessert,542.5,5.6,82.5,21.6,41.5,4.2
FNDDS-2021-2023-53415100,"Crisp, apple (1 cup, 250 g)","Crisp, apple (1 cup, 250 g)",dessert,537.5,7.0,75.5,24.0,39.5,6.8
FNDDS-2021-2023-53415110,"Fritter, plain (1 fritter, 100 g)","Fritter, plain (1 fritter, 100 g)",dessert,378.0,6.6,27.5,26.9,2.1,0.9
FNDDS-2021-2023-53415120,"Fritter, fruit (1 fritter, 100 g)","Fritter, fruit (1 fritter, 100 g)",dessert,403.0,6.3,37.3,25.6,12.4,1.2
FNDDS-2021-2023-53415300,"Crisp, berry (1 cup, 250 g)","Crisp, berry (1 cup, 250 g)",dessert,570.0,8.5,82.0,24.4,41.5,12.5
FNDDS-2021-2023-53415400,"Crisp, cherry (1 cup, 250 g)","Crisp, cherry (1 cup, 250 g)",dessert,585.0,7.8,86.8,24.0,51.5,7.0
FNDDS-2021-2023-53415500,"Crisp, peach (1 cup, 250 g)","Crisp, peach (1 cup, 250 g)",dessert,535.0,7.5,74.0,24.0,38.8,6.8
FNDDS-2021-2023-53420100,"Cream puff, eclair, custard or cream filled, not iced (1 eclair (5"" x 2"" x 1-3/4""), 90 g)","Cream puff, eclair, custard or cream filled, not iced (1 eclair (5"" x 2"" x 1-3/4""), 90 g)",dessert,237.6,4.3,11.6,19.4,2.0,0.4
FNDDS-2021-2023-53420200,"Cream puff, eclair, custard or cream filled, iced (1 eclair (5"" x 2"" x 1-3/4""), 102 g)","Cream puff, eclair, custard or cream filled, iced (1 eclair (5"" x 2"" x 1-3/4""), 102 g)",dessert,340.7,4.5,38.1,18.9,22.4,0.9
FNDDS-2021-2023-53420210,"Cream puff, eclair, custard or cream filled, iced, reduced fat (1 eclair, frozen, 60 g)","Cream puff, eclair, custard or cream filled, iced, reduced fat (1 eclair, frozen, 60 g)",dessert,145.2,2.1,25.1,4.3,20.0,0.6
FNDDS-2021-2023-53420250,"Cream puff, no filling or icing (1 cream puff, 27 g)","Cream puff, no filling or icing (1 cream puff, 27 g)",dessert,97.2,2.4,6.2,7.0,0.1,0.2
FNDDS-2021-2023-53420400,"Sopaipilla, without syrup or honey (1 sopaipilla (1 1/2"" x 1 1/2""), 10 g)","Sopaipilla, without syrup or honey (1 sopaipilla (1 1/2"" x 1 1/2""), 10 g)",dessert,36.7,0.6,4.2,2.0,0.0,0.1
FNDDS-2021-2023-53420410,"Sopaipilla with syrup or honey (1 sopaipilla (1 1/2"" x 1 1/2""), 12 g)","Sopaipilla with syrup or honey (1 sopaipilla (1 1/2"" x 1 1/2""), 12 g)",dessert,43.3,0.5,6.2,1.9,2.5,0.1
FNDDS-2021-2023-53430100,"Crepe, chocolate filled (1 crepe with filling, any size, 80 g)","Crepe, chocolate filled (1 crepe with filling, any size, 80 g)",dessert,136.0,3.9,18.3,5.2,9.8,0.2
FNDDS-2021-2023-53430200,"Crepe, fruit filled (1 crepe with filling, any size, 80 g)","Crepe, fruit filled (1 crepe with filling, any size, 80 g)",dessert,150.4,3.7,21.3,5.7,12.8,1.0
FNDDS-2021-2023-53430700,"Tamale, sweet (1 tamale, 35 g)","Tamale, sweet (1 tamale, 35 g)",dessert,90.6,0.8,12.5,4.4,5.4,0.8
FNDDS-2021-2023-53440000,"Strudel, apple (1 piece, 125 g)","Strudel, apple (1 piece, 125 g)",dessert,351.2,2.5,46.5,17.6,26.4,1.0
FNDDS-2021-2023-53440300,"Strudel, berry (1 piece, 125 g)","Strudel, berry (1 piece, 125 g)",dessert,363.8,3.0,49.0,17.8,27.1,3.4
FNDDS-2021-2023-53440500,"Strudel, cherry (1 piece, 125 g)","Strudel, cherry (1 piece, 125 g)",dessert,370.0,2.8,50.9,17.6,31.0,1.2
FNDDS-2021-2023-53440600,"Strudel, cheese (1 piece, 125 g)","Strudel, cheese (1 piece, 125 g)",dessert,447.5,7.3,48.9,24.8,24.2,0.5
FNDDS-2021-2023-53440700,"Strudel, peach (1 piece, 125 g)","Strudel, peach (1 piece, 125 g)",dessert,351.2,2.6,45.9,17.6,26.1,1.1
FNDDS-2021-2023-53441110,"Baklava (1 piece, 80 g)","Baklava (1 piece, 80 g)",dessert,352.0,5.3,30.1,23.4,10.2,2.0
FNDDS-2021-2023-53441210,"Basbousa (1 piece, 80 g)","Basbousa (1 piece, 80 g)",dessert,225.6,3.8,35.0,8.0,23.8,0.6
FNDDS-2021-2023-53450000,"Turnover, fruit (1 item, any size, 75 g)","Turnover, fruit (1 item, any size, 75 g)",dessert,237.0,2.2,32.0,12.1,16.0,2.0
FNDDS-2021-2023-53452100,"Pastry, fruit-filled (1 pastry, 78 g)","Pastry, fruit-filled (1 pastry, 78 g)",dessert,312.0,3.7,42.4,15.3,20.2,3.1
FNDDS-2021-2023-53452120,"Pastry, made with bean or lotus seed paste filling, baked (1 small square Moon Cake, 51 g)","Pastry, made with bean or lotus seed paste filling, baked (1 small square Moon Cake, 51 g)",dessert,173.4,3.6,34.7,2.3,18.6,1.4
FNDDS-2021-2023-53452130,"Pastry, made with bean paste and salted egg yolk filling, baked (1 large square Moon Cake, 204 g)","Pastry, made with bean paste and salted egg yolk filling, baked (1 large square Moon Cake, 204 g)",dessert,691.6,17.5,116.3,17.6,62.2,4.5
FNDDS-2021-2023-53452150,"Pastry, Chinese, made with rice flour (1 oz, 28.35 g)","Pastry, Chinese, made with rice flour (1 oz, 28.35 g)",dessert,68.6,0.8,12.8,1.7,5.4,0.1
FNDDS-2021-2023-53452170,"Pastry, cookie type, fried (1 pastry, 46 g)","Pastry, cookie type, fried (1 pastry, 46 g)",dessert,182.6,2.7,16.3,11.8,5.9,0.5
FNDDS-2021-2023-53452200,"Pastry, Italian, with cheese (1 pastry, 85 g)","Pastry, Italian, with cheese (1 pastry, 85 g)",dessert,226.9,6.4,29.8,9.3,11.1,0.7
FNDDS-2021-2023-53452400,"Pastry, puff (1 pastry, 11 g)","Pastry, puff (1 pastry, 11 g)",dessert,61.4,0.8,5.0,4.2,0.1,0.2
FNDDS-2021-2023-53452420,"Pastry, puff, custard or cream filled, iced or not iced (1 cream horn, 57 g)","Pastry, puff, custard or cream filled, iced or not iced (1 cream horn, 57 g)",dessert,233.7,3.2,17.2,16.9,2.7,0.5
FNDDS-2021-2023-53452450,"Cheese pastry puffs (1 puff or cheese straw (5"" long), 6 g)","Cheese pastry puffs (1 puff or cheese straw (5"" long), 6 g)",dessert,15.9,0.6,0.8,1.2,0.0,0.0
FNDDS-2021-2023-53452500,"Pastry, mainly flour and water, fried (1 chip, 2.1 g)","Pastry, mainly flour and water, fried (1 chip, 2.1 g)",dessert,9.1,0.2,1.2,0.4,0.3,0.1
FNDDS-2021-2023-53453150,"Empanada, fruit (1 item, any size, 75 g)","Empanada, fruit (1 item, any size, 75 g)",dessert,195.0,2.0,27.8,8.6,11.6,1.4
FNDDS-2021-2023-53510000,"Danish pastry, plain or spice (1 cubic inch, 6.5 g)","Danish pastry, plain or spice (1 cubic inch, 6.5 g)",dessert,26.2,0.5,2.9,1.5,1.3,0.1
FNDDS-2021-2023-53510100,"Danish pastry, with fruit (1 Toaster Strudel, 53 g)","Danish pastry, with fruit (1 Toaster Strudel, 53 g)",dessert,196.6,2.9,25.3,9.8,14.6,1.0
FNDDS-2021-2023-53511000,"Danish pastry, with cheese (1 cubic inch, 9.1 g)","Danish pastry, with cheese (1 cubic inch, 9.1 g)",dessert,34.0,0.7,3.4,2.0,0.6,0.1
FNDDS-2021-2023-53520100,"Doughnut, cake type, plain (1 doughnut, 60 g)","Doughnut, cake type, plain (1 doughnut, 60 g)",dessert,260.4,3.2,28.3,14.9,10.9,1.0
FNDDS-2021-2023-53520120,"Doughnut, chocolate (1 doughnut, 75 g)","Doughnut, chocolate (1 doughnut, 75 g)",dessert,312.8,3.9,39.0,16.8,19.5,2.8
FNDDS-2021-2023-53520130,"Doughnut, cake type, powdered sugar (1 doughnut, 65 g)","Doughnut, cake type, powdered sugar (1 doughnut, 65 g)",dessert,280.2,3.2,33.2,15.0,15.8,1.0
FNDDS-2021-2023-53520135,"Doughnut, cake type, with icing (1 doughnut, 75 g)","Doughnut, cake type, with icing (1 doughnut, 75 g)",dessert,323.2,3.2,38.4,17.4,20.3,1.0
FNDDS-2021-2023-53520140,"Doughnut, cake type, chocolate icing (1 doughnut, 75 g)","Doughnut, cake type, chocolate icing (1 doughnut, 75 g)",dessert,320.2,3.4,37.7,17.6,19.6,1.1
FNDDS-2021-2023-53520160,"Doughnut, chocolate, with chocolate icing (1 doughnut, 75 g)","Doughnut, chocolate, with chocolate icing (1 doughnut, 75 g)",dessert,309.8,4.1,38.2,17.0,18.8,2.9
FNDDS-2021-2023-53520170,"Doughnut holes (1 doughnut hole, 15 g)","Doughnut holes (1 doughnut hole, 15 g)",dessert,63.9,0.8,7.4,3.4,3.5,0.3
FNDDS-2021-2023-53520200,"Churros (1 regular, 45 g)","Churros (1 regular, 45 g)",dessert,188.6,2.7,22.0,10.0,10.5,1.2
FNDDS-2021-2023-53520510,"Beignet (1 beignet, 45 g)","Beignet (1 beignet, 45 g)",dessert,187.7,2.5,24.2,9.1,14.0,0.9
FNDDS-2021-2023-53521110,"Doughnut, yeast type (1 doughnut, 60 g)","Doughnut, yeast type (1 doughnut, 60 g)",dessert,252.6,3.7,28.7,13.6,13.7,1.3
FNDDS-2021-2023-53521130,"Doughnut, yeast type, with chocolate icing (1 doughnut, 75 g)","Doughnut, yeast type, with chocolate icing (1 doughnut, 75 g)",dessert,312.0,3.8,38.2,16.3,22.3,1.4
FNDDS-2021-2023-53521140,"Doughnut, jelly (1 doughnut, 80 g)","Doughnut, jelly (1 doughnut, 80 g)",dessert,312.0,4.0,41.8,14.6,22.7,1.5
FNDDS-2021-2023-53521210,"Doughnut, custard-filled (1 doughnut, 80 g)","Doughnut, custard-filled (1 doughnut, 80 g)",dessert,290.4,4.2,34.3,15.1,17.3,1.4
FNDDS-2021-2023-53521230,"Doughnut, custard-filled, with icing (1 doughnut, 90 g)","Doughnut, custard-filled, with icing (1 doughnut, 90 g)",dessert,331.2,4.1,41.6,16.8,24.8,1.4
FNDDS-2021-2023-53530000,"Breakfast tart (1 Pop Tart, 54 g)","Breakfast tart (1 Pop Tart, 54 g)",dessert,207.9,2.2,38.8,4.9,16.7,1.0
FNDDS-2021-2023-53530010,"Breakfast tart, lowfat (1 Pop Tart, 52 g)","Breakfast tart, lowfat (1 Pop Tart, 52 g)",dessert,193.4,2.1,39.9,3.1,2.5,0.8
FNDDS-2021-2023-53610100,"Coffee cake, crumb or quick-bread type (1 cake (9"" square), 692 g)","Coffee cake, crumb or quick-bread type (1 cake (9"" square), 692 g)",dessert,2740.3,44.9,355.0,127.3,184.1,9.7
FNDDS-2021-2023-53610170,"Coffee cake, crumb or quick-bread type, with fruit (1 cake (9"" square), 785 g)","Coffee cake, crumb or quick-bread type, with fruit (1 cake (9"" square), 785 g)",dessert,2527.7,33.0,394.1,92.6,265.3,9.4
FNDDS-2021-2023-53610200,"Coffee cake, crumb or quick-bread type, cheese-filled (1 cake (8"" square), 568 g)","Coffee cake, crumb or quick-bread type, cheese-filled (1 cake (8"" square), 568 g)",dessert,2073.2,38.6,256.2,100.0,130.1,6.8
FNDDS-2021-2023-53710400,"Cereal or granola bar (General Mills Fiber One Chewy Bar) (1 bar, 40 g)","Cereal or granola bar (General Mills Fiber One Chewy Bar) (1 bar, 40 g)",food,155.6,2.0,27.9,4.0,10.0,9.0
FNDDS-2021-2023-53710500,"Cereal or granola bar (Kellogg's Nutri-Grain Cereal Bar) (1 Nutri-Grain Bar, 37 g)","Cereal or granola bar (Kellogg's Nutri-Grain Cereal Bar) (1 Nutri-Grain Bar, 37 g)",food,135.1,1.6,25.0,3.2,10.7,1.1
FNDDS-2021-2023-53710502,"Cereal or granola bar (Kellogg's Nutri-Grain Yogurt Bar) (1 Nutri-Grain Bar, 37 g)","Cereal or granola bar (Kellogg's Nutri-Grain Yogurt Bar) (1 Nutri-Grain Bar, 37 g)",food,135.1,1.6,25.0,3.2,10.7,1.1
FNDDS-2021-2023-53710504,"Cereal or granola bar (Kellogg's Nutri-Grain Fruit and Nut Bar) (1 Nutri-Grain Bar, 32 g)","Cereal or granola bar (Kellogg's Nutri-Grain Fruit and Nut Bar) (1 Nutri-Grain Bar, 32 g)",food,129.0,3.0,21.3,3.5,10.4,2.4
FNDDS-2021-2023-53710600,"Milk 'n Cereal bar (1 bar, 40 g)","Milk 'n Cereal bar (1 bar, 40 g)",food,165.2,2.6,28.8,4.4,18.4,0.2
FNDDS-2021-2023-53710700,"Cereal or granola bar (Kellogg's Special K bar) (1 bar, 23 g)","Cereal or granola bar (Kellogg's Special K bar) (1 bar, 23 g)",food,94.1,2.1,16.7,2.1,7.3,0.4
FNDDS-2021-2023-53710810,"Cereal or granola bar (KIND Fruit and Nut Bar) (1 bar, 40 g)","Cereal or granola bar (KIND Fruit and Nut Bar) (1 bar, 40 g)",food,200.8,5.6,17.5,12.9,9.0,2.3
FNDDS-2021-2023-53710900,"Cereal or granola bar (General Mills Nature Valley Chewy Trail Mix) (1 bar, 35 g)","Cereal or granola bar (General Mills Nature Valley Chewy Trail Mix) (1 bar, 35 g)",food,145.2,2.0,25.3,4.0,15.0,1.3
FNDDS-2021-2023-53710902,"Cereal or granola bar, with yogurt coating (General Mills Nature Valley Chewy Granola Bar) (1 bar, 35 g)","Cereal or granola bar, with yogurt coating (General Mills Nature Valley Chewy Granola Bar) (1 bar, 35 g)",food,148.0,2.0,26.0,4.0,14.0,1.5
FNDDS-2021-2023-53710904,"Cereal or granola bar (General Mills Nature Valley Sweet and Salty Granola Bar) (1 bar, 35 g)","Cereal or granola bar (General Mills Nature Valley Sweet and Salty Granola Bar) (1 bar, 35 g)",food,170.4,3.2,21.4,8.0,11.6,1.0
FNDDS-2021-2023-53710906,"Cereal or granola bar (General Mills Nature Valley Crunchy Granola Bar) (1 bar, 21 g)","Cereal or granola bar (General Mills Nature Valley Crunchy Granola Bar) (1 bar, 21 g)",food,98.9,2.1,13.5,4.2,6.0,1.1
FNDDS-2021-2023-53711000,"Cereal or granola bar (Quaker Chewy Granola Bar) (1 bar, 24 g)","Cereal or granola bar (Quaker Chewy Granola Bar) (1 bar, 24 g)",food,100.3,1.4,16.8,4.0,6.9,0.9
FNDDS-2021-2023-53711002,"Cereal or granola bar (Quaker Chewy 90 Calorie Granola Bar) (1 bar, 24 g)","Cereal or granola bar (Quaker Chewy 90 Calorie Granola Bar) (1 bar, 24 g)",food,97.9,1.0,19.0,2.0,7.0,1.0
FNDDS-2021-2023-53711004,"Cereal or granola bar (Quaker Chewy 25% Less Sugar Granola Bar) (1 bar, 24 g)","Cereal or granola bar (Quaker Chewy 25% Less Sugar Granola Bar) (1 bar, 24 g)",food,98.9,1.3,16.7,3.0,5.0,0.7
FNDDS-2021-2023-53711006,"Cereal or granola bar (Quaker Chewy Dipps Granola Bar) (1 bar, 31 g)","Cereal or granola bar (Quaker Chewy Dipps Granola Bar) (1 bar, 31 g)",food,148.8,2.3,20.1,6.3,11.7,1.0
FNDDS-2021-2023-53711100,"Cereal or granola bar (Quaker Granola Bites) (1 pouch, 20 g)","Cereal or granola bar (Quaker Granola Bites) (1 pouch, 20 g)",food,90.2,1.4,13.3,3.5,6.0,1.1
FNDDS-2021-2023-53712000,"Snack bar, oatmeal (1 bar, 60 g)","Snack bar, oatmeal (1 bar, 60 g)",food,233.4,4.0,45.3,4.0,18.9,2.8
FNDDS-2021-2023-53712210,"Cereal or granola bar, nonfat (1 bar, 43 g)","Cereal or granola bar, nonfat (1 bar, 43 g)",food,147.1,2.5,33.4,0.4,19.4,3.2
FNDDS-2021-2023-53713010,"Cereal or granola bar, fruit and nut (1 bar, 40 g)","Cereal or granola bar, fruit and nut (1 bar, 40 g)",food,200.8,5.6,17.5,12.9,9.0,2.3
FNDDS-2021-2023-53713100,"Cereal or granola bar, peanuts , oats, sugar, wheat germ (1 bar, 43 g)","Cereal or granola bar, peanuts , oats, sugar, wheat germ (1 bar, 43 g)",food,202.5,4.3,27.7,8.5,12.3,2.3
FNDDS-2021-2023-53714210,"Cereal or granola bar, with coconut, chocolate coated (1 bar, 39 g)","Cereal or granola bar, with coconut, chocolate coated (1 bar, 39 g)",food,207.1,2.0,21.5,12.6,13.4,2.4
FNDDS-2021-2023-53714220,"Cereal or granola bar with nuts, chocolate coated (1 bar, 35 g)","Cereal or granola bar with nuts, chocolate coated (1 bar, 35 g)",food,187.6,3.4,18.9,10.9,8.3,1.3
FNDDS-2021-2023-53714230,"Cereal or granola bar, oats, nuts, coated with non-chocolate coating (1 bar, 35 g)","Cereal or granola bar, oats, nuts, coated with non-chocolate coating (1 bar, 35 g)",food,159.2,3.0,21.0,7.0,11.9,1.5
FNDDS-2021-2023-53714250,"Cereal or granola bar, coated with non-chocolate coating (1 bar, 28 g)","Cereal or granola bar, coated with non-chocolate coating (1 bar, 28 g)",food,142.2,2.9,15.0,8.7,6.6,0.8
FNDDS-2021-2023-53714300,"Cereal or granola bar, high fiber, coated with non-chocolate yogurt coating (1 bar, 28 g)","Cereal or granola bar, high fiber, coated with non-chocolate yogurt coating (1 bar, 28 g)",food,108.9,1.4,19.5,2.8,7.0,6.3
FNDDS-2021-2023-53714400,"Cereal or granola bar, with rice cereal (1 bar, 28 g)","Cereal or granola bar, with rice cereal (1 bar, 28 g)",food,116.8,1.0,22.5,2.5,5.4,0.0
FNDDS-2021-2023-53714510,"Breakfast bar, date, with yogurt coating (1 bar, 45 g)","Breakfast bar, date, with yogurt coating (1 bar, 45 g)",food,156.6,1.7,31.9,3.3,20.9,2.1
FNDDS-2021-2023-53714520,"Breakfast bar, cereal crust with fruit filling, lowfat (1 bar, 37 g)","Breakfast bar, cereal crust with fruit filling, lowfat (1 bar, 37 g)",food,139.1,1.6,26.9,2.8,13.0,0.8
FNDDS-2021-2023-54102010,"Graham crackers (1 large rectangular piece or 2 squares or 4 small rectangular pieces, 15 g)","Graham crackers (1 large rectangular piece or 2 squares or 4 small rectangular pieces, 15 g)",dessert,64.5,1.0,11.7,1.6,3.7,0.5
FNDDS-2021-2023-54102015,"Graham crackers (Teddy Grahams) (1 cracker, 1 g)","Graham crackers (Teddy Grahams) (1 cracker, 1 g)",dessert,4.3,0.1,0.8,0.1,0.2,0.0
FNDDS-2021-2023-54102020,"Graham crackers, chocolate covered (1 cracker, 25 g)","Graham crackers, chocolate covered (1 cracker, 25 g)",dessert,125.0,1.0,16.7,6.5,9.3,0.6
FNDDS-2021-2023-54102050,"Crackers, oatmeal (1 cracker, 10 g)","Crackers, oatmeal (1 cracker, 10 g)",food,45.5,0.7,7.1,1.6,1.6,0.7
FNDDS-2021-2023-54102060,"Crackers, Cuban (1 cracker, 5 g)","Crackers, Cuban (1 cracker, 5 g)",dessert,21.5,0.3,3.7,0.6,0.9,0.1
FNDDS-2021-2023-54102100,"Graham crackers, reduced fat (1 large rectangular piece or 2 squares or 4 small rectangular pieces, 20 g)","Graham crackers, reduced fat (1 large rectangular piece or 2 squares or 4 small rectangular pieces, 20 g)",dessert,77.2,1.1,15.6,1.1,4.6,1.1
FNDDS-2021-2023-54102200,"Graham crackers, sandwich, with filling (1 sandwich, 5 g)","Graham crackers, sandwich, with filling (1 sandwich, 5 g)",dessert,24.2,0.2,3.6,1.0,2.0,0.1
FNDDS-2021-2023-54103000,"Crackers, breakfast biscuit (1 biscuit, NFS, 15 g)","Crackers, breakfast biscuit (1 biscuit, NFS, 15 g)",food,64.0,1.1,10.7,2.3,3.4,1.1
FNDDS-2021-2023-54200100,"Crackers, butter, reduced sodium (1 cracker, 3 g)","Crackers, butter, reduced sodium (1 cracker, 3 g)",food,13.3,0.3,2.1,0.5,0.0,0.3
FNDDS-2021-2023-54201010,"Crackers, matzo, reduced sodium (1 matzo, 25 g)","Crackers, matzo, reduced sodium (1 matzo, 25 g)",food,98.8,2.5,20.9,0.3,0.1,0.8
FNDDS-2021-2023-54202020,"Crackers, saltine, reduced sodium (1 cracker, 3 g)","Crackers, saltine, reduced sodium (1 cracker, 3 g)",food,12.5,0.3,2.2,0.3,0.1,0.1
FNDDS-2021-2023-54204020,"Crackers, wheat, reduced sodium (1 cracker, 3 g)","Crackers, wheat, reduced sodium (1 cracker, 3 g)",food,13.3,0.3,2.1,0.5,0.0,0.3
FNDDS-2021-2023-54204030,"Crackers, woven wheat, reduced sodium (1 cracker, 5 g)","Crackers, woven wheat, reduced sodium (1 cracker, 5 g)",food,22.2,0.4,3.4,0.9,0.0,0.5
FNDDS-2021-2023-54301010,"Crackers, butter, plain (1 cracker, 3 g)","Crackers, butter, plain (1 cracker, 3 g)",food,15.3,0.2,1.8,0.8,0.2,0.1
FNDDS-2021-2023-54301020,"Crackers, butter, flavored (1 cracker, 3 g)","Crackers, butter, flavored (1 cracker, 3 g)",food,15.3,0.2,1.8,0.8,0.2,0.1
FNDDS-2021-2023-54301030,"Crackers, butter (Ritz) (1 cracker, 3 g)","Crackers, butter (Ritz) (1 cracker, 3 g)",food,15.3,0.2,1.8,0.8,0.2,0.1
FNDDS-2021-2023-54301100,"Crackers, butter, reduced fat (1 cracker, 3 g)","Crackers, butter, reduced fat (1 cracker, 3 g)",food,13.3,0.3,2.1,0.4,0.4,0.1
FNDDS-2021-2023-54304000,"Crackers, cheese (1 cracker, NFS, 3 g)","Crackers, cheese (1 cracker, NFS, 3 g)",food,14.7,0.3,1.8,0.7,0.1,0.1
FNDDS-2021-2023-54304005,"Crackers, cheese (Cheez-It) (1 cracker, 1 g)","Crackers, cheese (Cheez-It) (1 cracker, 1 g)",food,4.9,0.1,0.6,0.2,0.0,0.0
FNDDS-2021-2023-54304020,"Crackers, cheese (Goldfish) (1 goldfish, 1 g)","Crackers, cheese (Goldfish) (1 goldfish, 1 g)",food,4.9,0.1,0.6,0.2,0.0,0.0
FNDDS-2021-2023-54304100,"Crackers, cheese, reduced fat (1 cracker, NFS, 3 g)","Crackers, cheese, reduced fat (1 cracker, NFS, 3 g)",food,12.5,0.3,2.0,0.4,0.0,0.1
FNDDS-2021-2023-54304110,"Crackers, cheese, reduced sodium (1 cracker, 3 g)","Crackers, cheese, reduced sodium (1 cracker, 3 g)",food,15.1,0.3,1.7,0.8,0.0,0.1
FNDDS-2021-2023-54304150,"Crackers, cheese, whole grain (1 cracker, NFS, 3 g)","Crackers, cheese, whole grain (1 cracker, NFS, 3 g)",food,12.4,0.3,1.7,0.5,0.0,0.2
FNDDS-2021-2023-54305010,"Crackers, crispbread (1 crispbread or cracker, 10 g)","Crackers, crispbread (1 crispbread or cracker, 10 g)",food,36.6,0.8,8.2,0.1,0.1,1.7
FNDDS-2021-2023-54305020,"Crackers, flatbread (1 flatbread, 10 g)","Crackers, flatbread (1 flatbread, 10 g)",food,41.2,1.0,7.5,0.8,0.3,1.0
FNDDS-2021-2023-54307000,"Crackers, matzo (1 matzo, 28 g)","Crackers, matzo (1 matzo, 28 g)",food,110.6,2.8,23.4,0.4,0.1,0.8
FNDDS-2021-2023-54308000,"Crackers, milk (1 cracker, 10 g)","Crackers, milk (1 cracker, 10 g)",food,44.6,0.8,7.2,1.4,1.0,0.3
FNDDS-2021-2023-54313000,"Crackers, oyster (1 cracker, 1 g)","Crackers, oyster (1 cracker, 1 g)",food,4.2,0.1,0.7,0.1,0.0,0.0
FNDDS-2021-2023-54318000,"Chips, rice (1 chip, 1 g)","Chips, rice (1 chip, 1 g)",food,3.8,0.1,0.8,0.0,0.0,0.0
FNDDS-2021-2023-54318500,"Rice cake (1 cake, 3 g)","Rice cake (1 cake, 3 g)",food,11.8,0.2,2.4,0.1,0.0,0.1
FNDDS-2021-2023-54319000,"Crackers, rice (1 cracker, 3 g)","Crackers, rice (1 cracker, 3 g)",food,12.5,0.3,2.5,0.1,0.0,0.0
FNDDS-2021-2023-54319005,"Crackers, rice and nuts (1 cracker, 3 g)","Crackers, rice and nuts (1 cracker, 3 g)",food,12.9,0.3,2.3,0.3,0.0,0.0
FNDDS-2021-2023-54319020,"Popcorn cake (1 plain cake, 10 g)","Popcorn cake (1 plain cake, 10 g)",food,38.4,1.0,8.0,0.3,0.1,0.3
FNDDS-2021-2023-54319500,"Rice paper (1 small paper (6-3/8"" dia), 5 g)","Rice paper (1 small paper (6-3/8"" dia), 5 g)",food,16.2,0.3,3.6,0.1,0.0,0.0
FNDDS-2021-2023-54325000,"Crackers, saltine (1 cracker, 3 g)","Crackers, saltine (1 cracker, 3 g)",food,12.5,0.3,2.2,0.3,0.0,0.1
FNDDS-2021-2023-54325010,"Crackers, saltine, reduced fat (1 cracker, 3 g)","Crackers, saltine, reduced fat (1 cracker, 3 g)",food,11.8,0.3,2.5,0.0,0.0,0.1
FNDDS-2021-2023-54325060,"Crackers, saltine, multigrain (1 cracker, 3 g)","Crackers, saltine, multigrain (1 cracker, 3 g)",food,11.9,0.2,2.0,0.3,0.0,0.2
FNDDS-2021-2023-54326000,"Crackers, multigrain (1 cracker, 3 g)","Crackers, multigrain (1 cracker, 3 g)",food,14.5,0.2,2.0,0.6,0.4,0.1
FNDDS-2021-2023-54328000,"Crackers, sandwich (1 sandwich, 7 g)","Crackers, sandwich (1 sandwich, 7 g)",food,34.6,0.8,4.1,1.7,0.7,0.2
FNDDS-2021-2023-54328100,"Crackers, sandwich, peanut butter filled (1 sandwich, 7 g)","Crackers, sandwich, peanut butter filled (1 sandwich, 7 g)",food,34.6,0.8,4.1,1.7,0.7,0.2
FNDDS-2021-2023-54328105,"Crackers, sandwich, peanut butter filled (Ritz) (1 sandwich, 7 g)","Crackers, sandwich, peanut butter filled (Ritz) (1 sandwich, 7 g)",food,33.7,0.5,4.0,1.8,0.7,0.2
FNDDS-2021-2023-54328110,"Crackers, sandwich, reduced fat, peanut butter filled (1 sandwich, 7 g)","Crackers, sandwich, reduced fat, peanut butter filled (1 sandwich, 7 g)",food,30.6,0.6,4.4,1.2,0.8,0.2
FNDDS-2021-2023-54328120,"Crackers, whole grain, sandwich, peanut butter filled (1 sandwich, 5 g)","Crackers, whole grain, sandwich, peanut butter filled (1 sandwich, 5 g)",food,23.2,0.7,2.7,1.1,0.5,0.5
FNDDS-2021-2023-54328200,"Crackers, sandwich, cheese filled (1 sandwich, 7 g)","Crackers, sandwich, cheese filled (1 sandwich, 7 g)",food,33.4,0.7,4.3,1.5,0.2,0.1
FNDDS-2021-2023-54328210,"Crackers, sandwich, cheese filled (Ritz) (1 sandwich, 7 g)","Crackers, sandwich, cheese filled (Ritz) (1 sandwich, 7 g)",food,33.5,0.5,3.9,1.8,0.7,0.2
FNDDS-2021-2023-54336000,"Crackers, water (1 cracker, 3 g)","Crackers, water (1 cracker, 3 g)",food,11.5,0.2,2.2,0.2,0.0,0.2
FNDDS-2021-2023-54336100,"Crackers, wonton (1 cracker, 3 g)","Crackers, wonton (1 cracker, 3 g)",food,15.6,0.3,1.6,1.0,0.0,0.1
FNDDS-2021-2023-54337010,"Crackers, woven wheat (1 cracker, 5 g)","Crackers, woven wheat (1 cracker, 5 g)",food,22.1,0.4,3.5,0.8,0.4,0.4
FNDDS-2021-2023-54337020,"Crackers, woven wheat, plain (Triscuit) (1 cracker, 5 g)","Crackers, woven wheat, plain (Triscuit) (1 cracker, 5 g)",food,22.1,0.4,3.5,0.8,0.4,0.4
FNDDS-2021-2023-54337030,"Crackers, woven wheat, flavored (Triscuit) (1 cracker, 5 g)","Crackers, woven wheat, flavored (Triscuit) (1 cracker, 5 g)",food,22.1,0.4,3.5,0.8,0.4,0.4
FNDDS-2021-2023-54337060,"Crackers, woven wheat, reduced fat (1 cracker, 5 g)","Crackers, woven wheat, reduced fat (1 cracker, 5 g)",food,20.8,0.6,3.8,0.4,0.1,0.5
FNDDS-2021-2023-54338000,"Crackers, wheat (1 cracker, 3 g)","Crackers, wheat (1 cracker, 3 g)",food,13.2,0.3,2.1,0.5,0.3,0.3
FNDDS-2021-2023-54338010,"Crackers, wheat, plain (Wheat Thins) (1 cracker, 3 g)","Crackers, wheat, plain (Wheat Thins) (1 cracker, 3 g)",food,13.2,0.3,2.1,0.5,0.3,0.3
FNDDS-2021-2023-54338020,"Crackers, wheat, flavored (Wheat Thins) (1 cracker, 3 g)","Crackers, wheat, flavored (Wheat Thins) (1 cracker, 3 g)",food,13.2,0.3,2.1,0.5,0.3,0.3
FNDDS-2021-2023-54338100,"Crackers, wheat, reduced fat (1 cracker, 3 g)","Crackers, wheat, reduced fat (1 cracker, 3 g)",food,13.3,0.3,2.1,0.4,0.4,0.1
FNDDS-2021-2023-54340100,"Crackers, gluten free, plain (1 cracker, 3 g)","Crackers, gluten free, plain (1 cracker, 3 g)",food,13.6,0.3,2.0,0.5,0.0,0.3
FNDDS-2021-2023-54340110,"Crackers, gluten free, flavored (1 cracker, 3 g)","Crackers, gluten free, flavored (1 cracker, 3 g)",food,13.6,0.3,2.0,0.5,0.0,0.3
FNDDS-2021-2023-54401011,"Corn nuts (1 nut, 2 g)","Corn nuts (1 nut, 2 g)",food,8.9,0.2,1.4,0.3,0.0,0.1
FNDDS-2021-2023-54401021,"Corn chips, plain (1 chip, 1 g)","Corn chips, plain (1 chip, 1 g)",food,5.4,0.1,0.6,0.3,0.0,0.0
FNDDS-2021-2023-54401026,"Corn chips, flavored (1 chip, 1 g)","Corn chips, flavored (1 chip, 1 g)",food,5.4,0.1,0.6,0.3,0.0,0.0
FNDDS-2021-2023-54401031,"Corn chips, plain (Fritos) (1 chip, 1 g)","Corn chips, plain (Fritos) (1 chip, 1 g)",food,5.4,0.1,0.6,0.3,0.0,0.0
FNDDS-2021-2023-54401035,"Corn chips, flavored (Fritos) (1 chip, 1 g)","Corn chips, flavored (Fritos) (1 chip, 1 g)",food,5.4,0.1,0.6,0.3,0.0,0.0
FNDDS-2021-2023-54401055,"Cheese flavored corn snacks (1 piece, 2 g)","Cheese flavored corn snacks (1 piece, 2 g)",food,11.3,0.1,1.1,0.7,0.1,0.0
FNDDS-2021-2023-54401065,"Cheese flavored corn snacks, reduced fat (1 piece, 2 g)","Cheese flavored corn snacks, reduced fat (1 piece, 2 g)",food,8.6,0.2,1.4,0.2,0.1,0.1
FNDDS-2021-2023-54401075,"Tortilla chips, plain (1 chip, 3 g)","Tortilla chips, plain (1 chip, 3 g)",food,14.2,0.2,2.0,0.6,0.0,0.2
FNDDS-2021-2023-54401081,"Cheese flavored corn snacks (Cheetos) (1 piece, 2 g)","Cheese flavored corn snacks (Cheetos) (1 piece, 2 g)",food,11.3,0.1,1.1,0.7,0.1,0.0
FNDDS-2021-2023-54401085,"Tortilla chips, flavored (1 chip, 3 g)","Tortilla chips, flavored (1 chip, 3 g)",food,15.6,0.2,1.8,0.8,0.1,0.2
FNDDS-2021-2023-54401090,"Corn chips, reduced sodium (1 chip, 1 g)","Corn chips, reduced sodium (1 chip, 1 g)",food,5.5,0.1,0.6,0.3,0.0,0.0
FNDDS-2021-2023-54401110,"Tortilla chips, nacho cheese flavor (Doritos) (1 chip, 3 g)","Tortilla chips, nacho cheese flavor (Doritos) (1 chip, 3 g)",food,15.6,0.2,1.8,0.8,0.1,0.2
FNDDS-2021-2023-54401111,"Tortilla chips, cool ranch flavor (Doritos) (1 chip, 3 g)","Tortilla chips, cool ranch flavor (Doritos) (1 chip, 3 g)",food,14.1,0.2,2.0,0.6,0.0,0.2
FNDDS-2021-2023-54401112,"Tortilla chips, other flavors (Doritos) (1 chip, 3 g)","Tortilla chips, other flavors (Doritos) (1 chip, 3 g)",food,15.6,0.2,1.8,0.8,0.1,0.2
FNDDS-2021-2023-54401121,"Tortilla chips, reduced fat, plain (1 chip, 2 g)","Tortilla chips, reduced fat, plain (1 chip, 2 g)",food,8.2,0.2,1.6,0.1,0.0,0.1
FNDDS-2021-2023-54401122,"Tortilla chips, reduced fat, flavored (1 chip, 2 g)","Tortilla chips, reduced fat, flavored (1 chip, 2 g)",food,8.2,0.2,1.6,0.1,0.0,0.1
FNDDS-2021-2023-54401170,"Tortilla chips, low fat, unsalted (1 chip, 2 g)","Tortilla chips, low fat, unsalted (1 chip, 2 g)",food,8.3,0.2,1.6,0.1,0.0,0.1
FNDDS-2021-2023-54402080,"Tortilla chips, reduced sodium (1 chip, 2 g)","Tortilla chips, reduced sodium (1 chip, 2 g)",food,9.8,0.2,1.4,0.4,0.0,0.1
FNDDS-2021-2023-54402200,"Snack mix (1 cup, 60 g)","Snack mix (1 cup, 60 g)",food,302.4,4.1,37.9,15.5,1.1,1.9
FNDDS-2021-2023-54402610,"Potato chips, restructured, multigrain (1 chip, 2 g)","Potato chips, restructured, multigrain (1 chip, 2 g)",food,10.1,0.1,1.3,0.5,0.1,0.1
FNDDS-2021-2023-54402700,"Pita chips (1 chip, 3 g)","Pita chips (1 chip, 3 g)",food,13.7,0.4,2.0,0.5,0.1,0.1
FNDDS-2021-2023-54403005,"Popcorn, movie theater, with added butter (1 kids size order, 84 g)","Popcorn, movie theater, with added butter (1 kids size order, 84 g)",food,551.0,4.2,26.5,49.4,0.2,4.5
FNDDS-2021-2023-54403006,"Popcorn, movie theater, no butter added (1 kids size order, 66 g)","Popcorn, movie theater, no butter added (1 kids size order, 66 g)",food,398.0,4.1,26.3,32.1,0.2,4.6
FNDDS-2021-2023-54403010,"Popcorn, air-popped, no butter added (1 cup, popped, 8 g)","Popcorn, air-popped, no butter added (1 cup, popped, 8 g)",food,30.8,1.0,6.2,0.4,0.1,1.2
FNDDS-2021-2023-54403040,"Popcorn, air-popped, with added butter (1 cup, popped, 11 g)","Popcorn, air-popped, with added butter (1 cup, popped, 11 g)",food,47.3,1.2,7.2,1.7,0.1,1.3
FNDDS-2021-2023-54403045,"Popcorn, popped in oil, no butter added (1 cup, popped, 11 g)","Popcorn, popped in oil, no butter added (1 cup, popped, 11 g)",food,54.8,1.0,6.4,3.1,0.1,1.1
FNDDS-2021-2023-54403046,"Popcorn, popped in oil, with added butter (1 cup, popped, 14 g)","Popcorn, popped in oil, with added butter (1 cup, popped, 14 g)",food,73.5,1.1,6.9,4.9,0.1,1.2
FNDDS-2021-2023-54403052,"Popcorn, microwave, plain (1 regular microwave bag, 85 g)","Popcorn, microwave, plain (1 regular microwave bag, 85 g)",food,440.3,7.8,46.8,26.0,0.5,8.7
FNDDS-2021-2023-54403053,"Popcorn, microwave, plain, light (1 regular microwave bag, 85 g)","Popcorn, microwave, plain, light (1 regular microwave bag, 85 g)",food,347.6,10.1,60.9,8.6,0.7,11.4
FNDDS-2021-2023-54403054,"Popcorn, microwave, low sodium (1 regular microwave bag, 85 g)","Popcorn, microwave, low sodium (1 regular microwave bag, 85 g)",food,421.6,7.6,49.0,23.7,0.5,8.4
FNDDS-2021-2023-54403056,"Popcorn, microwave, butter flavored (1 regular microwave bag, 85 g)","Popcorn, microwave, butter flavored (1 regular microwave bag, 85 g)",food,440.3,7.8,46.8,26.0,0.5,8.7
FNDDS-2021-2023-54403057,"Popcorn, microwave, flavored, light (1 regular microwave bag, 85 g)","Popcorn, microwave, flavored, light (1 regular microwave bag, 85 g)",food,345.1,10.0,60.5,8.5,0.7,11.3
FNDDS-2021-2023-54403058,"Popcorn, microwave, cheese flavored (1 regular microwave bag, 85 g)","Popcorn, microwave, cheese flavored (1 regular microwave bag, 85 g)",food,438.6,7.7,46.6,25.8,0.5,8.7
FNDDS-2021-2023-54403059,"Popcorn, microwave, kettle (1 regular microwave bag, 85 g)","Popcorn, microwave, kettle (1 regular microwave bag, 85 g)",food,428.4,7.9,49.3,23.4,1.9,8.9
FNDDS-2021-2023-54403081,"Popcorn, ready-to-eat, plain (1 cup, 11 g)","Popcorn, ready-to-eat, plain (1 cup, 11 g)",food,53.0,1.1,6.7,2.6,0.1,1.3
FNDDS-2021-2023-54403082,"Popcorn, ready-to-eat, plain, light (1 cup, 8 g)","Popcorn, ready-to-eat, plain, light (1 cup, 8 g)",food,35.0,0.9,5.4,1.2,0.1,1.0
FNDDS-2021-2023-54403083,"Popcorn, ready-to-eat, low sodium (1 cup, 11 g)","Popcorn, ready-to-eat, low sodium (1 cup, 11 g)",food,53.5,1.1,6.8,2.6,0.1,1.3
FNDDS-2021-2023-54403085,"Popcorn, ready-to-eat, butter flavored (1 cup, 14 g)","Popcorn, ready-to-eat, butter flavored (1 cup, 14 g)",food,74.2,1.2,7.5,4.6,0.1,1.4
FNDDS-2021-2023-54403087,"Popcorn, ready-to-eat, cheese flavored (1 cup, 14 g)","Popcorn, ready-to-eat, cheese flavored (1 cup, 14 g)",food,73.6,1.3,7.2,4.6,0.1,1.4
FNDDS-2021-2023-54403088,"Popcorn, ready-to-eat, flavored, light (1 cup, 8 g)","Popcorn, ready-to-eat, flavored, light (1 cup, 8 g)",food,34.8,0.9,5.4,1.2,0.1,1.0
FNDDS-2021-2023-54403089,"Popcorn, ready-to-eat, kettle (1 cup, 14 g)","Popcorn, ready-to-eat, kettle (1 cup, 14 g)",food,74.3,0.8,8.5,4.2,4.0,0.9
FNDDS-2021-2023-54403110,"Popcorn, caramel coated (1 cup, 35 g)","Popcorn, caramel coated (1 cup, 35 g)",food,149.8,1.3,27.5,4.4,18.5,1.8
FNDDS-2021-2023-54403120,"Popcorn, caramel coated, with nuts (1 cup, 42 g)","Popcorn, caramel coated, with nuts (1 cup, 42 g)",food,166.7,2.7,33.6,3.3,18.9,1.6
FNDDS-2021-2023-54403160,"Popcorn, chocolate coated (1 cup, 35 g)","Popcorn, chocolate coated (1 cup, 35 g)",food,142.4,1.9,26.7,4.5,16.7,2.9
FNDDS-2021-2023-54404000,"Popcorn chips, plain (1 chip, 1 g)","Popcorn chips, plain (1 chip, 1 g)",food,4.4,0.1,0.7,0.1,0.0,0.0
FNDDS-2021-2023-54404010,"Popcorn chips, other flavors (1 chip, 1 g)","Popcorn chips, other flavors (1 chip, 1 g)",food,4.4,0.1,0.7,0.1,0.0,0.0
FNDDS-2021-2023-54404020,"Popcorn chips, sweet flavors (1 chip, 1 g)","Popcorn chips, sweet flavors (1 chip, 1 g)",food,4.5,0.1,0.7,0.1,0.1,0.0
FNDDS-2021-2023-54406010,"Onion flavored rings (1 piece, 2 g)","Onion flavored rings (1 piece, 2 g)",food,10.0,0.2,1.3,0.5,0.1,0.1
FNDDS-2021-2023-54406200,"Shrimp chips (1 chip, 6 g)","Shrimp chips (1 chip, 6 g)",food,25.6,0.4,3.5,1.1,1.3,0.3
FNDDS-2021-2023-54408016,"Pretzels, hard, plain, salted (1 miniature/bite size, 1.5 g)","Pretzels, hard, plain, salted (1 miniature/bite size, 1.5 g)",food,5.8,0.1,1.2,0.0,0.0,0.1
FNDDS-2021-2023-54408017,"Pretzels, hard, plain, lightly salted (1 miniature/bite size, 1.5 g)","Pretzels, hard, plain, lightly salted (1 miniature/bite size, 1.5 g)",food,5.7,0.1,1.2,0.0,0.0,0.0
FNDDS-2021-2023-54408030,"Pretzels, hard, plain, unsalted (1 miniature/bite size, 1.5 g)","Pretzels, hard, plain, unsalted (1 miniature/bite size, 1.5 g)",food,5.7,0.1,1.2,0.1,0.0,0.0
FNDDS-2021-2023-54408035,"Pretzels, hard, flavored (1 miniature/bite size, 1.5 g)","Pretzels, hard, flavored (1 miniature/bite size, 1.5 g)",food,5.8,0.1,1.2,0.1,0.0,0.1
FNDDS-2021-2023-54408070,"Pretzels, hard, multigrain (1 miniature/bite size, 1.5 g)","Pretzels, hard, multigrain (1 miniature/bite size, 1.5 g)",food,5.7,0.2,1.2,0.0,0.0,0.1
FNDDS-2021-2023-54408081,"Pretzels, hard, plain, gluten free (1 pretzel stick, 1 g)","Pretzels, hard, plain, gluten free (1 pretzel stick, 1 g)",food,3.9,0.0,0.8,0.1,0.0,0.0
FNDDS-2021-2023-54408082,"Pretzels, hard, flavored, gluten free (1 pretzel stick, 1 g)","Pretzels, hard, flavored, gluten free (1 pretzel stick, 1 g)",food,3.9,0.0,0.8,0.1,0.0,0.0
FNDDS-2021-2023-54408105,"Pretzel chips, hard, plain (1 pretzel chip/crisp/thin, 2.7 g)","Pretzel chips, hard, plain (1 pretzel chip/crisp/thin, 2.7 g)",food,10.1,0.3,2.1,0.1,0.1,0.1
FNDDS-2021-2023-54408110,"Pretzel chips, hard, flavored (1 pretzel chip/crisp/thin, 2.7 g)","Pretzel chips, hard, flavored (1 pretzel chip/crisp/thin, 2.7 g)",food,10.0,0.3,2.1,0.1,0.1,0.1
FNDDS-2021-2023-54408115,"Pretzel chips, hard, gluten free (1 pretzel chip/crisp/thin, 2.7 g)","Pretzel chips, hard, gluten free (1 pretzel chip/crisp/thin, 2.7 g)",food,10.3,0.1,2.1,0.2,0.1,0.1
FNDDS-2021-2023-54408200,"Pretzels, hard, chocolate coated (1 miniature/bite size, 4 g)","Pretzels, hard, chocolate coated (1 miniature/bite size, 4 g)",food,18.7,0.3,2.8,0.7,1.6,0.1
FNDDS-2021-2023-54408210,"Pretzels, hard, white chocolate coated (1 miniature/bite size, 4 g)","Pretzels, hard, white chocolate coated (1 miniature/bite size, 4 g)",food,17.8,0.2,3.0,0.6,1.8,0.0
FNDDS-2021-2023-54408250,"Pretzels, hard, yogurt coated (1 miniature/bite size, 4 g)","Pretzels, hard, yogurt coated (1 miniature/bite size, 4 g)",food,17.5,0.2,3.1,0.5,1.8,0.0
FNDDS-2021-2023-54408260,"Pretzels, hard, coated, gluten free (1 miniature/bite size, 4 g)","Pretzels, hard, coated, gluten free (1 miniature/bite size, 4 g)",food,18.0,0.2,3.0,0.6,1.8,0.1
FNDDS-2021-2023-54408300,"Pretzels, hard, cheese filled (1 miniature/bite size, 3 g)","Pretzels, hard, cheese filled (1 miniature/bite size, 3 g)",food,13.9,0.3,2.0,0.5,0.5,0.1
FNDDS-2021-2023-54408310,"Pretzels, hard, peanut butter filled (1 miniature/bite size, 3 g)","Pretzels, hard, peanut butter filled (1 miniature/bite size, 3 g)",food,13.6,0.4,1.8,0.6,0.1,0.1
FNDDS-2021-2023-54408410,"Pretzels, soft, ready-to-eat, salted, buttered (1 bite size/nugget, 14 g)","Pretzels, soft, ready-to-eat, salted, buttered (1 bite size/nugget, 14 g)",food,48.3,1.1,9.7,0.6,0.0,0.2
FNDDS-2021-2023-54408411,"Pretzels, soft, ready-to-eat, unsalted, buttered (1 bite size/nugget, 14 g)","Pretzels, soft, ready-to-eat, unsalted, buttered (1 bite size/nugget, 14 g)",food,49.0,1.1,9.8,0.6,0.0,0.2
FNDDS-2021-2023-54408415,"Pretzels, soft, ready-to-eat, salted, no butter (1 bite size/nugget, 14 g)","Pretzels, soft, ready-to-eat, salted, no butter (1 bite size/nugget, 14 g)",food,47.6,1.1,9.8,0.4,0.0,0.2
FNDDS-2021-2023-54408416,"Pretzels, soft, ready-to-eat, unsalted, no butter (1 bite size/nugget, 14 g)","Pretzels, soft, ready-to-eat, unsalted, no butter (1 bite size/nugget, 14 g)",food,48.3,1.1,9.9,0.4,0.0,0.2
FNDDS-2021-2023-54408420,"Pretzels, soft, ready-to-eat, cinnamon sugar coated (1 bite size/nugget, 14 g)","Pretzels, soft, ready-to-eat, cinnamon sugar coated (1 bite size/nugget, 14 g)",food,52.4,0.9,10.4,0.9,2.8,0.3
FNDDS-2021-2023-54408422,"Pretzels, soft, ready-to-eat, coated or flavored (1 bite size/nugget, 14 g)","Pretzels, soft, ready-to-eat, coated or flavored (1 bite size/nugget, 14 g)",food,51.1,1.1,9.2,1.1,0.0,0.2
FNDDS-2021-2023-54408430,"Pretzels, soft, ready-to-eat, topped with meat (1 bite size/nugget, 14 g)","Pretzels, soft, ready-to-eat, topped with meat (1 bite size/nugget, 14 g)",food,48.9,1.6,7.5,1.4,0.1,0.2
FNDDS-2021-2023-54408432,"Pretzels, soft, ready-to-eat, topped with cheese (1 bite size/nugget, 14 g)","Pretzels, soft, ready-to-eat, topped with cheese (1 bite size/nugget, 14 g)",food,47.5,1.4,8.7,0.8,0.1,0.2
FNDDS-2021-2023-54408455,"Pretzels, soft, from frozen, salted (1 medium/regular, 71 g)","Pretzels, soft, from frozen, salted (1 medium/regular, 71 g)",food,241.4,5.7,49.8,2.2,0.2,1.2
FNDDS-2021-2023-54408456,"Pretzels, soft, from frozen, unsalted (1 medium/regular, 71 g)","Pretzels, soft, from frozen, unsalted (1 medium/regular, 71 g)",food,244.9,5.8,50.4,2.2,0.2,1.2
FNDDS-2021-2023-54408460,"Pretzels, soft, from frozen, cinnamon sugar coated (1 medium/regular, 71 g)","Pretzels, soft, from frozen, cinnamon sugar coated (1 medium/regular, 71 g)",food,265.5,4.4,52.5,4.4,14.0,1.5
FNDDS-2021-2023-54408462,"Pretzels, soft, from frozen, coated or flavored (1 medium/regular, 71 g)","Pretzels, soft, from frozen, coated or flavored (1 medium/regular, 71 g)",food,259.1,5.6,46.9,5.5,0.2,1.1
FNDDS-2021-2023-54408465,"Pretzels, soft, from frozen, topped with meat (1 medium/regular, 71 g)","Pretzels, soft, from frozen, topped with meat (1 medium/regular, 71 g)",food,247.8,8.2,37.9,7.1,0.3,0.9
FNDDS-2021-2023-54408466,"Pretzels, soft, from frozen, topped with cheese (1 medium/regular, 71 g)","Pretzels, soft, from frozen, topped with cheese (1 medium/regular, 71 g)",food,240.7,7.2,44.3,3.8,0.3,1.1
FNDDS-2021-2023-54408470,"Pretzels, soft, filled with cheese (1 medium/regular, 99 g)","Pretzels, soft, filled with cheese (1 medium/regular, 99 g)",food,335.6,10.1,61.8,5.3,0.4,1.5
FNDDS-2021-2023-54408475,"Pretzels, soft, from school lunch (1 medium/regular, 71 g)","Pretzels, soft, from school lunch (1 medium/regular, 71 g)",food,240.7,6.1,50.2,2.2,0.2,2.6
FNDDS-2021-2023-54408480,"Pretzels, soft, multigrain (1 small, 62 g)","Pretzels, soft, multigrain (1 small, 62 g)",food,208.9,5.3,43.6,1.9,0.2,2.2
FNDDS-2021-2023-54408485,"Pretzels, soft, gluten free (1 medium/regular, 95 g)","Pretzels, soft, gluten free (1 medium/regular, 95 g)",food,282.1,3.8,54.4,5.5,3.6,3.8
FNDDS-2021-2023-54408486,"Pretzels, soft, gluten free, cinnamon sugar coated (1 medium/regular, 95 g)","Pretzels, soft, gluten free, cinnamon sugar coated (1 medium/regular, 95 g)",food,322.1,2.9,60.6,7.7,21.3,3.6
FNDDS-2021-2023-54408487,"Pretzels, soft, gluten free, coated or flavored (1 medium/regular, 95 g)","Pretzels, soft, gluten free, coated or flavored (1 medium/regular, 95 g)",food,309.7,3.9,51.5,9.9,3.4,3.5
FNDDS-2021-2023-54420210,"Multigrain chips (Sun Chips) (1 chip, 2 g)","Multigrain chips (Sun Chips) (1 chip, 2 g)",food,9.8,0.2,1.3,0.4,0.1,0.2
FNDDS-2021-2023-54420220,"Snack mix, plain (Chex Mix) (1 cup, 60 g)","Snack mix, plain (Chex Mix) (1 cup, 60 g)",food,250.2,5.2,43.3,6.2,4.8,2.8
FNDDS-2021-2023-54440010,"Bagel chips (1 bagel chip, 5 g)","Bagel chips (1 bagel chip, 5 g)",food,22.6,0.6,3.3,0.8,0.3,0.2
FNDDS-2021-2023-54440020,"Cracker chips (1 cracker chip, 3 g)","Cracker chips (1 cracker chip, 3 g)",food,14.7,0.2,2.0,0.6,0.2,0.3
FNDDS-2021-2023-55100010,"Pancakes, plain, frozen (1 miniature/bite size pancake, 10 g)","Pancakes, plain, frozen (1 miniature/bite size pancake, 10 g)",dessert,23.3,0.5,3.8,0.7,0.8,0.1
FNDDS-2021-2023-55100020,"Pancakes, fruit, frozen (1 miniature/bite size pancake, 10 g)","Pancakes, fruit, frozen (1 miniature/bite size pancake, 10 g)",dessert,22.4,0.5,3.7,0.7,0.8,0.1
FNDDS-2021-2023-55100025,"Pancakes, chocolate, frozen (1 miniature/bite size pancake, 10 g)","Pancakes, chocolate, frozen (1 miniature/bite size pancake, 10 g)",dessert,24.8,0.5,3.9,0.8,1.1,0.1
FNDDS-2021-2023-55100030,"Pancakes, whole grain, frozen (1 miniature/bite size pancake, 10 g)","Pancakes, whole grain, frozen (1 miniature/bite size pancake, 10 g)",dessert,23.2,0.6,3.9,0.7,0.8,0.2
FNDDS-2021-2023-55100050,"Pancakes, plain, fast food / restaurant (1 miniature/bite size pancake, 10 g)","Pancakes, plain, fast food / restaurant (1 miniature/bite size pancake, 10 g)",dessert,30.7,0.7,3.4,1.6,0.7,0.2
FNDDS-2021-2023-55100055,"Pancakes, fruit, fast food / restaurant (1 miniature/bite size pancake, 10 g)","Pancakes, fruit, fast food / restaurant (1 miniature/bite size pancake, 10 g)",dessert,25.3,0.6,3.0,1.2,0.7,0.2
FNDDS-2021-2023-55100060,"Pancakes, chocolate, fast food / restaurant (1 miniature/bite size pancake, 10 g)","Pancakes, chocolate, fast food / restaurant (1 miniature/bite size pancake, 10 g)",dessert,36.0,0.7,4.0,1.9,1.6,0.2
FNDDS-2021-2023-55100065,"Pancakes, whole grain, fast food / restaurant (1 miniature/bite size pancake, 10 g)","Pancakes, whole grain, fast food / restaurant (1 miniature/bite size pancake, 10 g)",dessert,29.9,0.8,3.2,1.6,0.7,0.3
FNDDS-2021-2023-55100080,"Pancakes, school (1 miniature/bite size pancake, 10 g)","Pancakes, school (1 miniature/bite size pancake, 10 g)",dessert,23.1,0.6,4.0,0.7,0.8,0.5
FNDDS-2021-2023-55101000,"Pancakes, plain (1 miniature/bite size pancake, 10 g)","Pancakes, plain (1 miniature/bite size pancake, 10 g)",dessert,28.2,0.7,3.5,1.2,0.7,0.2
FNDDS-2021-2023-55101015,"Pancakes, plain, reduced fat (1 miniature/bite size pancake, 10 g)","Pancakes, plain, reduced fat (1 miniature/bite size pancake, 10 g)",dessert,26.4,0.8,3.6,1.0,0.7,0.2
FNDDS-2021-2023-55103000,"Pancakes, fruit (1 miniature/bite size pancake, 10 g)","Pancakes, fruit (1 miniature/bite size pancake, 10 g)",dessert,23.2,0.6,3.1,1.0,0.8,0.2
FNDDS-2021-2023-55103020,"Pancakes, pumpkin (1 miniature/bite size pancake, 10 g)","Pancakes, pumpkin (1 miniature/bite size pancake, 10 g)",dessert,24.1,0.6,3.1,1.0,0.7,0.2
FNDDS-2021-2023-55103100,"Pancakes, chocolate (1 miniature/bite size pancake, 10 g)","Pancakes, chocolate (1 miniature/bite size pancake, 10 g)",dessert,34.1,0.8,4.1,1.6,1.6,0.2
FNDDS-2021-2023-55105200,"Pancakes, whole grain (1 miniature/bite size pancake, 10 g)","Pancakes, whole grain (1 miniature/bite size pancake, 10 g)",dessert,27.3,0.8,3.3,1.2,0.7,0.3
FNDDS-2021-2023-55105205,"Pancakes, whole grain, reduced fat (1 miniature/bite size pancake, 10 g)","Pancakes, whole grain, reduced fat (1 miniature/bite size pancake, 10 g)",dessert,25.6,0.8,3.4,1.0,0.7,0.3
FNDDS-2021-2023-55106000,"Pancakes, gluten free (1 miniature/bite size pancake, 10 g)","Pancakes, gluten free (1 miniature/bite size pancake, 10 g)",dessert,21.5,0.3,4.0,0.5,0.4,0.2
FNDDS-2021-2023-55200020,"Waffle, plain, frozen (1 miniature/bite size waffle, 10 g)","Waffle, plain, frozen (1 miniature/bite size waffle, 10 g)",dessert,30.9,0.7,4.8,0.9,0.4,0.3
FNDDS-2021-2023-55200030,"Waffle, plain, reduced fat (1 miniature/bite size waffle, 10 g)","Waffle, plain, reduced fat (1 miniature/bite size waffle, 10 g)",dessert,29.2,1.0,4.7,0.7,0.4,0.2
FNDDS-2021-2023-55200040,"Waffle, fruit, frozen (1 miniature/bite size waffle, 10 g)","Waffle, fruit, frozen (1 miniature/bite size waffle, 10 g)",dessert,29.6,0.7,4.7,0.9,0.5,0.3
FNDDS-2021-2023-55200050,"Waffle, chocolate, frozen (1 miniature/bite size waffle, 10 g)","Waffle, chocolate, frozen (1 miniature/bite size waffle, 10 g)",dessert,32.0,0.7,4.9,1.1,0.7,0.3
FNDDS-2021-2023-55200060,"Waffle, whole grain, frozen (1 miniature/bite size waffle, 10 g)","Waffle, whole grain, frozen (1 miniature/bite size waffle, 10 g)",dessert,28.9,0.7,4.7,0.8,0.4,0.4
FNDDS-2021-2023-55200070,"Waffle, whole grain, reduced fat (1 miniature/bite size waffle, 10 g)","Waffle, whole grain, reduced fat (1 miniature/bite size waffle, 10 g)",dessert,25.7,0.7,4.9,0.4,0.4,0.4
FNDDS-2021-2023-55200080,"Waffle, whole grain, fruit, frozen (1 miniature/bite size waffle, 10 g)","Waffle, whole grain, fruit, frozen (1 miniature/bite size waffle, 10 g)",dessert,27.8,0.6,4.5,0.8,0.4,0.4
FNDDS-2021-2023-55200100,"Waffle, plain, fast food / restaurant (1 miniature/bite size waffle, 10 g)","Waffle, plain, fast food / restaurant (1 miniature/bite size waffle, 10 g)",dessert,42.8,0.8,3.9,2.6,0.8,0.2
FNDDS-2021-2023-55200110,"Waffle, chocolate, fast food / restaurant (1 miniature/bite size waffle, 10 g)","Waffle, chocolate, fast food / restaurant (1 miniature/bite size waffle, 10 g)",dessert,48.0,0.9,4.6,2.9,1.8,0.3
FNDDS-2021-2023-55200120,"Waffle, fruit, fast food / restaurant (1 miniature/bite size waffle, 10 g)","Waffle, fruit, fast food / restaurant (1 miniature/bite size waffle, 10 g)",dessert,35.4,0.7,3.5,2.1,0.9,0.3
FNDDS-2021-2023-55200130,"Waffle, whole grain, fast food / restaurant (1 miniature/bite size waffle, 10 g)","Waffle, whole grain, fast food / restaurant (1 miniature/bite size waffle, 10 g)",dessert,42.1,0.9,3.6,2.7,0.8,0.4
FNDDS-2021-2023-55200200,"Waffle, school (1 waffle, any size, 40 g)","Waffle, school (1 waffle, any size, 40 g)",dessert,102.8,2.9,19.7,1.4,1.7,1.7
FNDDS-2021-2023-55201000,"Waffle, plain (1 miniature/bite size waffle, 10 g)","Waffle, plain (1 miniature/bite size waffle, 10 g)",dessert,37.3,0.9,4.2,1.9,0.8,0.2
FNDDS-2021-2023-55203000,"Waffle, fruit (1 miniature/bite size waffle, 10 g)","Waffle, fruit (1 miniature/bite size waffle, 10 g)",dessert,30.7,0.7,3.6,1.5,0.9,0.3
FNDDS-2021-2023-55203600,"Waffle, chocolate (1 miniature/bite size waffle, 10 g)","Waffle, chocolate (1 miniature/bite size waffle, 10 g)",dessert,43.7,0.9,4.9,2.3,1.9,0.3
FNDDS-2021-2023-55203700,"Waffle, cinnamon (1 miniature/bite size waffle, 10 g)","Waffle, cinnamon (1 miniature/bite size waffle, 10 g)",dessert,37.3,0.9,4.2,1.9,0.8,0.3
FNDDS-2021-2023-55205000,"Waffle, whole grain (1 miniature/bite size waffle, 10 g)","Waffle, whole grain (1 miniature/bite size waffle, 10 g)",dessert,36.4,0.9,3.9,1.9,0.8,0.4
FNDDS-2021-2023-55208000,"Waffle, gluten free (1 miniature/bite size waffle, 10 g)","Waffle, gluten free (1 miniature/bite size waffle, 10 g)",dessert,26.3,0.3,4.3,0.9,0.2,0.1
FNDDS-2021-2023-55300020,"French toast, frozen (1 bite size, 10 g)","French toast, frozen (1 bite size, 10 g)",dessert,18.3,0.7,3.0,0.4,0.9,0.1
FNDDS-2021-2023-55300050,"French toast, fast food / restaurant (1 slice, any size, 85 g)","French toast, fast food / restaurant (1 slice, any size, 85 g)",dessert,263.5,8.4,30.3,12.2,8.6,1.1
FNDDS-2021-2023-55300060,"French toast, school (1 bite size, 10 g)","French toast, school (1 bite size, 10 g)",dessert,16.2,0.9,2.3,0.4,0.3,0.3
FNDDS-2021-2023-55301000,"French toast, plain (1 slice, any size, 65 g)","French toast, plain (1 slice, any size, 65 g)",dessert,177.5,6.8,21.0,7.4,6.6,0.8
FNDDS-2021-2023-55301015,"French toast, whole grain (1 slice, any size, 65 g)","French toast, whole grain (1 slice, any size, 65 g)",dessert,176.2,7.3,19.8,7.5,6.5,1.8
FNDDS-2021-2023-55301025,"French toast, gluten free (1 slice, any size, 65 g)","French toast, gluten free (1 slice, any size, 65 g)",dessert,171.6,5.1,19.9,7.9,6.0,1.4
FNDDS-2021-2023-55301031,"French toast sticks (1 stick, 45 g)","French toast sticks (1 stick, 45 g)",dessert,125.1,3.4,18.3,4.1,5.8,0.6
FNDDS-2021-2023-55301040,"French toast sticks, fast food / restaurant (1 stick, 25 g)","French toast sticks, fast food / restaurant (1 stick, 25 g)",dessert,100.0,1.8,12.1,5.2,2.9,0.4
FNDDS-2021-2023-55301048,"French toast sticks, school (1 stick, 25 g)","French toast sticks, school (1 stick, 25 g)",dessert,40.5,2.3,5.7,0.9,0.9,0.7
FNDDS-2021-2023-55401000,"Crepe, plain (1 crepe, any size, 65 g)","Crepe, plain (1 crepe, any size, 65 g)",dessert,145.6,5.8,14.3,7.3,2.9,0.4
FNDDS-2021-2023-55501000,"Chinese pancake (1 pancake, 28 g)","Chinese pancake (1 pancake, 28 g)",dessert,58.0,1.1,12.7,0.1,0.0,0.2
FNDDS-2021-2023-55610300,"Dumpling, no meat (1 item, any size, 25 g)","Dumpling, no meat (1 item, any size, 25 g)",food,31.2,0.9,5.1,0.8,0.3,0.2
FNDDS-2021-2023-55701000,"Cake made with glutinous rice (1 oz, 28.35 g)","Cake made with glutinous rice (1 oz, 28.35 g)",food,79.1,0.7,15.2,1.8,8.8,0.2
FNDDS-2021-2023-55702000,"Idli (1 item, 38 g)","Idli (1 item, 38 g)",food,48.6,2.4,9.5,0.1,0.7,2.2
FNDDS-2021-2023-55702100,"Dosa, plain (1 small, 35 g)","Dosa, plain (1 small, 35 g)",dessert,73.5,2.0,12.9,1.4,0.1,0.6
FNDDS-2021-2023-55703000,"Cake made with glutinous rice and dried beans (1 piece, 16 g)","Cake made with glutinous rice and dried beans (1 piece, 16 g)",food,29.6,1.2,5.8,0.1,0.2,0.5
FNDDS-2021-2023-55801000,"Funnel cake with sugar (1 cake (6"" dia), 90 g)","Funnel cake with sugar (1 cake (6"" dia), 90 g)",dessert,317.7,7.1,39.1,14.9,14.3,0.9
FNDDS-2021-2023-55801010,"Funnel cake with sugar and fruit (1 cake (6"" dia), 135 g)","Funnel cake with sugar and fruit (1 cake (6"" dia), 135 g)",dessert,513.0,7.9,74.5,21.2,28.8,1.2
FNDDS-2021-2023-56104000,"Pasta, vegetable, cooked (1 cup, cooked, 140 g)","Pasta, vegetable, cooked (1 cup, cooked, 140 g)",food,179.2,6.3,37.2,0.2,1.6,6.0
FNDDS-2021-2023-56112000,"Noodles, cooked (1 cup, cooked, 160 g)","Noodles, cooked (1 cup, cooked, 160 g)",food,219.2,7.2,40.0,3.3,0.6,1.9
FNDDS-2021-2023-56113000,"Noodles, whole grain, cooked (1 cup, cooked, 160 g)","Noodles, whole grain, cooked (1 cup, cooked, 160 g)",food,236.8,9.5,47.8,2.7,1.2,6.2
FNDDS-2021-2023-56116000,"Noodles, chow mein (1 cup, 56 g)","Noodles, chow mein (1 cup, 56 g)",food,291.8,5.8,29.1,17.8,0.1,1.1
FNDDS-2021-2023-56116990,"Long rice noodles, made from mung beans, cooked (1 cup, cooked, 190 g)","Long rice noodles, made from mung beans, cooked (1 cup, cooked, 190 g)",food,159.6,0.1,39.3,0.0,0.0,0.2
FNDDS-2021-2023-56117090,"Rice noodles, cooked (1 cup, cooked, 175 g)","Rice noodles, cooked (1 cup, cooked, 175 g)",food,187.2,3.1,41.8,0.4,0.1,1.8
FNDDS-2021-2023-56130000,"Pasta, cooked (1 cup, cooked, 140 g)","Pasta, cooked (1 cup, cooked, 140 g)",food,219.8,8.1,43.0,1.3,0.8,2.5
FNDDS-2021-2023-56132990,"Pasta, whole grain, cooked (1 cup, cooked, 140 g)","Pasta, whole grain, cooked (1 cup, cooked, 140 g)",food,207.2,8.3,41.9,2.4,1.0,5.5
FNDDS-2021-2023-56140100,"Pasta, gluten free (1 cup, cooked, 140 g)","Pasta, gluten free (1 cup, cooked, 140 g)",food,250.6,4.5,53.2,1.4,0.0,2.0
FNDDS-2021-2023-56200410,"Barley (1 cup, cooked, 170 g)","Barley (1 cup, cooked, 170 g)",food,236.3,3.7,46.2,4.7,0.5,6.3
FNDDS-2021-2023-56200510,"Buckwheat groats (1 cup, cooked, 170 g)","Buckwheat groats (1 cup, cooked, 170 g)",food,200.6,5.5,32.3,6.7,1.5,4.4
FNDDS-2021-2023-56201051,"Grits, regular or quick, made with water, no added fat (1 cup, cooked, 240 g)","Grits, regular or quick, made with water, no added fat (1 cup, cooked, 240 g)",food,139.2,2.9,29.8,0.7,0.2,1.7
FNDDS-2021-2023-56201052,"Grits, regular or quick, made with water, fat added (1 cup, cooked, 240 g)","Grits, regular or quick, made with water, fat added (1 cup, cooked, 240 g)",food,170.4,2.9,29.3,4.4,0.2,1.7
FNDDS-2021-2023-56201091,"Grits, with cheese, no added fat (1 cup, cooked, 240 g)","Grits, with cheese, no added fat (1 cup, cooked, 240 g)",food,232.8,8.6,27.6,9.4,0.3,1.7
FNDDS-2021-2023-56201092,"Grits, with cheese, fat added (1 cup, cooked, 240 g)","Grits, with cheese, fat added (1 cup, cooked, 240 g)",food,259.2,8.5,27.4,12.7,0.3,1.4
FNDDS-2021-2023-56201210,"Grits, instant, made with water, no added fat (1 cup, cooked, 240 g)","Grits, instant, made with water, no added fat (1 cup, cooked, 240 g)",food,156.0,3.3,35.5,1.0,0.7,1.9
FNDDS-2021-2023-56201220,"Grits, instant, made with water, fat added (1 cup, cooked, 240 g)","Grits, instant, made with water, fat added (1 cup, cooked, 240 g)",food,204.0,3.3,34.6,6.8,0.7,1.9
FNDDS-2021-2023-56201516,"Cornmeal mush, no added fat (1 cup, cooked, 240 g)","Cornmeal mush, no added fat (1 cup, cooked, 240 g)",food,139.2,2.7,30.0,0.7,0.6,1.4
FNDDS-2021-2023-56201517,"Cornmeal mush, fat added (1 cup, cooked, 240 g)","Cornmeal mush, fat added (1 cup, cooked, 240 g)",food,170.4,2.7,29.3,4.4,0.6,1.4
FNDDS-2021-2023-56201600,"Masa harina, cooked (1 cup, cooked, 240 g)","Masa harina, cooked (1 cup, cooked, 240 g)",food,232.8,5.4,49.2,2.4,1.0,4.1
FNDDS-2021-2023-56202000,"Millet (1 cup, cooked, 170 g)","Millet (1 cup, cooked, 170 g)",food,200.6,6.0,40.1,1.7,0.2,2.2
FNDDS-2021-2023-56202900,"Oatmeal, fast food, plain (1 cup, cooked, 240 g)","Oatmeal, fast food, plain (1 cup, cooked, 240 g)",food,192.0,6.2,28.6,6.1,1.7,4.1
FNDDS-2021-2023-56202905,"Oatmeal, fast food, flavored (1 cup, cooked, 240 g)","Oatmeal, fast food, flavored (1 cup, cooked, 240 g)",food,264.0,5.8,48.7,5.6,23.9,3.8
FNDDS-2021-2023-56203056,"Oatmeal, regular or quick, made with water, no added fat (1 cup, cooked, 240 g)","Oatmeal, regular or quick, made with water, no added fat (1 cup, cooked, 240 g)",food,153.6,5.3,27.4,2.6,0.4,4.1
FNDDS-2021-2023-56203057,"Oatmeal, regular or quick, made with water, fat added (1 cup, cooked, 240 g)","Oatmeal, regular or quick, made with water, fat added (1 cup, cooked, 240 g)",food,182.4,5.2,26.9,6.3,0.4,4.1
FNDDS-2021-2023-56203066,"Oatmeal, regular or quick, made with milk, no added fat (1 cup, cooked, 240 g)","Oatmeal, regular or quick, made with milk, no added fat (1 cup, cooked, 240 g)",food,278.4,13.3,38.9,7.8,12.2,4.1
FNDDS-2021-2023-56203067,"Oatmeal, regular or quick, made with milk, fat added (1 cup, cooked, 240 g)","Oatmeal, regular or quick, made with milk, fat added (1 cup, cooked, 240 g)",food,307.2,13.2,38.4,11.4,12.0,4.1
FNDDS-2021-2023-56203076,"Oatmeal, regular or quick, made with non-dairy milk, no added fat (1 cup, cooked, 240 g)","Oatmeal, regular or quick, made with non-dairy milk, no added fat (1 cup, cooked, 240 g)",food,228.0,8.0,34.6,6.5,5.3,4.3
FNDDS-2021-2023-56203077,"Oatmeal, regular or quick, made with non-dairy milk, fat added (1 cup, cooked, 240 g)","Oatmeal, regular or quick, made with non-dairy milk, fat added (1 cup, cooked, 240 g)",food,256.8,7.9,34.1,10.1,5.2,4.3
FNDDS-2021-2023-56203086,"Oatmeal, instant, plain, made with water, no added fat (1 cup, cooked, 240 g)","Oatmeal, instant, plain, made with water, no added fat (1 cup, cooked, 240 g)",food,163.2,5.4,31.7,3.1,0.7,4.6
FNDDS-2021-2023-56203087,"Oatmeal, instant, plain, made with water, fat added (1 cup, cooked, 240 g)","Oatmeal, instant, plain, made with water, fat added (1 cup, cooked, 240 g)",food,211.2,5.3,30.5,8.9,0.7,4.3
FNDDS-2021-2023-56203096,"Oatmeal, instant, plain, made with milk, no added fat (1 cup, cooked, 240 g)","Oatmeal, instant, plain, made with milk, no added fat (1 cup, cooked, 240 g)",food,266.4,11.9,41.0,7.3,10.2,4.6
FNDDS-2021-2023-56203097,"Oatmeal, instant, plain, made with milk, fat added (1 cup, cooked, 240 g)","Oatmeal, instant, plain, made with milk, fat added (1 cup, cooked, 240 g)",food,309.6,11.5,39.6,13.0,9.9,4.3
FNDDS-2021-2023-56203106,"Oatmeal, instant, plain, made with non-dairy milk, no added fat (1 cup, cooked, 240 g)","Oatmeal, instant, plain, made with non-dairy milk, no added fat (1 cup, cooked, 240 g)",food,225.6,7.6,37.4,6.2,4.6,4.8
FNDDS-2021-2023-56203107,"Oatmeal, instant, plain, made with non-dairy milk, fat added (1 cup, cooked, 240 g)","Oatmeal, instant, plain, made with non-dairy milk, fat added (1 cup, cooked, 240 g)",food,271.2,7.4,36.2,12.0,4.5,4.6
FNDDS-2021-2023-56203130,"Oatmeal, instant, maple flavored, no added fat (1 cup, cooked, 240 g)","Oatmeal, instant, maple flavored, no added fat (1 cup, cooked, 240 g)",food,244.8,5.9,48.5,3.0,19.2,4.6
FNDDS-2021-2023-56203135,"Oatmeal, instant, maple flavored, fat added (1 cup, cooked, 240 g)","Oatmeal, instant, maple flavored, fat added (1 cup, cooked, 240 g)",food,285.6,5.7,47.0,8.3,18.6,4.3
FNDDS-2021-2023-56203155,"Oatmeal, instant, fruit flavored, no added fat (1 cup, cooked, 240 g)","Oatmeal, instant, fruit flavored, no added fat (1 cup, cooked, 240 g)",food,240.0,5.6,48.2,2.9,20.0,4.6
FNDDS-2021-2023-56203160,"Oatmeal, instant, fruit flavored, fat added (1 cup, cooked, 240 g)","Oatmeal, instant, fruit flavored, fat added (1 cup, cooked, 240 g)",food,280.8,5.5,46.8,8.2,19.4,4.6
FNDDS-2021-2023-56203555,"Oatmeal, reduced sugar (1 cup, cooked, 240 g)","Oatmeal, reduced sugar (1 cup, cooked, 240 g)",food,204.0,5.6,39.8,3.1,9.7,4.6
FNDDS-2021-2023-56203610,"Oatmeal, multigrain (1 cup, cooked, 240 g)","Oatmeal, multigrain (1 cup, cooked, 240 g)",food,134.4,5.1,29.3,1.1,1.0,4.8
FNDDS-2021-2023-56204005,"Quinoa, no added fat (1 cup, cooked, 170 g)","Quinoa, no added fat (1 cup, cooked, 170 g)",food,204.0,7.4,36.0,3.2,1.5,4.8
FNDDS-2021-2023-56204010,"Quinoa, fat added (1 cup, cooked, 170 g)","Quinoa, fat added (1 cup, cooked, 170 g)",food,248.2,7.1,34.3,9.2,1.4,4.6
FNDDS-2021-2023-56205002,"Rice, white, cooked, made with oil (1 cup, cooked, 163 g)","Rice, white, cooked, made with oil (1 cup, cooked, 163 g)",food,246.1,4.2,44.3,5.1,0.1,0.7
FNDDS-2021-2023-56205004,"Rice, white, cooked, made with butter (1 cup, cooked, 163 g)","Rice, white, cooked, made with butter (1 cup, cooked, 163 g)",food,239.6,4.3,44.3,4.3,0.1,0.7
FNDDS-2021-2023-56205006,"Rice, white, cooked, made with margarine (1 cup, cooked, 163 g)","Rice, white, cooked, made with margarine (1 cup, cooked, 163 g)",food,231.5,4.2,44.3,3.5,0.1,0.7
FNDDS-2021-2023-56205008,"Rice, white, cooked, no added fat (1 cup, cooked, 158 g)","Rice, white, cooked, no added fat (1 cup, cooked, 158 g)",food,203.8,4.2,44.2,0.4,0.1,0.6
FNDDS-2021-2023-56205012,"Rice, brown, cooked, fat added, made with oil (1 cup, cooked, 196 g)","Rice, brown, cooked, fat added, made with oil (1 cup, cooked, 196 g)",food,276.4,4.7,49.4,6.7,0.4,2.0
FNDDS-2021-2023-56205014,"Rice, brown, cooked, made with butter (1 cup, cooked, 196 g)","Rice, brown, cooked, made with butter (1 cup, cooked, 196 g)",food,268.5,4.7,49.4,5.9,0.5,2.0
FNDDS-2021-2023-56205016,"Rice, brown, cooked, made with margarine (1 cup, cooked, 196 g)","Rice, brown, cooked, made with margarine (1 cup, cooked, 196 g)",food,262.6,4.7,49.4,5.1,0.4,2.0
FNDDS-2021-2023-56205018,"Rice, brown, cooked, no added fat (1 cup, cooked, 195 g)","Rice, brown, cooked, no added fat (1 cup, cooked, 195 g)",food,239.8,4.7,50.3,2.2,0.4,1.9
FNDDS-2021-2023-56205050,"Cream of rice (1 cup, cooked, 240 g)","Cream of rice (1 cup, cooked, 240 g)",food,165.6,2.8,36.7,0.2,0.1,0.2
FNDDS-2021-2023-56205060,"Rice, cooked, with milk (1 cup, cooked, 200 g)","Rice, cooked, with milk (1 cup, cooked, 200 g)",food,288.0,10.3,50.0,4.6,9.8,0.6
FNDDS-2021-2023-56205070,"Rice, sweet, cooked with honey (1 cup, cooked, 175 g)","Rice, sweet, cooked with honey (1 cup, cooked, 175 g)",food,243.2,4.4,54.4,0.5,8.6,0.7
FNDDS-2021-2023-56205101,"Congee (1 cup, 255 g)","Congee (1 cup, 255 g)",food,99.4,2.0,21.4,0.2,0.1,0.3
FNDDS-2021-2023-56205150,"Yellow rice, cooked, no added fat (1 cup, cooked, 158 g)","Yellow rice, cooked, no added fat (1 cup, cooked, 158 g)",food,139.0,2.8,30.2,0.7,0.7,0.8
FNDDS-2021-2023-56205170,"Yellow rice, cooked, fat added (1 cup, cooked, 163 g)","Yellow rice, cooked, fat added (1 cup, cooked, 163 g)",food,167.9,2.9,30.5,4.0,0.7,0.7
FNDDS-2021-2023-56205190,"Rice, white, cooked, glutinous (1 cup, cooked, 174 g)","Rice, white, cooked, glutinous (1 cup, cooked, 174 g)",food,167.0,3.5,36.5,0.3,0.1,1.7
FNDDS-2021-2023-56205210,"Rice, wild, 100%, cooked, no added fat (1 cup, cooked, 164 g)","Rice, wild, 100%, cooked, no added fat (1 cup, cooked, 164 g)",food,164.0,6.5,34.8,0.6,1.2,3.0
FNDDS-2021-2023-56205215,"Rice, wild, 100%, cooked, fat added (1 cup, cooked, 164 g)","Rice, wild, 100%, cooked, fat added (1 cup, cooked, 164 g)",food,200.1,6.3,33.8,5.1,1.2,2.8
FNDDS-2021-2023-56205300,"Rice, white and wild, cooked, no added fat (1 cup, cooked, 166 g)","Rice, white and wild, cooked, no added fat (1 cup, cooked, 166 g)",food,131.1,3.0,28.6,0.3,0.2,0.8
FNDDS-2021-2023-56205310,"Rice, brown and wild, cooked, no added fat (1 cup, cooked, 151 g)","Rice, brown and wild, cooked, no added fat (1 cup, cooked, 151 g)",food,181.2,4.4,37.6,1.3,0.5,2.4
FNDDS-2021-2023-56205320,"Rice, white and wild, cooked, fat added (1 cup, cooked, 168 g)","Rice, white and wild, cooked, fat added (1 cup, cooked, 168 g)",food,188.2,3.6,34.6,3.6,0.2,0.8
FNDDS-2021-2023-56205340,"Rice, brown and wild, cooked, fat added (1 cup, cooked, 155 g)","Rice, brown and wild, cooked, fat added (1 cup, cooked, 155 g)",food,213.9,4.4,37.7,5.0,0.5,2.5
FNDDS-2021-2023-56205410,"Rice, white, cooked with fat, Puerto Rican style (1 cup, cooked, 155 g)","Rice, white, cooked with fat, Puerto Rican style (1 cup, cooked, 155 g)",food,310.0,4.4,49.4,9.8,0.1,0.8
FNDDS-2021-2023-56207016,"Cream of wheat, regular or quick, made with water, no added fat (1 cup, cooked, 240 g)","Cream of wheat, regular or quick, made with water, no added fat (1 cup, cooked, 240 g)",food,122.4,3.5,25.4,0.5,0.1,1.2
FNDDS-2021-2023-56207017,"Cream of wheat, regular or quick, made with water, fat added (1 cup, cooked, 240 g)","Cream of wheat, regular or quick, made with water, fat added (1 cup, cooked, 240 g)",food,156.0,3.5,25.0,4.3,0.1,1.2
FNDDS-2021-2023-56207030,"Cream of wheat, instant, made with water, no added fat (1 cup, cooked, 240 g)","Cream of wheat, instant, made with water, no added fat (1 cup, cooked, 240 g)",food,160.8,3.6,34.6,0.5,8.7,1.2
FNDDS-2021-2023-56207060,"Cream of wheat, instant, made with water, fat added (1 cup, cooked, 240 g)","Cream of wheat, instant, made with water, fat added (1 cup, cooked, 240 g)",food,196.8,3.6,33.8,5.0,8.5,1.2
FNDDS-2021-2023-56207110,"Bulgur, no added fat (1 cup, cooked, 140 g)","Bulgur, no added fat (1 cup, cooked, 140 g)",food,116.2,4.3,25.9,0.3,0.1,6.3
FNDDS-2021-2023-56207120,"Bulgur, fat added (1 cup, cooked, 140 g)","Bulgur, fat added (1 cup, cooked, 140 g)",food,169.4,4.1,24.2,7.1,0.2,5.9
FNDDS-2021-2023-56207160,"Couscous, plain, cooked (1 cup, cooked, 160 g)","Couscous, plain, cooked (1 cup, cooked, 160 g)",food,177.6,6.0,37.0,0.3,0.2,2.2
FNDDS-2021-2023-56207200,"Whole wheat cereal, cooked (1 cup, cooked, 240 g)","Whole wheat cereal, cooked (1 cup, cooked, 240 g)",food,112.8,3.7,25.0,0.7,0.1,3.1
FNDDS-2021-2023-56207370,"Wheat cereal, chocolate flavored, cooked (1 cup, cooked, 240 g)","Wheat cereal, chocolate flavored, cooked (1 cup, cooked, 240 g)",food,117.6,4.3,26.4,1.1,0.2,4.3
FNDDS-2021-2023-56208500,"Oat bran cereal, cooked (1 cup, cooked, 240 g)","Oat bran cereal, cooked (1 cup, cooked, 240 g)",food,110.4,7.7,29.5,3.1,0.6,7.0
FNDDS-2021-2023-57103100,"Cereal, O's, flavored (1 cup, 40 g)","Cereal, O's, flavored (1 cup, 40 g)",food,154.0,3.4,30.4,2.1,13.0,3.0
FNDDS-2021-2023-57119000,"Cereal, crunch (1 cup, 35 g)","Cereal, crunch (1 cup, 35 g)",food,139.3,1.5,28.7,1.9,15.0,0.9
FNDDS-2021-2023-57123000,"Cereal, O's, plain (1 cup, 30 g)","Cereal, O's, plain (1 cup, 30 g)",food,112.2,3.7,20.4,1.9,1.5,3.1
FNDDS-2021-2023-57124200,"Cereal, chocolate puffs (1 cup, 35 g)","Cereal, chocolate puffs (1 cup, 35 g)",food,135.8,1.9,28.3,1.7,12.0,1.8
FNDDS-2021-2023-57125000,"Cereal, cinnamon toast (1 cup, 40 g)","Cereal, cinnamon toast (1 cup, 40 g)",food,165.6,2.4,30.1,4.0,11.9,2.0
FNDDS-2021-2023-57126000,"Cereal, chocolate crispy (1 cup, 40 g)","Cereal, chocolate crispy (1 cup, 40 g)",food,152.0,2.1,32.7,1.7,14.2,0.6
FNDDS-2021-2023-57132000,"Cereal, corn squares (1 cup, 30 g)","Cereal, corn squares (1 cup, 30 g)",food,110.7,2.4,23.1,0.8,3.1,1.6
FNDDS-2021-2023-57134000,"Cereal, corn flakes, plain (1 cup, 30 g)","Cereal, corn flakes, plain (1 cup, 30 g)",food,109.5,1.9,23.8,0.5,2.8,1.1
FNDDS-2021-2023-57137000,"Cereal, corn puffs (1 cup, 25 g)","Cereal, corn puffs (1 cup, 25 g)",food,92.8,1.9,19.4,0.6,3.0,1.8
FNDDS-2021-2023-57151000,"Cereal, rice crispy, plain (1 cup, 25 g)","Cereal, rice crispy, plain (1 cup, 25 g)",food,89.5,1.7,19.9,0.3,2.5,0.1
FNDDS-2021-2023-57207000,"Cereal, bran flakes, plain (1 cup, 50 g)","Cereal, bran flakes, plain (1 cup, 50 g)",food,180.5,4.8,37.5,1.2,7.7,10.2
FNDDS-2021-2023-57214000,"Cereal, shredded wheat, flavored (1 cup, 50 g)","Cereal, shredded wheat, flavored (1 cup, 50 g)",food,183.5,4.8,39.5,0.7,10.0,5.2
FNDDS-2021-2023-57216000,"Cereal, rice crispy, flavored (1 cup, 40 g)","Cereal, rice crispy, flavored (1 cup, 40 g)",food,148.8,2.0,34.4,0.4,15.7,0.1
FNDDS-2021-2023-57221700,"Cereal, fruit rings (1 cup, 30 g)","Cereal, fruit rings (1 cup, 30 g)",food,114.9,1.5,24.7,1.0,9.5,1.6
FNDDS-2021-2023-57223000,"Cereal, fruit crispy (1 cup, 35 g)","Cereal, fruit crispy (1 cup, 35 g)",food,134.4,1.5,29.0,1.4,11.8,0.1
FNDDS-2021-2023-57227000,"Cereal, granola (1 cup, 110 g)","Cereal, granola (1 cup, 110 g)",food,462.0,10.8,74.1,14.3,24.4,8.1
FNDDS-2021-2023-57237100,"Cereal, oat bunches (1 cup, 45 g)","Cereal, oat bunches (1 cup, 45 g)",food,176.4,3.3,34.3,2.7,9.3,2.1
FNDDS-2021-2023-57240100,"Cereal, corn squares, flavored (1 cup, 40 g)","Cereal, corn squares, flavored (1 cup, 40 g)",food,152.0,2.2,32.3,1.3,10.4,1.9
FNDDS-2021-2023-57241000,"Cereal, O's, honey nut (1 cup, 40 g)","Cereal, O's, honey nut (1 cup, 40 g)",food,154.0,3.4,30.4,2.1,13.0,3.0
FNDDS-2021-2023-57301600,"Cereal, multigrain (1 cup, 50 g)","Cereal, multigrain (1 cup, 50 g)",food,186.5,5.8,37.0,1.8,10.1,7.3
FNDDS-2021-2023-57304100,"Cereal, oat squares (1 cup, 45 g)","Cereal, oat squares (1 cup, 45 g)",food,170.6,4.7,33.0,2.3,9.2,3.6
FNDDS-2021-2023-57305150,"Cereal, frosted oats with marshmallows (1 cup, 35 g)","Cereal, frosted oats with marshmallows (1 cup, 35 g)",food,130.2,2.9,26.8,1.4,11.8,2.1
FNDDS-2021-2023-57308400,"Cereal, O's, multigrain (1 cup, 30 g)","Cereal, O's, multigrain (1 cup, 30 g)",food,111.9,2.6,22.9,1.1,6.1,3.3
FNDDS-2021-2023-57329000,"Cereal, bran flakes, flavored (1 cup, 60 g)","Cereal, bran flakes, flavored (1 cup, 60 g)",food,211.8,4.9,47.2,0.7,17.6,7.4
FNDDS-2021-2023-57336000,"Cereal, rice squares (1 cup, 30 g)","Cereal, rice squares (1 cup, 30 g)",food,107.1,2.1,23.2,0.7,2.1,1.6
FNDDS-2021-2023-57344000,"Cereal, K's, plain (1 cup, 35 g)","Cereal, K's, plain (1 cup, 35 g)",food,124.6,6.6,23.8,0.6,4.5,1.1
FNDDS-2021-2023-57344010,"Cereal, K's, flavored (1 cup, 35 g)","Cereal, K's, flavored (1 cup, 35 g)",food,127.0,2.6,28.3,0.4,9.9,2.8
FNDDS-2021-2023-57347000,"Cereal, flavored puffs (1 cup, 30 g)","Cereal, flavored puffs (1 cup, 30 g)",food,114.0,1.7,25.1,0.6,11.1,0.7
FNDDS-2021-2023-57348000,"Cereal, corn flakes, flavored (1 cup, 40 g)","Cereal, corn flakes, flavored (1 cup, 40 g)",food,150.0,1.9,33.9,0.5,13.0,1.0
FNDDS-2021-2023-57411000,"Cereal, wheat squares (1 cup, 60 g)","Cereal, wheat squares (1 cup, 60 g)",food,213.6,6.3,45.0,0.9,6.1,8.1
FNDDS-2021-2023-57416000,"Cereal, plain puffs (1 cup, 15 g)","Cereal, plain puffs (1 cup, 15 g)",food,53.5,1.4,11.6,0.2,0.0,1.3
FNDDS-2021-2023-57417000,"Cereal, shredded wheat, plain (1 cup, 45 g)","Cereal, shredded wheat, plain (1 cup, 45 g)",food,161.1,5.4,33.2,0.8,0.1,5.9
FNDDS-2021-2023-57418000,"Cereal, wheat flakes (1 cup, 40 g)","Cereal, wheat flakes (1 cup, 40 g)",food,143.6,4.0,30.5,0.6,5.6,4.2
FNDDS-2021-2023-57420110,"Cereal, other, plain (1 cup, 30 g)","Cereal, other, plain (1 cup, 30 g)",food,111.0,2.8,22.1,1.2,2.2,2.1
FNDDS-2021-2023-57420120,"Cereal, other, fruit flavored (1 cup, 40 g)","Cereal, other, fruit flavored (1 cup, 40 g)",food,153.2,1.9,33.0,1.4,13.1,1.2
FNDDS-2021-2023-57420130,"Cereal, other, chocolate (1 cup, 40 g)","Cereal, other, chocolate (1 cup, 40 g)",food,153.6,2.1,32.6,1.8,14.0,1.3
FNDDS-2021-2023-57420140,"Cereal, other, peanut butter (1 cup, 40 g)","Cereal, other, peanut butter (1 cup, 40 g)",food,168.8,2.9,29.2,4.4,12.4,2.0
FNDDS-2021-2023-57420150,"Cereal, other, honey (1 cup, 40 g)","Cereal, other, honey (1 cup, 40 g)",food,155.2,3.2,30.4,2.3,10.6,2.4
FNDDS-2021-2023-57420160,"Cereal, reduced sugar (1 cup, 35 g)","Cereal, reduced sugar (1 cup, 35 g)",food,131.6,2.9,26.9,1.3,6.9,2.2
FNDDS-2021-2023-58100360,"Chilaquiles (1 cup, 170 g)","Chilaquiles (1 cup, 170 g)",food,331.5,18.0,25.3,18.2,1.9,3.6
FNDDS-2021-2023-58101830,"Frito pie (1 cup, 150 g)","Frito pie (1 cup, 150 g)",food,492.0,14.9,39.5,31.5,1.3,4.3
FNDDS-2021-2023-58101835,"Mexican pizza (1 pizza, 100 g)","Mexican pizza (1 pizza, 100 g)",food,249.0,15.5,15.3,13.9,0.3,2.1
FNDDS-2021-2023-58101930,"Taco or tostada salad with meat (1 small taco salad, 237 g)","Taco or tostada salad with meat (1 small taco salad, 237 g)",food,424.2,17.7,39.1,22.1,4.3,6.9
FNDDS-2021-2023-58101935,"Taco or tostada salad with chicken (1 small taco salad, 240 g)","Taco or tostada salad with chicken (1 small taco salad, 240 g)",food,400.8,18.8,39.1,19.2,4.3,6.7
FNDDS-2021-2023-58101940,"Taco or tostada salad, meatless (1 small taco salad, 234 g)","Taco or tostada salad, meatless (1 small taco salad, 234 g)",food,381.4,12.4,45.2,17.2,4.3,8.7
FNDDS-2021-2023-58101945,"Taco or tostada salad with meat and sour cream (1 small taco salad, 264 g)","Taco or tostada salad with meat and sour cream (1 small taco salad, 264 g)",food,477.8,18.2,39.9,27.5,5.3,6.6
FNDDS-2021-2023-58101950,"Taco or tostada salad with chicken and sour cream (1 small taco salad, 273 g)","Taco or tostada salad with chicken and sour cream (1 small taco salad, 273 g)",food,466.8,19.8,41.0,25.3,5.4,6.8
FNDDS-2021-2023-58101955,"Taco or tostada salad, meatless with sour cream (1 small taco salad, 266 g)","Taco or tostada salad, meatless with sour cream (1 small taco salad, 266 g)",food,444.2,13.3,46.8,23.1,5.4,8.8
FNDDS-2021-2023-58102010,"Taco, corn tortilla, beef, cheese (1 miniature, 50 g)","Taco, corn tortilla, beef, cheese (1 miniature, 50 g)",food,124.5,7.8,7.7,7.0,0.2,1.1
FNDDS-2021-2023-58102020,"Taco, corn tortilla, beef, with beans, cheese (1 miniature, 50 g)","Taco, corn tortilla, beef, with beans, cheese (1 miniature, 50 g)",food,106.0,5.3,9.6,5.3,0.2,1.6
FNDDS-2021-2023-58102030,"Taco, corn tortilla, pork, cheese (1 miniature, 50 g)","Taco, corn tortilla, pork, cheese (1 miniature, 50 g)",food,125.5,7.4,7.7,7.2,0.2,1.1
FNDDS-2021-2023-58102040,"Taco, corn tortilla, pork, with beans, cheese (1 miniature, 50 g)","Taco, corn tortilla, pork, with beans, cheese (1 miniature, 50 g)",food,107.0,5.2,9.6,5.5,0.2,1.6
FNDDS-2021-2023-58102050,"Taco, corn tortilla, chicken, cheese (1 miniature, 50 g)","Taco, corn tortilla, chicken, cheese (1 miniature, 50 g)",food,105.5,8.1,7.7,4.8,0.2,1.1
FNDDS-2021-2023-58102060,"Taco, corn tortilla, chicken, with beans, cheese (1 miniature, 50 g)","Taco, corn tortilla, chicken, with beans, cheese (1 miniature, 50 g)",food,96.5,5.5,9.6,4.2,0.2,1.6
FNDDS-2021-2023-58102070,"Taco, corn tortilla, with beans, cheese (1 miniature, 50 g)","Taco, corn tortilla, with beans, cheese (1 miniature, 50 g)",food,88.0,2.9,11.5,3.6,0.3,2.1
FNDDS-2021-2023-58102110,"Taco, flour tortilla, beef, cheese (1 miniature, 50 g)","Taco, flour tortilla, beef, cheese (1 miniature, 50 g)",food,128.5,8.3,9.4,6.2,0.7,0.7
FNDDS-2021-2023-58102120,"Taco, flour tortilla, beef, with beans, cheese (1 miniature, 50 g)","Taco, flour tortilla, beef, with beans, cheese (1 miniature, 50 g)",food,110.5,5.9,11.3,4.5,0.8,1.2
FNDDS-2021-2023-58102130,"Taco, flour tortilla, pork, cheese (1 miniature, 50 g)","Taco, flour tortilla, pork, cheese (1 miniature, 50 g)",food,130.0,8.1,9.4,6.4,0.7,0.7
FNDDS-2021-2023-58102140,"Taco, flour tortilla, pork, with beans, cheese (1 miniature, 50 g)","Taco, flour tortilla, pork, with beans, cheese (1 miniature, 50 g)",food,111.0,5.8,11.3,4.6,0.8,1.2
FNDDS-2021-2023-58102150,"Taco, flour tortilla, chicken, cheese (1 miniature, 50 g)","Taco, flour tortilla, chicken, cheese (1 miniature, 50 g)",food,110.0,8.8,9.4,4.0,0.7,0.7
FNDDS-2021-2023-58102160,"Taco, flour tortilla, chicken, with beans, cheese (1 miniature, 50 g)","Taco, flour tortilla, chicken, with beans, cheese (1 miniature, 50 g)",food,101.0,6.1,11.3,3.4,0.8,1.2
FNDDS-2021-2023-58102170,"Taco, flour tortilla, with beans, cheese (1 miniature, 50 g)","Taco, flour tortilla, with beans, cheese (1 miniature, 50 g)",food,92.0,3.5,13.3,2.8,0.9,1.7
FNDDS-2021-2023-58102210,"Taco, fish (1 miniature, 50 g)","Taco, fish (1 miniature, 50 g)",food,137.5,5.8,11.5,7.7,0.2,1.2
FNDDS-2021-2023-58102220,"Taco, meat, no cheese (1 miniature, 50 g)","Taco, meat, no cheese (1 miniature, 50 g)",food,121.5,7.6,8.0,6.6,0.2,1.1
FNDDS-2021-2023-58102230,"Taco, meat, with beans, no cheese (1 miniature, 50 g)","Taco, meat, with beans, no cheese (1 miniature, 50 g)",food,102.5,5.0,10.0,4.8,0.2,1.7
FNDDS-2021-2023-58102240,"Taco, with beans, no cheese (1 miniature, 50 g)","Taco, with beans, no cheese (1 miniature, 50 g)",food,83.5,2.5,12.0,3.1,0.3,2.2
FNDDS-2021-2023-58102250,"Taco, cheese only (1 miniature, 35 g)","Taco, cheese only (1 miniature, 35 g)",food,96.2,4.3,9.7,4.7,0.3,1.3
FNDDS-2021-2023-58102310,"Burrito, beef, cheese (1 miniature, 95 g)","Burrito, beef, cheese (1 miniature, 95 g)",food,253.6,12.6,26.9,10.2,2.1,1.9
FNDDS-2021-2023-58102320,"Burrito, beef, with rice, cheese (1 miniature, 110 g)","Burrito, beef, with rice, cheese (1 miniature, 110 g)",food,254.1,11.4,31.0,8.8,1.7,1.7
FNDDS-2021-2023-58102330,"Burrito, beef, with beans, cheese (1 miniature, 110 g)","Burrito, beef, with beans, cheese (1 miniature, 110 g)",food,240.9,12.2,26.3,9.4,1.8,2.8
FNDDS-2021-2023-58102340,"Burrito, beef, with beans and rice, cheese (1 miniature, 110 g)","Burrito, beef, with beans and rice, cheese (1 miniature, 110 g)",food,247.5,11.9,28.6,9.1,1.8,2.2
FNDDS-2021-2023-58102410,"Burrito, pork, cheese (1 miniature, 95 g)","Burrito, pork, cheese (1 miniature, 95 g)",food,254.6,12.3,26.9,10.4,2.1,1.9
FNDDS-2021-2023-58102420,"Burrito, pork, with rice, cheese (1 miniature, 110 g)","Burrito, pork, with rice, cheese (1 miniature, 110 g)",food,255.2,11.2,31.0,9.1,1.7,1.7
FNDDS-2021-2023-58102430,"Burrito, pork, with beans, cheese (1 miniature, 110 g)","Burrito, pork, with beans, cheese (1 miniature, 110 g)",food,242.0,11.9,26.3,9.7,1.8,2.8
FNDDS-2021-2023-58102440,"Burrito, pork, with beans and rice, cheese (1 miniature, 110 g)","Burrito, pork, with beans and rice, cheese (1 miniature, 110 g)",food,248.6,11.6,28.6,9.4,1.8,2.2
FNDDS-2021-2023-58102510,"Burrito, chicken, cheese (1 miniature, 110 g)","Burrito, chicken, cheese (1 miniature, 110 g)",food,268.4,15.1,31.1,8.9,2.4,2.2
FNDDS-2021-2023-58102520,"Burrito, chicken, with rice, cheese (1 miniature, 110 g)","Burrito, chicken, with rice, cheese (1 miniature, 110 g)",food,236.5,11.9,31.0,6.8,1.7,1.7
FNDDS-2021-2023-58102530,"Burrito, chicken, with beans, cheese (1 miniature, 110 g)","Burrito, chicken, with beans, cheese (1 miniature, 110 g)",food,223.3,12.5,26.3,7.4,1.8,2.8
FNDDS-2021-2023-58102540,"Burrito, chicken, with beans and rice, cheese (1 miniature, 110 g)","Burrito, chicken, with beans and rice, cheese (1 miniature, 110 g)",food,229.9,12.2,28.6,7.1,1.8,2.2
FNDDS-2021-2023-58102605,"Burrito, with beans, no cheese (1 miniature, 110 g)","Burrito, with beans, no cheese (1 miniature, 110 g)",food,206.8,8.2,33.9,4.3,1.9,5.6
FNDDS-2021-2023-58102610,"Burrito, with beans, cheese (1 miniature, 95 g)","Burrito, with beans, cheese (1 miniature, 95 g)",food,186.2,7.7,28.0,4.9,1.6,4.7
FNDDS-2021-2023-58102620,"Burrito, with beans and rice, cheese (1 miniature, 110 g)","Burrito, with beans and rice, cheese (1 miniature, 110 g)",food,222.2,7.6,35.4,5.4,1.7,3.5
FNDDS-2021-2023-58102630,"Burrito, meat, no cheese (1 miniature, 110 g)","Burrito, meat, no cheese (1 miniature, 110 g)",food,288.2,14.1,32.6,10.7,2.5,2.3
FNDDS-2021-2023-58102640,"Burrito, meat, with rice, no cheese (1 miniature, 110 g)","Burrito, meat, with rice, no cheese (1 miniature, 110 g)",food,246.4,10.8,32.6,7.6,1.7,1.8
FNDDS-2021-2023-58102650,"Burrito, meat, with beans, no cheese (1 miniature, 110 g)","Burrito, meat, with beans, no cheese (1 miniature, 110 g)",food,232.1,11.7,27.5,8.2,1.9,2.9
FNDDS-2021-2023-58102660,"Burrito, meat, with beans and rice, no cheese (1 miniature, 110 g)","Burrito, meat, with beans and rice, no cheese (1 miniature, 110 g)",food,239.8,11.2,30.0,7.9,1.8,2.3
FNDDS-2021-2023-58102680,"Burrito, cheese only (1 miniature, 75 g)","Burrito, cheese only (1 miniature, 75 g)",food,246.0,10.3,23.0,12.4,1.9,1.6
FNDDS-2021-2023-58102710,"Burrito bowl, beef or pork (1 item, any size, 225 g)","Burrito bowl, beef or pork (1 item, any size, 225 g)",food,479.2,45.0,0.6,31.9,0.2,0.0
FNDDS-2021-2023-58102720,"Burrito bowl, beef or pork, with rice (1 item, any size, 270 g)","Burrito bowl, beef or pork, with rice (1 item, any size, 270 g)",food,488.7,32.1,38.3,21.7,0.2,0.5
FNDDS-2021-2023-58102730,"Burrito bowl, beef or pork, with beans (1 item, any size, 270 g)","Burrito bowl, beef or pork, with beans (1 item, any size, 270 g)",food,434.7,35.4,18.7,24.1,0.9,4.9
FNDDS-2021-2023-58102740,"Burrito bowl, beef or pork, with beans and rice (1 item, any size, 315 g)","Burrito bowl, beef or pork, with beans and rice (1 item, any size, 315 g)",food,538.6,39.4,33.4,26.7,0.7,3.1
FNDDS-2021-2023-58102750,"Burrito bowl, chicken (1 item, any size, 225 g)","Burrito bowl, chicken (1 item, any size, 225 g)",food,362.2,47.2,0.6,18.2,0.2,0.0
FNDDS-2021-2023-58102760,"Burrito bowl, chicken, with rice (1 item, any size, 270 g)","Burrito bowl, chicken, with rice (1 item, any size, 270 g)",food,418.5,33.8,38.3,13.5,0.2,0.5
FNDDS-2021-2023-58102770,"Burrito bowl, chicken, with beans (1 item, any size, 270 g)","Burrito bowl, chicken, with beans (1 item, any size, 270 g)",food,364.5,36.7,18.7,15.8,0.9,4.9
FNDDS-2021-2023-58102780,"Burrito bowl, chicken, with beans and rice (1 item, any size, 315 g)","Burrito bowl, chicken, with beans and rice (1 item, any size, 315 g)",food,456.8,40.9,33.4,17.1,0.7,3.1
FNDDS-2021-2023-58102790,"Burrito bowl, with beans (1 item, any size, 225 g)","Burrito bowl, with beans (1 item, any size, 225 g)",food,290.2,18.1,38.9,7.7,1.0,12.8
FNDDS-2021-2023-58102810,"Enchilada, beef (1 enchilada, any size, 150 g)","Enchilada, beef (1 enchilada, any size, 150 g)",food,286.5,14.6,21.9,15.8,1.2,3.4
FNDDS-2021-2023-58102820,"Enchilada, pork (1 enchilada, any size, 150 g)","Enchilada, pork (1 enchilada, any size, 150 g)",food,288.0,14.3,21.9,16.0,1.2,3.4
FNDDS-2021-2023-58102830,"Enchilada, chicken (1 enchilada, any size, 150 g)","Enchilada, chicken (1 enchilada, any size, 150 g)",food,267.0,15.0,21.9,13.5,1.2,3.4
FNDDS-2021-2023-58102840,"Enchilada, no meat (1 enchilada, any size, 150 g)","Enchilada, no meat (1 enchilada, any size, 150 g)",food,247.5,9.6,26.0,12.3,1.4,4.7
FNDDS-2021-2023-58103120,"Tamale, beef (1 item, any size, 140 g)","Tamale, beef (1 item, any size, 140 g)",food,243.6,10.3,22.1,12.7,0.6,3.4
FNDDS-2021-2023-58103125,"Tamale, pork (1 item, any size, 140 g)","Tamale, pork (1 item, any size, 140 g)",food,243.6,10.3,22.1,12.7,0.6,3.4
FNDDS-2021-2023-58103130,"Tamale, chicken (1 item, any size, 140 g)","Tamale, chicken (1 item, any size, 140 g)",food,243.6,10.3,22.1,12.7,0.6,3.4
FNDDS-2021-2023-58103250,"Tamale, no meat (1 item, any size, 140 g)","Tamale, no meat (1 item, any size, 140 g)",food,260.4,4.9,37.4,10.1,10.4,4.5
FNDDS-2021-2023-58103310,"Tamale casserole with meat (1 cup, 250 g)","Tamale casserole with meat (1 cup, 250 g)",food,435.0,18.4,39.5,22.6,1.2,6.0
FNDDS-2021-2023-58104120,"Nachos, cheese only (1 chip, 7 g)","Nachos, cheese only (1 chip, 7 g)",food,18.6,0.3,1.9,1.1,0.0,0.1
FNDDS-2021-2023-58104130,"Nachos, beef or pork (1 chip, 7 g)","Nachos, beef or pork (1 chip, 7 g)",food,18.6,0.7,1.4,1.1,0.0,0.1
FNDDS-2021-2023-58104135,"Nachos, beef or pork, with beans (1 chip, 7 g)","Nachos, beef or pork, with beans (1 chip, 7 g)",food,15.4,0.6,1.3,0.9,0.0,0.1
FNDDS-2021-2023-58104150,"Nachos, chicken (1 chip, 7 g)","Nachos, chicken (1 chip, 7 g)",food,16.9,0.8,1.4,0.9,0.0,0.1
FNDDS-2021-2023-58104165,"Nachos, chicken, with beans (1 chip, 7 g)","Nachos, chicken, with beans (1 chip, 7 g)",food,14.2,0.7,1.3,0.7,0.0,0.1
FNDDS-2021-2023-58104170,"Nachos, with beans (1 chip, 7 g)","Nachos, with beans (1 chip, 7 g)",food,14.7,0.3,1.6,0.8,0.0,0.2
FNDDS-2021-2023-58104255,"Gordita, cheese only (1 item, any size, 125 g)","Gordita, cheese only (1 item, any size, 125 g)",food,405.0,13.2,28.0,27.0,0.9,2.1
FNDDS-2021-2023-58104260,"Gordita, with beans (1 item, any size, 175 g)","Gordita, with beans (1 item, any size, 175 g)",food,362.2,10.2,35.4,20.7,1.1,5.1
FNDDS-2021-2023-58104290,"Gordita, meat (1 item, any size, 175 g)","Gordita, meat (1 item, any size, 175 g)",food,518.0,29.8,22.9,33.9,0.6,1.8
FNDDS-2021-2023-58104295,"Gordita, meat, with beans (1 item, any size, 175 g)","Gordita, meat, with beans (1 item, any size, 175 g)",food,441.0,19.9,29.1,27.3,0.8,3.5
FNDDS-2021-2023-58104500,"Chimichanga, meat (1 item, any size, 190 g)","Chimichanga, meat (1 item, any size, 190 g)",food,615.6,23.0,49.0,35.7,3.7,3.4
FNDDS-2021-2023-58104520,"Chimichanga, with beans (1 item, any size, 190 g)","Chimichanga, with beans (1 item, any size, 190 g)",food,494.0,14.0,50.9,26.2,2.9,8.4
FNDDS-2021-2023-58104530,"Chimichanga, chicken (1 item, any size, 190 g)","Chimichanga, chicken (1 item, any size, 190 g)",food,577.6,23.8,49.0,31.2,3.7,3.4
FNDDS-2021-2023-58104710,"Quesadilla, cheese only (1 full circle, 120 g)","Quesadilla, cheese only (1 full circle, 120 g)",food,379.2,16.1,34.3,19.4,2.9,2.4
FNDDS-2021-2023-58104730,"Quesadilla, beef or pork (1 full circle, 140 g)","Quesadilla, beef or pork (1 full circle, 140 g)",food,427.0,19.7,38.2,21.1,3.0,2.7
FNDDS-2021-2023-58104740,"Quesadilla, chicken (1 full circle, 140 g)","Quesadilla, chicken (1 full circle, 140 g)",food,401.8,20.2,38.2,18.2,3.0,2.7
FNDDS-2021-2023-58104750,"Quesadilla, with vegetables (1 full circle, 140 g)","Quesadilla, with vegetables (1 full circle, 140 g)",food,354.2,11.4,40.9,15.8,4.3,3.1
FNDDS-2021-2023-58104760,"Quesadilla, beef or pork, with vegetables (1 full circle, 160 g)","Quesadilla, beef or pork, with vegetables (1 full circle, 160 g)",food,446.4,17.8,45.1,21.1,4.2,3.4
FNDDS-2021-2023-58104770,"Quesadilla, chicken, with vegetables (1 full circle, 160 g)","Quesadilla, chicken, with vegetables (1 full circle, 160 g)",food,432.0,18.1,45.1,19.4,4.2,3.4
FNDDS-2021-2023-58104780,"Quesadilla, egg (1 full circle, 140 g)","Quesadilla, egg (1 full circle, 140 g)",food,348.6,15.3,28.1,19.2,2.4,2.0
FNDDS-2021-2023-58104790,"Quesadilla, egg, with meat (1 full circle, 140 g)","Quesadilla, egg, with meat (1 full circle, 140 g)",food,348.6,16.0,26.7,19.5,2.4,1.8
FNDDS-2021-2023-58104800,"Taquito, cheese only (1 miniature taquito, 35 g)","Taquito, cheese only (1 miniature taquito, 35 g)",food,108.1,3.9,11.3,5.4,0.6,1.2
FNDDS-2021-2023-58104825,"Taquito, beef or pork (1 miniature taquito, 35 g)","Taquito, beef or pork (1 miniature taquito, 35 g)",food,100.4,4.3,11.1,4.4,0.6,1.2
FNDDS-2021-2023-58104835,"Taquito, chicken (1 miniature taquito, 35 g)","Taquito, chicken (1 miniature taquito, 35 g)",food,94.1,4.4,11.1,3.6,0.6,1.2
FNDDS-2021-2023-58104900,"Taquito, egg (1 miniature taquito, 35 g)","Taquito, egg (1 miniature taquito, 35 g)",food,98.3,3.5,10.2,4.8,0.8,0.7
FNDDS-2021-2023-58105000,"Fajita, chicken (1 fajita, 95 g)","Fajita, chicken (1 fajita, 95 g)",food,195.7,10.7,17.1,9.3,2.3,1.4
FNDDS-2021-2023-58105050,"Fajita, beef or pork (1 fajita, 95 g)","Fajita, beef or pork (1 fajita, 95 g)",food,219.4,11.5,17.1,11.6,2.3,1.4
FNDDS-2021-2023-58105060,"Fajita, shrimp (1 fajita, 95 g)","Fajita, shrimp (1 fajita, 95 g)",food,179.5,7.9,17.5,8.5,2.3,1.4
FNDDS-2021-2023-58105075,"Fajita, vegetable (1 fajita, 95 g)","Fajita, vegetable (1 fajita, 95 g)",food,157.7,3.1,19.4,7.4,3.5,1.9
FNDDS-2021-2023-58105100,"Pupusa, cheese only (1 item, any size, 100 g)","Pupusa, cheese only (1 item, any size, 100 g)",food,256.0,11.7,22.4,13.2,1.2,2.9
FNDDS-2021-2023-58105105,"Pupusa, with beans (1 item, any size, 130 g)","Pupusa, with beans (1 item, any size, 130 g)",food,297.7,7.3,41.0,11.7,1.7,7.5
FNDDS-2021-2023-58105110,"Pupusa, meat (1 item, any size, 130 g)","Pupusa, meat (1 item, any size, 130 g)",food,301.6,15.0,29.9,13.5,1.9,3.4
FNDDS-2021-2023-58105120,"Pupusa, meat, with beans (1 item, any size, 130 g)","Pupusa, meat, with beans (1 item, any size, 130 g)",food,299.0,11.1,35.5,12.6,1.8,5.5
FNDDS-2021-2023-58106200,"Pizza, cheese, from frozen, thin crust (1 piece, NFS, 97 g)","Pizza, cheese, from frozen, thin crust (1 piece, NFS, 97 g)",food,255.1,11.5,27.9,10.8,3.6,2.9
FNDDS-2021-2023-58106205,"Pizza, cheese, from frozen, thick crust (1 piece, NFS, 133 g)","Pizza, cheese, from frozen, thick crust (1 piece, NFS, 133 g)",food,356.4,13.8,38.6,16.4,4.7,2.9
FNDDS-2021-2023-58106220,"Pizza, cheese, from restaurant or fast food, thin crust (1 piece, NFS, 86 g)","Pizza, cheese, from restaurant or fast food, thin crust (1 piece, NFS, 86 g)",food,228.8,9.8,28.6,8.3,3.1,2.0
FNDDS-2021-2023-58106225,"Pizza, cheese, from restaurant or fast food, medium crust (1 piece, NFS, 119 g)","Pizza, cheese, from restaurant or fast food, medium crust (1 piece, NFS, 119 g)",food,316.5,13.6,39.6,11.5,4.3,2.7
FNDDS-2021-2023-58106230,"Pizza, cheese, from restaurant or fast food, thick crust (1 piece, NFS, 132 g)","Pizza, cheese, from restaurant or fast food, thick crust (1 piece, NFS, 132 g)",food,357.7,14.3,43.8,13.9,4.4,2.9
FNDDS-2021-2023-58106233,"Pizza, cheese, stuffed crust (1 piece, NFS, 148 g)","Pizza, cheese, stuffed crust (1 piece, NFS, 148 g)",food,405.5,18.1,44.4,17.2,4.3,2.5
FNDDS-2021-2023-58106234,"Pizza, cheese, from school lunch, medium crust (1 piece, NFS, 147 g)","Pizza, cheese, from school lunch, medium crust (1 piece, NFS, 147 g)",food,367.5,20.1,43.7,12.6,8.9,5.0
FNDDS-2021-2023-58106235,"Pizza, cheese, from school lunch, thin crust (1 piece, NFS, 142 g)","Pizza, cheese, from school lunch, thin crust (1 piece, NFS, 142 g)",food,350.7,18.0,44.4,11.2,10.1,5.7
FNDDS-2021-2023-58106236,"Pizza, cheese, from school lunch, thick crust (1 piece, NFS, 158 g)","Pizza, cheese, from school lunch, thick crust (1 piece, NFS, 158 g)",food,401.3,23.1,44.4,14.6,7.9,4.6
FNDDS-2021-2023-58106250,"Pizza, extra cheese, thin crust (1 piece, NFS, 92 g)","Pizza, extra cheese, thin crust (1 piece, NFS, 92 g)",food,246.6,11.1,29.2,9.5,3.2,2.0
FNDDS-2021-2023-58106260,"Pizza, extra cheese, thick crust (1 piece, NFS, 141 g)","Pizza, extra cheese, thick crust (1 piece, NFS, 141 g)",food,383.5,16.1,44.8,15.5,4.6,3.0
FNDDS-2021-2023-58106300,"Pizza, cheese, with vegetables, from frozen, thin crust (1 piece, NFS, 109 g)","Pizza, cheese, with vegetables, from frozen, thin crust (1 piece, NFS, 109 g)",food,261.6,10.1,28.9,11.8,3.9,2.3
FNDDS-2021-2023-58106305,"Pizza, cheese with vegetables, from frozen, thick crust (1 piece, NFS, 143 g)","Pizza, cheese with vegetables, from frozen, thick crust (1 piece, NFS, 143 g)",food,361.8,14.0,39.6,16.4,5.1,3.0
FNDDS-2021-2023-58106320,"Pizza, cheese, with vegetables, from restaurant or fast food, thin crust (1 piece, NFS, 100 g)","Pizza, cheese, with vegetables, from restaurant or fast food, thin crust (1 piece, NFS, 100 g)",food,234.0,10.0,29.9,8.4,3.6,2.2
FNDDS-2021-2023-58106325,"Pizza, cheese, with vegetables, from restaurant or fast food, medium crust (1 piece, NFS, 133 g)","Pizza, cheese, with vegetables, from restaurant or fast food, medium crust (1 piece, NFS, 133 g)",food,321.9,13.7,40.8,11.6,4.8,2.9
FNDDS-2021-2023-58106330,"Pizza, cheese, with vegetables, from restaurant or fast food, thick crust (1 piece, NFS, 149 g)","Pizza, cheese, with vegetables, from restaurant or fast food, thick crust (1 piece, NFS, 149 g)",food,365.1,14.5,45.3,14.0,5.1,3.1
FNDDS-2021-2023-58106345,"Pizza with cheese and extra vegetables, thin crust (1 piece, NFS, 120 g)","Pizza with cheese and extra vegetables, thin crust (1 piece, NFS, 120 g)",food,249.6,10.4,31.2,9.4,4.0,2.5
FNDDS-2021-2023-58106347,"Pizza with cheese and extra vegetables, medium crust (1 piece, NFS, 152 g)","Pizza with cheese and extra vegetables, medium crust (1 piece, NFS, 152 g)",food,335.9,14.1,42.0,12.5,5.1,3.2
FNDDS-2021-2023-58106350,"Pizza with cheese and extra vegetables, thick crust (1 piece, NFS, 155 g)","Pizza with cheese and extra vegetables, thick crust (1 piece, NFS, 155 g)",food,372.0,14.7,45.6,14.7,5.0,3.3
FNDDS-2021-2023-58106358,"Pizza, cheese, with fruit, thin crust (1 piece, NFS, 104 g)","Pizza, cheese, with fruit, thin crust (1 piece, NFS, 104 g)",food,239.2,9.9,31.2,8.4,5.1,2.2
FNDDS-2021-2023-58106359,"Pizza, cheese, with fruit, medium crust (1 piece, NFS, 137 g)","Pizza, cheese, with fruit, medium crust (1 piece, NFS, 137 g)",food,327.4,13.6,42.2,11.6,6.3,2.9
FNDDS-2021-2023-58106360,"Pizza, cheese, with fruit, thick crust (1 piece, NFS, 150 g)","Pizza, cheese, with fruit, thick crust (1 piece, NFS, 150 g)",food,369.0,14.4,46.3,14.0,6.5,3.0
FNDDS-2021-2023-58106512,"Pizza with pepperoni, from frozen, thin crust (1 piece, NFS, 97 g)","Pizza with pepperoni, from frozen, thin crust (1 piece, NFS, 97 g)",food,265.8,11.8,26.7,12.3,3.4,2.8
FNDDS-2021-2023-58106514,"Pizza with pepperoni, from frozen, medium crust (1 piece, NFS, 102 g)","Pizza with pepperoni, from frozen, medium crust (1 piece, NFS, 102 g)",food,280.5,11.7,28.4,13.4,3.6,2.5
FNDDS-2021-2023-58106516,"Pizza with pepperoni, from frozen, thick crust (1 piece, NFS, 144 g)","Pizza with pepperoni, from frozen, thick crust (1 piece, NFS, 144 g)",food,397.4,15.4,40.5,19.3,5.0,3.0
FNDDS-2021-2023-58106550,"Pizza with pepperoni, from restaurant or fast food, thin crust (1 piece, NFS, 91 g)","Pizza with pepperoni, from restaurant or fast food, thin crust (1 piece, NFS, 91 g)",food,256.6,10.6,29.1,10.8,3.0,2.1
FNDDS-2021-2023-58106555,"Pizza with pepperoni, from restaurant or fast food,  medium crust (1 piece, NFS, 124 g)","Pizza with pepperoni, from restaurant or fast food,  medium crust (1 piece, NFS, 124 g)",food,349.7,14.5,39.7,14.8,4.0,2.9
FNDDS-2021-2023-58106560,"Pizza with pepperoni, from restaurant or fast food, thick crust (1 piece, NFS, 139 g)","Pizza with pepperoni, from restaurant or fast food, thick crust (1 piece, NFS, 139 g)",food,398.9,16.0,44.2,17.5,4.1,3.1
FNDDS-2021-2023-58106565,"Pizza with pepperoni, stuffed crust (1 piece, NFS, 164 g)","Pizza with pepperoni, stuffed crust (1 piece, NFS, 164 g)",food,485.4,21.2,44.6,24.6,4.3,2.5
FNDDS-2021-2023-58106570,"Pizza with pepperoni, from school lunch, thin crust (1 piece, NFS, 142 g)","Pizza with pepperoni, from school lunch, thin crust (1 piece, NFS, 142 g)",food,360.7,18.2,44.3,12.2,10.8,6.1
FNDDS-2021-2023-58106578,"Pizza, with pepperoni, from school lunch, medium crust (1 piece, NFS, 147 g)","Pizza, with pepperoni, from school lunch, medium crust (1 piece, NFS, 147 g)",food,376.3,20.0,43.8,13.6,8.6,6.3
FNDDS-2021-2023-58106580,"Pizza with pepperoni, from school lunch, thick crust (1 piece, NFS, 158 g)","Pizza with pepperoni, from school lunch, thick crust (1 piece, NFS, 158 g)",food,409.2,22.8,44.7,15.5,6.4,6.8
FNDDS-2021-2023-58106602,"Pizza with meat other than pepperoni, from frozen, thin crust (1 piece, NFS, 97 g)","Pizza with meat other than pepperoni, from frozen, thin crust (1 piece, NFS, 97 g)",food,259.0,11.9,26.2,11.7,3.5,2.7
FNDDS-2021-2023-58106604,"Pizza with meat other than pepperoni, from frozen, medium crust (1 piece, NFS, 102 g)","Pizza with meat other than pepperoni, from frozen, medium crust (1 piece, NFS, 102 g)",food,274.4,11.8,27.8,12.8,3.6,2.4
FNDDS-2021-2023-58106606,"Pizza with meat other than pepperoni, from frozen, thick crust (1 piece, NFS, 144 g)","Pizza with meat other than pepperoni, from frozen, thick crust (1 piece, NFS, 144 g)",food,388.8,15.6,39.9,18.7,5.0,3.0
FNDDS-2021-2023-58106620,"Pizza with meat other than pepperoni, from restaurant or fast food, thin crust (1 piece, NFS, 104 g)","Pizza with meat other than pepperoni, from restaurant or fast food, thin crust (1 piece, NFS, 104 g)",food,291.2,12.0,31.8,12.9,3.5,2.4
FNDDS-2021-2023-58106625,"Pizza with meat other than pepperoni, from restaurant or fast food, medium crust (1 piece, NFS, 138 g)","Pizza with meat other than pepperoni, from restaurant or fast food, medium crust (1 piece, NFS, 138 g)",food,386.4,15.9,42.2,17.1,4.6,3.2
FNDDS-2021-2023-58106630,"Pizza with meat other than pepperoni, from restaurant or fast food, thick crust (1 piece, NFS, 151 g)","Pizza with meat other than pepperoni, from restaurant or fast food, thick crust (1 piece, NFS, 151 g)",food,425.8,16.8,45.9,19.5,4.3,3.5
FNDDS-2021-2023-58106633,"Pizza, with meat other than pepperoni, stuffed crust (1 piece, NFS, 164 g)","Pizza, with meat other than pepperoni, stuffed crust (1 piece, NFS, 164 g)",food,455.9,21.0,44.8,21.3,4.5,2.5
FNDDS-2021-2023-58106634,"Pizza, with meat other than pepperoni, from school lunch, medium crust (1 piece, NFS, 147 g)","Pizza, with meat other than pepperoni, from school lunch, medium crust (1 piece, NFS, 147 g)",food,373.4,19.0,46.2,12.4,8.3,5.9
FNDDS-2021-2023-58106635,"Pizza, with meat other than pepperoni, from school lunch, thin crust (1 piece, NFS, 142 g)","Pizza, with meat other than pepperoni, from school lunch, thin crust (1 piece, NFS, 142 g)",food,355.0,17.9,45.7,11.1,10.7,5.5
FNDDS-2021-2023-58106636,"Pizza, with meat other than pepperoni, from school lunch, thick crust (1 piece, NFS, 158 g)","Pizza, with meat other than pepperoni, from school lunch, thick crust (1 piece, NFS, 158 g)",food,406.1,21.0,48.3,14.3,5.9,6.3
FNDDS-2021-2023-58106650,"Pizza with extra meat, thin crust (1 piece, NFS, 120 g)","Pizza with extra meat, thin crust (1 piece, NFS, 120 g)",food,332.4,17.6,29.0,16.1,3.2,2.0
FNDDS-2021-2023-58106655,"Pizza with extra meat, medium crust (1 piece, NFS, 150 g)","Pizza with extra meat, medium crust (1 piece, NFS, 150 g)",food,411.0,20.7,39.9,18.6,4.4,2.7
FNDDS-2021-2023-58106660,"Pizza with extra meat, thick crust (1 piece, NFS, 166 g)","Pizza with extra meat, thick crust (1 piece, NFS, 166 g)",food,461.5,22.1,44.2,21.6,4.5,3.0
FNDDS-2021-2023-58106700,"Pizza with meat and vegetables, from frozen, thin crust (1 piece, NFS, 103 g)","Pizza with meat and vegetables, from frozen, thin crust (1 piece, NFS, 103 g)",food,284.3,11.6,25.9,14.8,5.0,2.3
FNDDS-2021-2023-58106702,"Pizza with meat and vegetables, from frozen, medium crust (1 piece, NFS, 108 g)","Pizza with meat and vegetables, from frozen, medium crust (1 piece, NFS, 108 g)",food,298.1,12.2,27.1,15.6,5.2,2.4
FNDDS-2021-2023-58106705,"Pizza with meat and vegetables, from frozen, thick crust (1 piece, NFS, 155 g)","Pizza with meat and vegetables, from frozen, thick crust (1 piece, NFS, 155 g)",food,427.8,17.5,38.9,22.3,7.5,3.4
FNDDS-2021-2023-58106720,"Pizza with meat and vegetables, from restaurant or fast food, thin crust (1 piece, NFS, 113 g)","Pizza with meat and vegetables, from restaurant or fast food, thin crust (1 piece, NFS, 113 g)",food,272.3,13.1,30.1,11.2,3.7,2.1
FNDDS-2021-2023-58106725,"Pizza with meat and vegetables, from restaurant or fast food, medium crust (1 piece, NFS, 144 g)","Pizza with meat and vegetables, from restaurant or fast food, medium crust (1 piece, NFS, 144 g)",food,357.1,16.6,40.9,14.2,4.9,2.9
FNDDS-2021-2023-58106730,"Pizza with meat and vegetables, from restaurant or fast food, thick crust (1 piece, NFS, 149 g)","Pizza with meat and vegetables, from restaurant or fast food, thick crust (1 piece, NFS, 149 g)",food,385.9,16.2,44.8,15.6,4.8,3.0
FNDDS-2021-2023-58106736,"Pizza with extra meat and extra vegetables, thin crust (1 piece, NFS, 129 g)","Pizza with extra meat and extra vegetables, thin crust (1 piece, NFS, 129 g)",food,286.4,14.7,30.6,11.8,3.8,2.5
FNDDS-2021-2023-58106737,"Pizza with extra meat and extra vegetables, thick crust (1 piece, NFS, 173 g)","Pizza with extra meat and extra vegetables, thick crust (1 piece, NFS, 173 g)",food,413.5,19.0,45.7,17.2,5.1,3.3
FNDDS-2021-2023-58106738,"Pizza with extra meat and extra vegetables, medium crust (1 piece, NFS, 159 g)","Pizza with extra meat and extra vegetables, medium crust (1 piece, NFS, 159 g)",food,370.5,18.1,41.3,14.8,4.9,3.2
FNDDS-2021-2023-58106750,"Pizza with meat and fruit, thin crust (1 piece, NFS, 115 g)","Pizza with meat and fruit, thin crust (1 piece, NFS, 115 g)",food,261.0,12.5,31.0,9.6,4.7,2.1
FNDDS-2021-2023-58106755,"Pizza with meat and fruit, medium crust (1 piece, NFS, 150 g)","Pizza with meat and fruit, medium crust (1 piece, NFS, 150 g)",food,351.0,16.5,42.3,12.9,6.0,2.8
FNDDS-2021-2023-58106760,"Pizza with meat and fruit, thick crust (1 piece, NFS, 157 g)","Pizza with meat and fruit, thick crust (1 piece, NFS, 157 g)",food,384.7,16.6,45.7,15.0,5.8,3.0
FNDDS-2021-2023-58106820,"Pizza with beans and vegetables, thin crust (1 piece, NFS, 129 g)","Pizza with beans and vegetables, thin crust (1 piece, NFS, 129 g)",food,261.9,12.0,34.7,8.6,3.8,4.1
FNDDS-2021-2023-58106830,"Pizza with beans and vegetables, thick crust (1 piece, NFS, 173 g)","Pizza with beans and vegetables, thick crust (1 piece, NFS, 173 g)",food,389.2,16.4,49.5,14.2,5.1,4.8
FNDDS-2021-2023-58107050,"Pizza, no cheese, thin crust (1 piece, NFS, 75 g)","Pizza, no cheese, thin crust (1 piece, NFS, 75 g)",food,207.0,5.6,23.2,10.3,3.8,1.4
FNDDS-2021-2023-58107100,"Pizza, no cheese, thick crust (1 piece, NFS, 124 g)","Pizza, no cheese, thick crust (1 piece, NFS, 124 g)",food,363.3,9.4,47.5,15.3,6.8,2.4
FNDDS-2021-2023-58107205,"White pizza, cheese, thin crust (1 piece, NFS, 92 g)","White pizza, cheese, thin crust (1 piece, NFS, 92 g)",food,262.2,11.4,25.4,12.6,2.7,1.0
FNDDS-2021-2023-58107207,"White pizza, cheese, thick crust (1 piece, NFS, 141 g)","White pizza, cheese, thick crust (1 piece, NFS, 141 g)",food,394.8,16.6,44.8,16.1,4.7,1.8
FNDDS-2021-2023-58107212,"White pizza, cheese, with vegetables, thin crust (1 piece, NFS, 106 g)","White pizza, cheese, with vegetables, thin crust (1 piece, NFS, 106 g)",food,255.5,10.7,25.0,12.4,3.1,1.3
FNDDS-2021-2023-58107214,"White pizza, cheese, with vegetables, thick crust (1 piece, NFS, 155 g)","White pizza, cheese, with vegetables, thick crust (1 piece, NFS, 155 g)",food,378.2,15.5,43.1,15.7,5.0,2.0
FNDDS-2021-2023-58107222,"White pizza, cheese, with meat, thin crust (1 piece, NFS, 100 g)","White pizza, cheese, with meat, thin crust (1 piece, NFS, 100 g)",food,304.0,13.6,22.8,17.4,2.6,0.9
FNDDS-2021-2023-58107224,"White pizza, cheese, with meat, thick crust (1 piece, NFS, 154 g)","White pizza, cheese, with meat, thick crust (1 piece, NFS, 154 g)",food,455.8,19.7,41.9,22.8,4.5,1.7
FNDDS-2021-2023-58107232,"White pizza, cheese, with meat and vegetables, thin crust (1 piece, NFS, 118 g)","White pizza, cheese, with meat and vegetables, thin crust (1 piece, NFS, 118 g)",food,321.0,14.3,24.9,18.1,3.2,1.2
FNDDS-2021-2023-58107234,"White pizza, cheese, with meat and vegetables, thick crust (1 piece, NFS, 155 g)","White pizza, cheese, with meat and vegetables, thick crust (1 piece, NFS, 155 g)",food,418.5,18.1,39.2,20.6,4.7,1.7
FNDDS-2021-2023-58108000,"Calzone, with cheese, meatless (1 calzone or stromboli, 424 g)","Calzone, with cheese, meatless (1 calzone or stromboli, 424 g)",food,1649.4,74.6,125.1,95.4,1.5,5.5
FNDDS-2021-2023-58108010,"Calzone, with meat and cheese (1 calzone or stromboli, 424 g)","Calzone, with meat and cheese (1 calzone or stromboli, 424 g)",food,1454.3,62.8,132.7,75.0,2.5,5.9
FNDDS-2021-2023-58108050,"Pizza rolls (1 cup, 119 g)","Pizza rolls (1 cup, 119 g)",food,410.5,10.9,63.5,12.5,4.7,1.5
FNDDS-2021-2023-58109015,"Pizza, cheese, whole wheat thin crust (1 piece, NFS, 119 g)","Pizza, cheese, whole wheat thin crust (1 piece, NFS, 119 g)",food,317.7,14.0,34.0,14.8,4.3,4.2
FNDDS-2021-2023-58109020,"Pizza, cheese, whole wheat thick crust (1 piece, NFS, 132 g)","Pizza, cheese, whole wheat thick crust (1 piece, NFS, 132 g)",food,349.8,15.0,43.6,13.7,5.0,5.1
FNDDS-2021-2023-58109030,"Pizza, with meat, whole wheat thin crust (1 piece, NFS, 124 g)","Pizza, with meat, whole wheat thin crust (1 piece, NFS, 124 g)",food,358.4,16.1,29.3,20.3,3.8,3.6
FNDDS-2021-2023-58109040,"Pizza, with meat, whole wheat thick crust (1 piece, NFS, 139 g)","Pizza, with meat, whole wheat thick crust (1 piece, NFS, 139 g)",food,394.8,17.4,39.1,19.5,4.6,4.6
FNDDS-2021-2023-58109050,"Pizza, cheese and vegetables, whole wheat thin crust (1 piece, NFS, 133 g)","Pizza, cheese and vegetables, whole wheat thin crust (1 piece, NFS, 133 g)",food,300.6,12.8,32.5,14.1,4.5,4.1
FNDDS-2021-2023-58109060,"Pizza, cheese and vegetables, whole wheat thick crust (1 piece, NFS, 149 g)","Pizza, cheese and vegetables, whole wheat thick crust (1 piece, NFS, 149 g)",food,344.2,14.4,42.8,13.8,5.3,5.2
FNDDS-2021-2023-58109100,"Pizza, cheese, gluten-free thin crust (1 piece, NFS, 119 g)","Pizza, cheese, gluten-free thin crust (1 piece, NFS, 119 g)",food,314.2,10.4,31.5,16.2,3.8,3.0
FNDDS-2021-2023-58109110,"Pizza, cheese, gluten-free thick crust (1 piece, NFS, 132 g)","Pizza, cheese, gluten-free thick crust (1 piece, NFS, 132 g)",food,344.5,10.3,40.3,15.7,4.3,3.8
FNDDS-2021-2023-58109120,"Pizza, with meat, gluten-free thin crust (1 piece, NFS, 124 g)","Pizza, with meat, gluten-free thin crust (1 piece, NFS, 124 g)",food,355.9,13.1,27.2,21.6,3.4,2.6
FNDDS-2021-2023-58109130,"Pizza, with meat, gluten-free thick crust (1 piece, NFS, 139 g)","Pizza, with meat, gluten-free thick crust (1 piece, NFS, 139 g)",food,389.2,13.2,36.3,21.1,4.0,3.5
FNDDS-2021-2023-58109140,"Pizza, cheese and vegetables, gluten-free thin crust (1 piece, NFS, 133 g)","Pizza, cheese and vegetables, gluten-free thin crust (1 piece, NFS, 133 g)",food,296.6,9.5,30.2,15.4,4.1,3.1
FNDDS-2021-2023-58109150,"Pizza, cheese and vegetables, gluten-free thick crust (1 piece, NFS, 149 g)","Pizza, cheese and vegetables, gluten-free thick crust (1 piece, NFS, 149 g)",food,339.7,10.0,39.8,15.6,4.7,4.0
FNDDS-2021-2023-58109210,"Breakfast pizza with egg (1 piece, NFS, 144 g)","Breakfast pizza with egg (1 piece, NFS, 144 g)",food,420.5,20.2,36.9,20.9,4.1,1.6
FNDDS-2021-2023-58110110,"Egg roll, meatless (1 miniature egg roll, 13 g)","Egg roll, meatless (1 miniature egg roll, 13 g)",food,35.1,0.7,3.9,1.8,0.7,0.3
FNDDS-2021-2023-58110120,"Egg roll, with shrimp (1 miniature egg roll, 13 g)","Egg roll, with shrimp (1 miniature egg roll, 13 g)",food,33.5,0.9,3.5,1.8,0.7,0.3
FNDDS-2021-2023-58110130,"Egg roll, with beef and/or pork (1 miniature roll, 13 g)","Egg roll, with beef and/or pork (1 miniature roll, 13 g)",food,35.4,1.0,3.5,1.9,0.7,0.3
FNDDS-2021-2023-58110170,"Egg roll, with chicken or turkey (1 miniature egg roll, 13 g)","Egg roll, with chicken or turkey (1 miniature egg roll, 13 g)",food,34.6,1.0,3.5,1.8,0.7,0.3
FNDDS-2021-2023-58110200,"Roll with meat and/or shrimp, vegetables and rice paper, not fried (1 roll (4-1/4"" x 1-1/2"" dia), 71 g)","Roll with meat and/or shrimp, vegetables and rice paper, not fried (1 roll (4-1/4"" x 1-1/2"" dia), 71 g)",food,79.5,4.0,12.2,1.9,2.8,1.3
FNDDS-2021-2023-58111110,"Wonton, dumpling or pot sticker, fried (1 item, any size, 25 g)","Wonton, dumpling or pot sticker, fried (1 item, any size, 25 g)",food,48.0,2.2,3.5,2.8,0.7,0.4
FNDDS-2021-2023-58111120,"Wonton, dumpling or pot sticker, fried, no meat (1 item, any size, 25 g)","Wonton, dumpling or pot sticker, fried, no meat (1 item, any size, 25 g)",food,48.0,2.2,3.5,2.8,0.7,0.4
FNDDS-2021-2023-58111200,"Puffs, fried, crab meat and cream cheese filled (1 puff, 23 g)","Puffs, fried, crab meat and cream cheese filled (1 puff, 23 g)",food,72.2,2.2,8.1,3.5,0.8,0.3
FNDDS-2021-2023-58112510,"Wonton, dumpling or pot sticker, steamed (1 item, any size, 25 g)","Wonton, dumpling or pot sticker, steamed (1 item, any size, 25 g)",food,28.2,1.7,2.8,1.1,0.6,0.3
FNDDS-2021-2023-58116115,"Empanada, no meat (1 small/individual, 35 g)","Empanada, no meat (1 small/individual, 35 g)",food,92.8,2.0,11.0,4.6,0.9,1.2
FNDDS-2021-2023-58116117,"Empanada, beef (1 small/individual, 35 g)","Empanada, beef (1 small/individual, 35 g)",food,116.5,4.2,9.6,6.7,0.7,0.6
FNDDS-2021-2023-58116120,"Empanada, beef, with vegetables (1 small/individual, 35 g)","Empanada, beef, with vegetables (1 small/individual, 35 g)",food,101.8,2.5,10.5,5.6,1.0,0.7
FNDDS-2021-2023-58116125,"Empanada, chicken (1 small/individual, 35 g)","Empanada, chicken (1 small/individual, 35 g)",food,108.1,4.4,9.6,5.8,0.7,0.6
FNDDS-2021-2023-58116130,"Empanada, chicken, with vegetables (1 small/individual, 35 g)","Empanada, chicken, with vegetables (1 small/individual, 35 g)",food,99.0,2.6,10.5,5.3,1.0,0.7
FNDDS-2021-2023-58117210,"Cornmeal stick, Puerto Rican style (1 stick (3"" x 3/4""), 20 g)","Cornmeal stick, Puerto Rican style (1 stick (3"" x 3/4""), 20 g)",food,83.0,1.4,9.7,4.2,0.2,0.5
FNDDS-2021-2023-58117310,"Kibby, Puerto Rican style (1 fritter (3"" x 3"" x 1/2""), 55 g)","Kibby, Puerto Rican style (1 fritter (3"" x 3"" x 1/2""), 55 g)",food,92.4,4.8,9.9,4.0,0.4,1.7
FNDDS-2021-2023-58117410,"Bacalaitos fritos (1 fritter, 35 g)","Bacalaitos fritos (1 fritter, 35 g)",food,98.3,5.0,12.6,3.0,0.0,0.4
FNDDS-2021-2023-58117510,"Hayacas, Puerto Rican style (1 hallaca (5-3/4"" x 2-1/2"" x 1/2""), 95 g)","Hayacas, Puerto Rican style (1 hallaca (5-3/4"" x 2-1/2"" x 1/2""), 95 g)",food,149.2,5.5,8.9,10.3,3.2,1.0
FNDDS-2021-2023-58120110,"Crepe, with meat (1 crepe with filling, any size, 155 g)","Crepe, with meat (1 crepe with filling, any size, 155 g)",food,268.2,20.0,12.0,15.7,2.5,0.5
FNDDS-2021-2023-58121610,"Pierogi (1 item, any size, 40 g)","Pierogi (1 item, any size, 40 g)",food,78.0,2.1,11.8,2.5,0.7,0.4
FNDDS-2021-2023-58122210,"Gnocchi, cheese (1 cup, 70 g)","Gnocchi, cheese (1 cup, 70 g)",food,124.6,6.0,6.6,8.4,0.1,0.1
FNDDS-2021-2023-58122220,"Gnocchi, potato (1 cup, 188 g)","Gnocchi, potato (1 cup, 188 g)",food,253.8,4.6,32.3,11.9,1.9,1.9
FNDDS-2021-2023-58122320,"Knish (1 item, any size, 60 g)","Knish (1 item, any size, 60 g)",food,207.0,6.3,19.1,11.8,0.6,0.7
FNDDS-2021-2023-58123110,"Bao bun (1 item, any size, 100 g)","Bao bun (1 item, any size, 100 g)",food,273.0,11.2,39.8,7.6,5.9,1.2
FNDDS-2021-2023-58123120,"Bao bun, no meat (1 item, any size, 100 g)","Bao bun, no meat (1 item, any size, 100 g)",food,268.0,6.7,54.3,2.9,22.3,3.4
FNDDS-2021-2023-58124210,"Pastry, cheese-filled (1 pastry, 28 g)","Pastry, cheese-filled (1 pastry, 28 g)",dessert,76.7,2.8,4.3,5.4,0.6,0.1
FNDDS-2021-2023-58124220,"Pastry, egg and cheese filled (1 kolache, 142 g)","Pastry, egg and cheese filled (1 kolache, 142 g)",food,495.6,11.9,62.2,22.3,8.8,2.3
FNDDS-2021-2023-58124230,"Pastry, meat / poultry-filled (1 kolache, 85 g)","Pastry, meat / poultry-filled (1 kolache, 85 g)",food,289.8,9.8,26.3,16.3,3.9,0.9
FNDDS-2021-2023-58124250,"Spanakopita (1 small/individual, 30 g)","Spanakopita (1 small/individual, 30 g)",food,63.6,2.5,3.1,4.6,0.2,0.3
FNDDS-2021-2023-58124500,"Samosa (1 small/individual, 25 g)","Samosa (1 small/individual, 25 g)",food,77.5,1.3,8.3,4.4,0.3,0.5
FNDDS-2021-2023-58125110,"Quiche with meat, poultry or fish (1 piece (1/8 of 9"" dia), 192 g)","Quiche with meat, poultry or fish (1 piece (1/8 of 9"" dia), 192 g)",food,743.0,29.8,23.2,58.8,3.7,1.3
FNDDS-2021-2023-58125120,"Spinach quiche, meatless (1 piece (1/8 of 9"" dia), 143 g)","Spinach quiche, meatless (1 piece (1/8 of 9"" dia), 143 g)",food,427.6,14.7,16.7,33.6,2.7,1.4
FNDDS-2021-2023-58125180,"Cheese quiche, meatless (1 piece (1/8 of 9"" dia), 192 g)","Cheese quiche, meatless (1 piece (1/8 of 9"" dia), 192 g)",food,700.8,22.8,26.3,56.1,4.2,1.5
FNDDS-2021-2023-58126105,"Turnover or hot pocket, meatless (1 small/individual, 35 g)","Turnover or hot pocket, meatless (1 small/individual, 35 g)",food,69.3,1.8,9.4,2.7,1.1,0.6
FNDDS-2021-2023-58126125,"Turnover or hot pocket, beef (1 small/individual, 35 g)","Turnover or hot pocket, beef (1 small/individual, 35 g)",food,81.5,3.6,8.6,3.6,0.9,0.5
FNDDS-2021-2023-58126130,"Turnover or hot pocket, ham (1 small/individual, 35 g)","Turnover or hot pocket, ham (1 small/individual, 35 g)",food,89.6,3.3,9.7,4.1,1.1,0.5
FNDDS-2021-2023-58126150,"Turnover or hot pocket, pizza pocket, meat (1 small/individual, 35 g)","Turnover or hot pocket, pizza pocket, meat (1 small/individual, 35 g)",food,91.0,3.6,9.8,4.2,1.4,0.6
FNDDS-2021-2023-58126160,"Turnover or hot pocket, pizza pocket (1 small/individual, 35 g)","Turnover or hot pocket, pizza pocket (1 small/individual, 35 g)",food,85.4,3.4,10.4,3.4,1.5,0.6
FNDDS-2021-2023-58126270,"Turnover or hot pocket, chicken (1 small/individual, 35 g)","Turnover or hot pocket, chicken (1 small/individual, 35 g)",food,75.2,3.7,8.6,2.9,0.9,0.5
FNDDS-2021-2023-58126275,"Turnover, seafood (1 small/individual, 35 g)","Turnover, seafood (1 small/individual, 35 g)",food,72.4,3.3,8.6,2.8,0.9,0.5
FNDDS-2021-2023-58126290,"Turnover or lean pocket (1 small/individual, 35 g)","Turnover or lean pocket (1 small/individual, 35 g)",food,72.8,3.7,8.5,2.6,1.0,0.5
FNDDS-2021-2023-58126400,"Turnover or breakfast pocket, egg (1 small/individual, 35 g)","Turnover or breakfast pocket, egg (1 small/individual, 35 g)",food,92.8,3.5,10.8,4.0,1.1,0.5
FNDDS-2021-2023-58128000,"Biscuit with gravy (1 biscuit with gravy, 220 g)","Biscuit with gravy (1 biscuit with gravy, 220 g)",food,492.8,13.6,37.4,32.3,8.5,1.8
FNDDS-2021-2023-58128110,"Chicken cornbread (1 piece (2-1/2"" x 2-1/2"" x 1-1/2""), 67 g)","Chicken cornbread (1 piece (2-1/2"" x 2-1/2"" x 1-1/2""), 67 g)",food,111.9,9.2,6.3,5.5,0.2,0.3
FNDDS-2021-2023-58128120,"Cornmeal dressing with chicken or turkey and vegetables (1 cup, 161 g)","Cornmeal dressing with chicken or turkey and vegetables (1 cup, 161 g)",food,381.6,12.2,31.1,23.2,5.6,1.9
FNDDS-2021-2023-58128210,"Dressing with oysters (1 cup, 161 g)","Dressing with oysters (1 cup, 161 g)",food,304.3,8.0,29.6,17.4,4.2,1.9
FNDDS-2021-2023-58128220,"Dressing with chicken or turkey and vegetables (1 cup, 161 g)","Dressing with chicken or turkey and vegetables (1 cup, 161 g)",food,349.4,13.2,33.8,18.0,4.4,2.3
FNDDS-2021-2023-58128250,"Dressing with meat and vegetables (1 cup, 161 g)","Dressing with meat and vegetables (1 cup, 161 g)",food,391.2,12.8,32.8,23.5,4.8,2.1
FNDDS-2021-2023-58130011,"Lasagna with meat (1 piece (1/6 of 8"" square, approx 2-1/2"" x 4""), 206 g)","Lasagna with meat (1 piece (1/6 of 8"" square, approx 2-1/2"" x 4""), 206 g)",food,286.3,15.3,33.4,10.2,6.9,3.3
FNDDS-2021-2023-58130013,"Lasagna with meat, canned (1 cup, 250 g)","Lasagna with meat, canned (1 cup, 250 g)",food,242.5,8.1,33.2,8.5,4.9,3.8
FNDDS-2021-2023-58130014,"Lasagna with meat, from restaurant (1 piece (1/6 of 8"" square, approx 2-1/2"" x 4""), 206 g)","Lasagna with meat, from restaurant (1 piece (1/6 of 8"" square, approx 2-1/2"" x 4""), 206 g)",food,381.1,22.2,23.5,22.0,6.5,3.1
FNDDS-2021-2023-58130015,"Lasagna with meat, home recipe (1 piece (1/6 of 8"" square, approx 2-1/2"" x 4""), 206 g)","Lasagna with meat, home recipe (1 piece (1/6 of 8"" square, approx 2-1/2"" x 4""), 206 g)",food,424.4,28.0,27.0,22.5,3.0,2.3
FNDDS-2021-2023-58130016,"Lasagna with meat, frozen (1 piece (1/6 of 8"" square, approx 2-1/2"" x 4""), 206 g)","Lasagna with meat, frozen (1 piece (1/6 of 8"" square, approx 2-1/2"" x 4""), 206 g)",food,255.4,13.7,29.7,9.1,6.1,2.9
FNDDS-2021-2023-58130020,"Lasagna with meat and spinach (1 piece (1/6 of 8"" square, approx 2-1/2"" x 4""), 206 g)","Lasagna with meat and spinach (1 piece (1/6 of 8"" square, approx 2-1/2"" x 4""), 206 g)",food,426.4,27.4,28.4,22.2,4.4,2.3
FNDDS-2021-2023-58130140,"Lasagna with chicken or turkey (1 piece (1/6 of 8"" square, approx 2-1/2"" x 4""), 206 g)","Lasagna with chicken or turkey (1 piece (1/6 of 8"" square, approx 2-1/2"" x 4""), 206 g)",food,422.3,28.2,28.8,21.4,4.5,2.1
FNDDS-2021-2023-58130150,"Lasagna, with chicken or turkey, and spinach (1 piece (1/6 of 8"" square, approx 2-1/2"" x 4""), 206 g)","Lasagna, with chicken or turkey, and spinach (1 piece (1/6 of 8"" square, approx 2-1/2"" x 4""), 206 g)",food,414.1,27.8,28.4,20.8,4.4,2.3
FNDDS-2021-2023-58130310,"Lasagna, meatless (1 piece (1/6 of 8"" square, approx 2-1/2"" x 4""), 227 g)","Lasagna, meatless (1 piece (1/6 of 8"" square, approx 2-1/2"" x 4""), 227 g)",food,295.1,14.8,31.3,12.1,9.6,3.9
FNDDS-2021-2023-58130320,"Lasagna, meatless, with vegetables (1 piece (1/6 of 8"" square, approx 2-1/2"" x 4""), 227 g)","Lasagna, meatless, with vegetables (1 piece (1/6 of 8"" square, approx 2-1/2"" x 4""), 227 g)",food,426.8,25.4,32.9,21.3,5.5,2.7
FNDDS-2021-2023-58131310,"Ravioli, meat-filled, no sauce (1 piece, 15 g)","Ravioli, meat-filled, no sauce (1 piece, 15 g)",food,28.5,1.9,2.7,1.1,0.0,0.1
FNDDS-2021-2023-58131320,"Ravioli, meat-filled, with tomato sauce or meat sauce (1 piece, 35 g)","Ravioli, meat-filled, with tomato sauce or meat sauce (1 piece, 35 g)",food,51.8,3.1,5.1,2.2,0.6,0.3
FNDDS-2021-2023-58131323,"Ravioli, meat-filled, with tomato sauce or meat sauce, canned (1 piece, 33 g)","Ravioli, meat-filled, with tomato sauce or meat sauce, canned (1 piece, 33 g)",food,32.0,1.1,4.4,1.1,0.7,0.5
FNDDS-2021-2023-58131330,"Ravioli, meat-filled, with cream sauce (1 piece, 35 g)","Ravioli, meat-filled, with cream sauce (1 piece, 35 g)",food,61.6,3.6,4.8,3.1,0.6,0.1
FNDDS-2021-2023-58131510,"Ravioli, cheese-filled, no sauce (1 piece, 15 g)","Ravioli, cheese-filled, no sauce (1 piece, 15 g)",food,25.9,1.1,3.3,0.9,0.0,0.1
FNDDS-2021-2023-58131520,"Ravioli, cheese-filled, with tomato sauce (1 piece, 38 g)","Ravioli, cheese-filled, with tomato sauce (1 piece, 38 g)",food,37.2,1.5,5.8,0.9,1.4,0.5
FNDDS-2021-2023-58131523,"Ravioli, cheese-filled, with tomato sauce, canned (1 piece, 25 g)","Ravioli, cheese-filled, with tomato sauce, canned (1 piece, 25 g)",food,19.2,0.6,3.4,0.4,0.9,0.3
FNDDS-2021-2023-58131530,"Ravioli, cheese-filled, with meat sauce (1 piece, 35 g)","Ravioli, cheese-filled, with meat sauce (1 piece, 35 g)",food,47.9,2.2,5.0,2.1,0.5,0.3
FNDDS-2021-2023-58131535,"Ravioli, cheese-filled, with cream sauce (1 piece, 38 g)","Ravioli, cheese-filled, with cream sauce (1 piece, 38 g)",food,60.8,2.3,6.2,3.0,0.7,0.2
FNDDS-2021-2023-58131590,"Ravioli, cheese and spinach-filled, no sauce (1 piece, 15 g)","Ravioli, cheese and spinach-filled, no sauce (1 piece, 15 g)",food,22.5,1.0,3.1,0.7,0.0,0.1
FNDDS-2021-2023-58131600,"Ravioli, cheese and spinach-filled, with cream sauce (1 piece, 38 g)","Ravioli, cheese and spinach-filled, with cream sauce (1 piece, 38 g)",food,55.1,2.1,6.0,2.6,0.7,0.3
FNDDS-2021-2023-58131610,"Ravioli, cheese and spinach filled, with tomato sauce (1 piece, 38 g)","Ravioli, cheese and spinach filled, with tomato sauce (1 piece, 38 g)",food,44.5,2.0,6.4,1.3,0.5,0.5
FNDDS-2021-2023-58133110,"Manicotti, cheese-filled, no sauce (1 manicotti, 127 g)","Manicotti, cheese-filled, no sauce (1 manicotti, 127 g)",food,262.9,13.2,25.9,11.8,0.6,0.8
FNDDS-2021-2023-58133120,"Manicotti, cheese-filled, with tomato sauce, meatless (1 manicotti, 143 g)","Manicotti, cheese-filled, with tomato sauce, meatless (1 manicotti, 143 g)",food,218.8,10.9,23.2,9.4,2.4,1.3
FNDDS-2021-2023-58133130,"Manicotti, cheese-filled, with meat sauce (1 manicotti, 143 g)","Manicotti, cheese-filled, with meat sauce (1 manicotti, 143 g)",food,228.8,12.6,21.6,10.4,2.2,1.1
FNDDS-2021-2023-58133140,"Manicotti, vegetable- and cheese-filled, with tomato sauce, meatless (1 manicotti, 143 g)","Manicotti, vegetable- and cheese-filled, with tomato sauce, meatless (1 manicotti, 143 g)",food,193.0,9.2,22.7,7.4,2.3,1.4
FNDDS-2021-2023-58134110,"Stuffed shells, cheese-filled, no sauce (1 shell (jumbo), 60 g)","Stuffed shells, cheese-filled, no sauce (1 shell (jumbo), 60 g)",food,123.0,6.0,13.3,5.1,0.3,0.4
FNDDS-2021-2023-58134120,"Stuffed shells, cheese-filled, with tomato sauce, meatless (1 shell (jumbo), 85 g)","Stuffed shells, cheese-filled, with tomato sauce, meatless (1 shell (jumbo), 85 g)",food,124.1,6.0,14.4,4.9,1.5,0.8
FNDDS-2021-2023-58134130,"Stuffed shells, cheese-filled, with meat sauce (1 shell (jumbo), 85 g)","Stuffed shells, cheese-filled, with meat sauce (1 shell (jumbo), 85 g)",food,134.3,7.2,14.1,5.6,1.7,0.8
FNDDS-2021-2023-58134160,"Stuffed shells, cheese- and spinach- filled, no sauce (1 shell (jumbo), 60 g)","Stuffed shells, cheese- and spinach- filled, no sauce (1 shell (jumbo), 60 g)",food,112.2,5.7,13.4,4.0,0.2,0.6
FNDDS-2021-2023-58134210,"Stuffed shells, with chicken, with tomato sauce (1 shell (jumbo), 83 g)","Stuffed shells, with chicken, with tomato sauce (1 shell (jumbo), 83 g)",food,112.9,9.0,13.5,2.8,1.7,0.9
FNDDS-2021-2023-58134310,"Stuffed shells, with fish and/or shellfish, with tomato sauce (1 shell (jumbo), 83 g)","Stuffed shells, with fish and/or shellfish, with tomato sauce (1 shell (jumbo), 83 g)",food,96.3,7.3,13.4,1.6,1.7,0.9
FNDDS-2021-2023-58134610,"Tortellini, meat-filled, with tomato sauce (1 cup, 210 g)","Tortellini, meat-filled, with tomato sauce (1 cup, 210 g)",food,281.4,13.9,33.2,10.3,2.7,2.1
FNDDS-2021-2023-58134613,"Tortellini, meat-filled, with tomato sauce, canned (1 cup, 233 g)","Tortellini, meat-filled, with tomato sauce, canned (1 cup, 233 g)",food,207.4,7.5,36.8,3.8,5.5,3.3
FNDDS-2021-2023-58134620,"Tortellini, cheese-filled, meatless, with tomato sauce (1 cup, 250 g)","Tortellini, cheese-filled, meatless, with tomato sauce (1 cup, 250 g)",food,372.5,15.4,57.5,9.1,7.4,4.0
FNDDS-2021-2023-58134623,"Tortellini, cheese-filled, meatless, with tomato sauce, canned (1 cup, 247 g)","Tortellini, cheese-filled, meatless, with tomato sauce, canned (1 cup, 247 g)",food,224.8,8.6,39.5,3.7,4.3,2.0
FNDDS-2021-2023-58134640,"Tortellini, cheese-filled, meatless, with vinaigrette dressing (1 cup, 169 g)","Tortellini, cheese-filled, meatless, with vinaigrette dressing (1 cup, 169 g)",food,326.2,10.5,31.8,17.6,0.9,1.0
FNDDS-2021-2023-58134650,"Tortellini, meat-filled, no sauce (1 cup, 190 g)","Tortellini, meat-filled, no sauce (1 cup, 190 g)",food,361.0,23.4,34.2,14.3,0.3,1.1
FNDDS-2021-2023-58134660,"Tortellini, cheese-filled, with cream sauce (1 cup, 250 g)","Tortellini, cheese-filled, with cream sauce (1 cup, 250 g)",food,382.5,14.6,41.8,17.5,4.1,1.2
FNDDS-2021-2023-58134680,"Tortellini, cheese-filled, no sauce (1 cup, 150 g)","Tortellini, cheese-filled, no sauce (1 cup, 150 g)",food,354.0,15.6,54.3,8.3,1.1,2.2
FNDDS-2021-2023-58134710,"Tortellini, spinach-filled, with tomato sauce (1 cup, 200 g)","Tortellini, spinach-filled, with tomato sauce (1 cup, 200 g)",food,242.0,9.0,32.2,8.7,2.6,2.4
FNDDS-2021-2023-58134720,"Tortellini, spinach-filled, no sauce (1 cup, 122 g)","Tortellini, spinach-filled, no sauce (1 cup, 122 g)",food,229.4,10.9,26.1,9.0,0.3,1.1
FNDDS-2021-2023-58134810,"Cannelloni, cheese- and spinach-filled, no sauce (1 cannelloni, 74 g)","Cannelloni, cheese- and spinach-filled, no sauce (1 cannelloni, 74 g)",food,116.2,4.7,13.6,4.8,0.6,0.8
FNDDS-2021-2023-58135110,"Chow fun noodles with meat and vegetables (1 cup, 152 g)","Chow fun noodles with meat and vegetables (1 cup, 152 g)",food,155.0,10.8,17.5,4.2,1.7,1.4
FNDDS-2021-2023-58135120,"Chow fun noodles with vegetables, meatless (1 cup, 152 g)","Chow fun noodles with vegetables, meatless (1 cup, 152 g)",food,112.5,2.4,22.0,1.5,2.1,1.7
FNDDS-2021-2023-58136120,"Lo mein, meatless (1 cup, 200 g)","Lo mein, meatless (1 cup, 200 g)",food,242.0,9.5,40.4,4.7,5.3,2.6
FNDDS-2021-2023-58136130,"Lo mein, with shrimp (1 cup, 200 g)","Lo mein, with shrimp (1 cup, 200 g)",food,242.0,17.1,32.4,4.4,4.2,2.0
FNDDS-2021-2023-58136140,"Lo mein, with pork (1 cup, 200 g)","Lo mein, with pork (1 cup, 200 g)",food,276.0,19.0,32.4,7.6,4.2,2.0
FNDDS-2021-2023-58136150,"Lo mein, with beef (1 cup, 200 g)","Lo mein, with beef (1 cup, 200 g)",food,258.0,19.5,32.4,5.5,4.2,2.0
FNDDS-2021-2023-58136160,"Lo mein, with chicken (1 cup, 200 g)","Lo mein, with chicken (1 cup, 200 g)",food,260.0,18.3,32.4,6.3,4.2,2.0
FNDDS-2021-2023-58137220,"Pad Thai, meatless (1 cup, 200 g)","Pad Thai, meatless (1 cup, 200 g)",food,330.0,11.6,32.6,18.4,9.3,3.6
FNDDS-2021-2023-58137230,"Pad Thai with chicken (1 cup, 200 g)","Pad Thai with chicken (1 cup, 200 g)",food,308.0,16.3,28.8,15.0,8.1,2.4
FNDDS-2021-2023-58137240,"Pad Thai with seafood (1 cup, 200 g)","Pad Thai with seafood (1 cup, 200 g)",food,294.0,13.7,30.0,13.6,8.4,2.4
FNDDS-2021-2023-58137250,"Pad Thai with meat (1 cup, 200 g)","Pad Thai with meat (1 cup, 200 g)",food,320.0,16.4,29.4,15.8,8.3,2.4
FNDDS-2021-2023-58137300,"Adobo, with noodles (1 cup, 224 g)","Adobo, with noodles (1 cup, 224 g)",food,385.3,37.9,18.2,17.2,0.1,0.9
FNDDS-2021-2023-58140310,"Macaroni with tuna, Puerto Rican style (1 cup, 225 g)","Macaroni with tuna, Puerto Rican style (1 cup, 225 g)",food,330.8,17.3,40.7,10.7,4.8,2.0
FNDDS-2021-2023-58145110,"Macaroni or noodles with cheese (1 cup, 230 g)","Macaroni or noodles with cheese (1 cup, 230 g)",food,512.9,20.0,53.1,24.1,5.6,2.8
FNDDS-2021-2023-58145111,"Macaroni or noodles with cheese, from restaurant (1 cup, 230 g)","Macaroni or noodles with cheese, from restaurant (1 cup, 230 g)",food,347.3,12.5,43.2,13.9,7.1,2.5
FNDDS-2021-2023-58145112,"Macaroni or noodles with cheese, made from packaged mix (1 cup, 230 g)","Macaroni or noodles with cheese, made from packaged mix (1 cup, 230 g)",food,411.7,10.7,51.1,18.5,7.9,2.3
FNDDS-2021-2023-58145113,"Macaroni or noodles with cheese, canned (1 cup, 230 g)","Macaroni or noodles with cheese, canned (1 cup, 230 g)",food,188.6,7.8,26.4,5.7,1.1,1.1
FNDDS-2021-2023-58145117,"Macaroni or noodles with cheese, Easy Mac type (1 cup, 230 g)","Macaroni or noodles with cheese, Easy Mac type (1 cup, 230 g)",food,253.0,7.5,46.2,4.3,5.4,1.1
FNDDS-2021-2023-58145119,"Macaroni or noodles with cheese, made from reduced fat packaged mix (1 cup, 230 g)","Macaroni or noodles with cheese, made from reduced fat packaged mix (1 cup, 230 g)",food,301.3,10.5,39.8,11.1,4.9,1.4
FNDDS-2021-2023-58145120,"Macaroni or noodles with cheese and tuna (1 cup, 230 g)","Macaroni or noodles with cheese and tuna (1 cup, 230 g)",food,377.2,17.5,41.9,15.6,6.5,1.8
FNDDS-2021-2023-58145135,"Macaroni or noodles with cheese and meat (1 cup, 230 g)","Macaroni or noodles with cheese and meat (1 cup, 230 g)",food,483.0,27.1,34.7,25.8,5.4,1.6
FNDDS-2021-2023-58145136,"Macaroni or noodles with cheese and meat, prepared from Hamburger Helper mix (1 cup, 230 g)","Macaroni or noodles with cheese and meat, prepared from Hamburger Helper mix (1 cup, 230 g)",food,331.2,19.0,23.7,17.5,5.4,0.7
FNDDS-2021-2023-58145140,"Macaroni or noodles with cheese and tomato (1 cup, 230 g)","Macaroni or noodles with cheese and tomato (1 cup, 230 g)",food,340.4,9.1,43.0,15.0,7.7,2.5
FNDDS-2021-2023-58145160,"Macaroni or noodles with cheese and frankfurters or hot dogs (1 cup, 230 g)","Macaroni or noodles with cheese and frankfurters or hot dogs (1 cup, 230 g)",food,480.7,14.2,43.0,28.1,7.1,1.8
FNDDS-2021-2023-58145170,"Macaroni or noodles with cheese and egg (1 cup, 230 g)","Macaroni or noodles with cheese and egg (1 cup, 230 g)",food,425.5,13.6,43.7,21.9,6.8,1.8
FNDDS-2021-2023-58145190,"Macaroni or noodles with cheese and chicken or turkey (1 cup, 230 g)","Macaroni or noodles with cheese and chicken or turkey (1 cup, 230 g)",food,409.4,28.7,34.0,17.5,5.3,1.6
FNDDS-2021-2023-58145300,"Macaroni or noodles with cheese, whole grain (1 cup, 230 g)","Macaroni or noodles with cheese, whole grain (1 cup, 230 g)",food,503.7,20.2,52.2,25.1,5.8,5.1
FNDDS-2021-2023-58146120,"Pasta with tomato-based sauce, cheese and meat (1 cannelloni, 86 g)","Pasta with tomato-based sauce, cheese and meat (1 cannelloni, 86 g)",food,126.4,6.5,11.4,6.1,1.1,0.7
FNDDS-2021-2023-58146150,"Pasta with tomato-based sauce and cheese (1 cup, 250 g)","Pasta with tomato-based sauce and cheese (1 cup, 250 g)",food,297.5,9.4,37.5,12.1,8.8,4.2
FNDDS-2021-2023-58146160,"Pasta with vegetables, no sauce or dressing (1 cup, 150 g)","Pasta with vegetables, no sauce or dressing (1 cup, 150 g)",food,216.0,6.7,34.7,5.3,1.9,3.4
FNDDS-2021-2023-58146215,"Pasta with sauce, meatless, school lunch (1 cup, 250 g)","Pasta with sauce, meatless, school lunch (1 cup, 250 g)",food,255.0,9.4,48.5,4.0,7.6,7.2
FNDDS-2021-2023-58146221,"Pasta with tomato-based sauce, restaurant (1 cup, 250 g)","Pasta with tomato-based sauce, restaurant (1 cup, 250 g)",food,400.0,8.5,46.0,19.9,6.8,4.2
FNDDS-2021-2023-58146222,"Pasta with tomato-based sauce, home recipe (1 cup, 250 g)","Pasta with tomato-based sauce, home recipe (1 cup, 250 g)",food,265.0,9.2,49.8,3.0,7.3,4.5
FNDDS-2021-2023-58146223,"Pasta with tomato-based sauce, ready-to-heat (1 cup, 250 g)","Pasta with tomato-based sauce, ready-to-heat (1 cup, 250 g)",food,300.0,9.0,48.5,7.5,7.2,4.5
FNDDS-2021-2023-58146301,"Pasta with tomato-based sauce, and added vegetables, restaurant (1 cup, 250 g)","Pasta with tomato-based sauce, and added vegetables, restaurant (1 cup, 250 g)",food,395.0,8.7,45.2,19.6,6.2,4.0
FNDDS-2021-2023-58146302,"Pasta with tomato-based sauce, and added vegetables, home recipe (1 cup, 250 g)","Pasta with tomato-based sauce, and added vegetables, home recipe (1 cup, 250 g)",food,260.0,9.4,49.0,2.7,6.7,4.5
FNDDS-2021-2023-58146303,"Pasta with tomato-based sauce, and added vegetables, ready-to-heat (1 cup, 250 g)","Pasta with tomato-based sauce, and added vegetables, ready-to-heat (1 cup, 250 g)",food,295.0,9.2,48.0,7.1,6.6,4.2
FNDDS-2021-2023-58146315,"Pasta with sauce and meat, from school lunch (1 cup, 250 g)","Pasta with sauce and meat, from school lunch (1 cup, 250 g)",food,292.5,14.9,43.8,7.8,6.8,6.5
FNDDS-2021-2023-58146321,"Pasta with tomato-based sauce and meat, restaurant (1 cup, 250 g)","Pasta with tomato-based sauce and meat, restaurant (1 cup, 250 g)",food,445.0,13.6,44.2,23.1,5.6,3.8
FNDDS-2021-2023-58146322,"Pasta with tomato-based sauce and meat, home recipe (1 cup, 250 g)","Pasta with tomato-based sauce and meat, home recipe (1 cup, 250 g)",food,312.5,14.7,48.0,6.5,6.1,4.0
FNDDS-2021-2023-58146323,"Pasta with tomato-based sauce and meat, ready-to-heat (1 cup, 250 g)","Pasta with tomato-based sauce and meat, ready-to-heat (1 cup, 250 g)",food,347.5,14.4,46.8,10.8,6.0,4.0
FNDDS-2021-2023-58146331,"Pasta with tomato-based sauce, meat, and added vegetables, restaurant (1 cup, 250 g)","Pasta with tomato-based sauce, meat, and added vegetables, restaurant (1 cup, 250 g)",food,440.0,13.7,43.8,22.9,5.2,3.8
FNDDS-2021-2023-58146332,"Pasta with tomato-based sauce, meat, and added vegetables, home recipe (1 cup, 250 g)","Pasta with tomato-based sauce, meat, and added vegetables, home recipe (1 cup, 250 g)",food,307.5,14.8,47.2,6.2,5.6,4.0
FNDDS-2021-2023-58146333,"Pasta with tomato-based sauce, meat, and added vegetables, ready-to-heat (1 cup, 250 g)","Pasta with tomato-based sauce, meat, and added vegetables, ready-to-heat (1 cup, 250 g)",food,342.5,14.5,46.2,10.6,5.5,4.0
FNDDS-2021-2023-58146341,"Pasta with tomato-based sauce and poultry, restaurant (1 cup, 250 g)","Pasta with tomato-based sauce and poultry, restaurant (1 cup, 250 g)",food,427.5,14.0,44.2,21.2,5.6,3.8
FNDDS-2021-2023-58146342,"Pasta with tomato-based sauce and poultry, home recipe (1 cup, 250 g)","Pasta with tomato-based sauce and poultry, home recipe (1 cup, 250 g)",food,295.0,15.1,48.0,4.3,6.1,4.0
FNDDS-2021-2023-58146343,"Pasta with tomato-based sauce and poultry, ready-to-heat (1 cup, 250 g)","Pasta with tomato-based sauce and poultry, ready-to-heat (1 cup, 250 g)",food,330.0,14.8,46.8,8.8,6.0,4.0
FNDDS-2021-2023-58146351,"Pasta with tomato-based sauce, poultry, and added vegetables, restaurant (1 cup, 250 g)","Pasta with tomato-based sauce, poultry, and added vegetables, restaurant (1 cup, 250 g)",food,422.5,14.1,43.8,20.9,5.2,3.8
FNDDS-2021-2023-58146352,"Pasta with tomato-based sauce, poultry, and added vegetables, home recipe (1 cup, 250 g)","Pasta with tomato-based sauce, poultry, and added vegetables, home recipe (1 cup, 250 g)",food,290.0,15.2,47.2,4.1,5.6,4.0
FNDDS-2021-2023-58146353,"Pasta with tomato-based sauce, poultry, and added vegetables, ready-to-heat (1 cup, 250 g)","Pasta with tomato-based sauce, poultry, and added vegetables, ready-to-heat (1 cup, 250 g)",food,325.0,14.9,46.2,8.5,5.5,4.0
FNDDS-2021-2023-58146361,"Pasta with tomato-based sauce and seafood, restaurant (1 cup, 250 g)","Pasta with tomato-based sauce and seafood, restaurant (1 cup, 250 g)",food,415.0,12.9,45.0,19.9,5.6,3.8
FNDDS-2021-2023-58146362,"Pasta with tomato-based sauce and seafood, home recipe (1 cup, 250 g)","Pasta with tomato-based sauce and seafood, home recipe (1 cup, 250 g)",food,282.5,13.9,48.5,3.0,6.1,4.0
FNDDS-2021-2023-58146363,"Pasta with tomato-based sauce and seafood, ready-to-heat (1 cup, 250 g)","Pasta with tomato-based sauce and seafood, ready-to-heat (1 cup, 250 g)",food,317.5,13.6,47.5,7.5,6.0,4.0
FNDDS-2021-2023-58146371,"Pasta with tomato-based sauce, seafood, and added vegetables, restaurant (1 cup, 250 g)","Pasta with tomato-based sauce, seafood, and added vegetables, restaurant (1 cup, 250 g)",food,410.0,13.0,44.5,19.7,5.2,3.8
FNDDS-2021-2023-58146372,"Pasta with tomato-based sauce, seafood, and added vegetables, home recipe (1 cup, 250 g)","Pasta with tomato-based sauce, seafood, and added vegetables, home recipe (1 cup, 250 g)",food,277.5,14.1,48.0,2.7,5.6,4.0
FNDDS-2021-2023-58146373,"Pasta with tomato-based sauce, seafood, and added vegetables, ready-to-heat (1 cup, 250 g)","Pasta with tomato-based sauce, seafood, and added vegetables, ready-to-heat (1 cup, 250 g)",food,312.5,13.8,47.0,7.2,5.5,4.0
FNDDS-2021-2023-58146381,"Pasta with cream sauce, restaurant (1 cup, 250 g)","Pasta with cream sauce, restaurant (1 cup, 250 g)",food,510.0,9.3,39.0,35.0,1.7,2.2
FNDDS-2021-2023-58146382,"Pasta with cream sauce, home recipe (1 cup, 250 g)","Pasta with cream sauce, home recipe (1 cup, 250 g)",food,385.0,10.1,42.0,19.2,1.8,2.2
FNDDS-2021-2023-58146383,"Pasta with cream sauce, ready-to-heat (1 cup, 250 g)","Pasta with cream sauce, ready-to-heat (1 cup, 250 g)",food,417.5,9.8,41.2,23.4,1.8,2.2
FNDDS-2021-2023-58146391,"Pasta with cream sauce and added vegetables, restaurant (1 cup, 250 g)","Pasta with cream sauce and added vegetables, restaurant (1 cup, 250 g)",food,477.5,9.2,40.0,31.0,2.3,2.5
FNDDS-2021-2023-58146392,"Pasta with cream sauce and added vegetables, from home recipe (1 cup, 250 g)","Pasta with cream sauce and added vegetables, from home recipe (1 cup, 250 g)",food,352.5,10.0,43.2,15.1,2.5,2.8
FNDDS-2021-2023-58146393,"Pasta with cream sauce and added vegetables, ready-to-heat (1 cup, 250 g)","Pasta with cream sauce and added vegetables, ready-to-heat (1 cup, 250 g)",food,385.0,9.8,42.2,19.3,2.4,2.8
FNDDS-2021-2023-58146401,"Pasta with cream sauce and meat, restaurant (1 cup, 250 g)","Pasta with cream sauce and meat, restaurant (1 cup, 250 g)",food,532.5,14.2,38.5,35.2,1.5,2.2
FNDDS-2021-2023-58146402,"Pasta with cream sauce and meat, home recipe (1 cup, 250 g)","Pasta with cream sauce and meat, home recipe (1 cup, 250 g)",food,410.0,15.3,41.8,19.7,1.6,2.2
FNDDS-2021-2023-58146403,"Pasta with cream sauce and meat, ready-to-heat (1 cup, 250 g)","Pasta with cream sauce and meat, ready-to-heat (1 cup, 250 g)",food,442.5,15.0,40.8,23.8,1.6,2.2
FNDDS-2021-2023-58146411,"Pasta with cream sauce, meat, and added vegetables, restaurant (1 cup, 250 g)","Pasta with cream sauce, meat, and added vegetables, restaurant (1 cup, 250 g)",food,507.5,14.1,39.2,32.0,2.0,2.5
FNDDS-2021-2023-58146412,"Pasta with cream sauce, meat, and added vegetables, home recipe (1 cup, 250 g)","Pasta with cream sauce, meat, and added vegetables, home recipe (1 cup, 250 g)",food,382.5,15.3,42.5,16.3,2.1,2.8
FNDDS-2021-2023-58146413,"Pasta with cream sauce, meat, and added vegetables, ready-to-heat (1 cup, 250 g)","Pasta with cream sauce, meat, and added vegetables, ready-to-heat (1 cup, 250 g)",food,415.0,15.0,41.8,20.5,2.1,2.5
FNDDS-2021-2023-58146421,"Pasta with cream sauce and poultry, restaurant (1 cup, 250 g)","Pasta with cream sauce and poultry, restaurant (1 cup, 250 g)",food,515.0,14.6,38.5,33.2,1.5,2.2
FNDDS-2021-2023-58146422,"Pasta with cream sauce and poultry, home recipe (1 cup, 250 g)","Pasta with cream sauce and poultry, home recipe (1 cup, 250 g)",food,392.5,15.8,41.8,17.6,1.6,2.2
FNDDS-2021-2023-58146423,"Pasta with cream sauce and poultry, ready-to-heat (1 cup, 250 g)","Pasta with cream sauce and poultry, ready-to-heat (1 cup, 250 g)",food,425.0,15.4,40.8,21.7,1.6,2.2
FNDDS-2021-2023-58146431,"Pasta with cream sauce, poultry, and added vegetables, restaurant (1 cup, 250 g)","Pasta with cream sauce, poultry, and added vegetables, restaurant (1 cup, 250 g)",food,490.0,14.5,39.2,30.2,2.0,2.5
FNDDS-2021-2023-58146432,"Pasta with cream sauce, poultry, and added vegetables, home recipe (1 cup, 250 g)","Pasta with cream sauce, poultry, and added vegetables, home recipe (1 cup, 250 g)",food,365.0,15.8,42.5,14.2,2.1,2.8
FNDDS-2021-2023-58146433,"Pasta with cream sauce, poultry, and added vegetables, ready-to-heat (1 cup, 250 g)","Pasta with cream sauce, poultry, and added vegetables, ready-to-heat (1 cup, 250 g)",food,397.5,15.4,41.8,18.4,2.1,2.5
FNDDS-2021-2023-58146441,"Pasta with cream sauce and seafood, restaurant (1 cup, 250 g)","Pasta with cream sauce and seafood, restaurant (1 cup, 250 g)",food,505.0,13.5,39.2,32.0,1.5,2.2
FNDDS-2021-2023-58146442,"Pasta with cream sauce and seafood, home recipe (1 cup, 250 g)","Pasta with cream sauce and seafood, home recipe (1 cup, 250 g)",food,380.0,14.7,42.5,16.2,1.6,2.2
FNDDS-2021-2023-58146443,"Pasta with cream sauce and seafood, ready-to-heat (1 cup, 250 g)","Pasta with cream sauce and seafood, ready-to-heat (1 cup, 250 g)",food,412.5,14.3,41.5,20.4,1.6,2.2
FNDDS-2021-2023-58146451,"Pasta with cream sauce, seafood, and added vegetables, restaurant (1 cup, 250 g)","Pasta with cream sauce, seafood, and added vegetables, restaurant (1 cup, 250 g)",food,477.5,13.4,40.0,29.0,2.0,2.5
FNDDS-2021-2023-58146452,"Pasta with cream sauce, seafood, and added vegetables, home recipe (1 cup, 250 g)","Pasta with cream sauce, seafood, and added vegetables, home recipe (1 cup, 250 g)",food,352.5,14.6,43.2,12.8,2.1,2.8
FNDDS-2021-2023-58146453,"Pasta with cream sauce, seafood, and added vegetables, ready-to-heat (1 cup, 250 g)","Pasta with cream sauce, seafood, and added vegetables, ready-to-heat (1 cup, 250 g)",food,385.0,14.3,42.2,17.1,2.1,2.5
FNDDS-2021-2023-58146601,"Pasta, whole grain, with tomato-based sauce, restaurant (1 cup, 250 g)","Pasta, whole grain, with tomato-based sauce, restaurant (1 cup, 250 g)",food,390.0,8.8,45.0,20.9,7.0,6.8
FNDDS-2021-2023-58146602,"Pasta, whole grain, with tomato-based sauce, home recipe (1 cup, 250 g)","Pasta, whole grain, with tomato-based sauce, home recipe (1 cup, 250 g)",food,255.0,9.4,48.8,4.0,7.6,7.2
FNDDS-2021-2023-58146603,"Pasta, whole grain, with tomato-based sauce, ready-to-heat (1 cup, 250 g)","Pasta, whole grain, with tomato-based sauce, ready-to-heat (1 cup, 250 g)",food,290.0,9.2,47.5,8.4,7.4,7.0
FNDDS-2021-2023-58146611,"Pasta, whole grain, with tomato-based sauce and added vegetables, restaurant (1 cup, 250 g)","Pasta, whole grain, with tomato-based sauce and added vegetables, restaurant (1 cup, 250 g)",food,385.0,8.9,44.5,20.6,6.4,6.5
FNDDS-2021-2023-58146612,"Pasta, whole grain, with tomato-based sauce and added vegetables, home recipe (1 cup, 250 g)","Pasta, whole grain, with tomato-based sauce and added vegetables, home recipe (1 cup, 250 g)",food,247.5,9.6,48.0,3.7,6.9,7.2
FNDDS-2021-2023-58146613,"Pasta, whole grain, with tomato-based sauce and added vegetables, ready-to-heat (1 cup, 250 g)","Pasta, whole grain, with tomato-based sauce and added vegetables, ready-to-heat (1 cup, 250 g)",food,285.0,9.4,47.0,8.1,6.8,7.0
FNDDS-2021-2023-58146621,"Pasta, whole grain, with tomato-based sauce and meat, restaurant (1 cup, 250 g)","Pasta, whole grain, with tomato-based sauce and meat, restaurant (1 cup, 250 g)",food,435.0,13.8,43.5,24.0,5.9,6.2
FNDDS-2021-2023-58146622,"Pasta, whole grain, with tomato-based sauce and meat, home recipe (1 cup, 250 g)","Pasta, whole grain, with tomato-based sauce and meat, home recipe (1 cup, 250 g)",food,302.5,14.9,46.8,7.5,6.3,6.8
FNDDS-2021-2023-58146623,"Pasta, whole grain, with tomato-based sauce and meat, ready-to-heat (1 cup, 250 g)","Pasta, whole grain, with tomato-based sauce and meat, ready-to-heat (1 cup, 250 g)",food,335.0,14.6,45.8,11.8,6.2,6.8
FNDDS-2021-2023-58146631,"Pasta, whole grain, with tomato-based sauce, meat, and added vegetables, restaurant (1 cup, 250 g)","Pasta, whole grain, with tomato-based sauce, meat, and added vegetables, restaurant (1 cup, 250 g)",food,430.0,13.9,42.8,23.8,5.4,6.2
FNDDS-2021-2023-58146632,"Pasta, whole grain, with tomato-based sauce, meat, and added vegetables, home recipe (1 cup, 250 g)","Pasta, whole grain, with tomato-based sauce, meat, and added vegetables, home recipe (1 cup, 250 g)",food,297.5,15.0,46.2,7.2,5.8,6.8
FNDDS-2021-2023-58146633,"Pasta, whole grain, with tomato-based sauce, meat, and added vegetables, ready-to-heat (1 cup, 250 g)","Pasta, whole grain, with tomato-based sauce, meat, and added vegetables, ready-to-heat (1 cup, 250 g)",food,332.5,14.7,45.2,11.6,5.7,6.5
FNDDS-2021-2023-58146641,"Pasta, whole grain, with tomato-based sauce and poultry, restaurant (1 cup, 250 g)","Pasta, whole grain, with tomato-based sauce and poultry, restaurant (1 cup, 250 g)",food,417.5,14.2,43.5,22.1,5.9,6.2
FNDDS-2021-2023-58146642,"Pasta, whole grain, with tomato-based sauce and poultry, home recipe (1 cup, 250 g)","Pasta, whole grain, with tomato-based sauce and poultry, home recipe (1 cup, 250 g)",food,282.5,15.3,46.8,5.4,6.3,6.8
FNDDS-2021-2023-58146643,"Pasta, whole grain, with tomato-based sauce and poultry, ready-to-heat (1 cup, 250 g)","Pasta, whole grain, with tomato-based sauce and poultry, ready-to-heat (1 cup, 250 g)",food,317.5,15.0,45.8,9.8,6.2,6.8
FNDDS-2021-2023-58146651,"Pasta, whole grain, with tomato-based sauce, poultry, and added vegetables, restaurant (1 cup, 250 g)","Pasta, whole grain, with tomato-based sauce, poultry, and added vegetables, restaurant (1 cup, 250 g)",food,412.5,14.3,42.8,21.9,5.4,6.2
FNDDS-2021-2023-58146652,"Pasta, whole grain, with tomato-based sauce, poultry, and added vegetables, home recipe (1 cup, 250 g)","Pasta, whole grain, with tomato-based sauce, poultry, and added vegetables, home recipe (1 cup, 250 g)",food,277.5,15.4,46.2,5.1,5.8,6.8
FNDDS-2021-2023-58146653,"Pasta, whole grain, with tomato-based sauce, poultry, and added vegetables, ready-to-heat (1 cup, 250 g)","Pasta, whole grain, with tomato-based sauce, poultry, and added vegetables, ready-to-heat (1 cup, 250 g)",food,312.5,15.1,45.2,9.5,5.7,6.5
FNDDS-2021-2023-58146661,"Pasta, whole grain, with tomato-based sauce and seafood, restaurant (1 cup, 250 g)","Pasta, whole grain, with tomato-based sauce and seafood, restaurant (1 cup, 250 g)",food,405.0,13.1,44.0,20.9,5.9,6.2
FNDDS-2021-2023-58146662,"Pasta, whole grain, with tomato-based sauce and seafood, home recipe (1 cup, 250 g)","Pasta, whole grain, with tomato-based sauce and seafood, home recipe (1 cup, 250 g)",food,270.0,14.2,47.5,4.0,6.3,6.8
FNDDS-2021-2023-58146663,"Pasta, whole grain, with tomato-based sauce and seafood, ready-to-heat (1 cup, 250 g)","Pasta, whole grain, with tomato-based sauce and seafood, ready-to-heat (1 cup, 250 g)",food,305.0,13.9,46.5,8.4,6.2,6.8
FNDDS-2021-2023-58146671,"Pasta, whole grain, with tomato-based sauce, seafood, and added vegetables, restaurant (1 cup, 250 g)","Pasta, whole grain, with tomato-based sauce, seafood, and added vegetables, restaurant (1 cup, 250 g)",food,400.0,13.2,43.5,20.6,5.4,6.2
FNDDS-2021-2023-58146672,"Pasta, whole grain, with tomato-based sauce, seafood, and added vegetables, home recipe (1 cup, 250 g)","Pasta, whole grain, with tomato-based sauce, seafood, and added vegetables, home recipe (1 cup, 250 g)",food,265.0,14.3,47.0,3.7,5.8,6.8
FNDDS-2021-2023-58146673,"Pasta, whole grain, with tomato-based sauce, seafood, and added vegetables, ready-to-heat (1 cup, 250 g)","Pasta, whole grain, with tomato-based sauce, seafood, and added vegetables, ready-to-heat (1 cup, 250 g)",food,300.0,14.0,46.0,8.2,5.7,6.5
FNDDS-2021-2023-58146681,"Pasta, whole grain, with cream sauce, restaurant (1 cup, 250 g)","Pasta, whole grain, with cream sauce, restaurant (1 cup, 250 g)",food,500.0,9.5,38.0,35.8,1.9,4.8
FNDDS-2021-2023-58146682,"Pasta, whole grain, with cream sauce, home recipe (1 cup, 250 g)","Pasta, whole grain, with cream sauce, home recipe (1 cup, 250 g)",food,375.0,10.3,41.0,20.3,2.0,5.0
FNDDS-2021-2023-58146683,"Pasta, whole grain, with cream sauce, ready-to-heat (1 cup, 250 g)","Pasta, whole grain, with cream sauce, ready-to-heat (1 cup, 250 g)",food,407.5,10.1,40.2,24.4,2.0,5.0
FNDDS-2021-2023-58146691,"Pasta, whole grain, with cream sauce, and added vegetables, restaurant (1 cup, 250 g)","Pasta, whole grain, with cream sauce, and added vegetables, restaurant (1 cup, 250 g)",food,467.5,9.5,39.0,32.0,2.5,5.0
FNDDS-2021-2023-58146692,"Pasta, whole grain, with cream sauce, and added vegetables, home recipe (1 cup, 250 g)","Pasta, whole grain, with cream sauce, and added vegetables, home recipe (1 cup, 250 g)",food,340.0,10.2,42.2,16.1,2.7,5.5
FNDDS-2021-2023-58146693,"Pasta, whole grain, with cream sauce, and added vegetables, ready-to-heat (1 cup, 250 g)","Pasta, whole grain, with cream sauce, and added vegetables, ready-to-heat (1 cup, 250 g)",food,372.5,10.0,41.2,20.3,2.7,5.2
FNDDS-2021-2023-58146701,"Pasta, whole grain, with cream sauce and meat, restaurant (1 cup, 250 g)","Pasta, whole grain, with cream sauce and meat, restaurant (1 cup, 250 g)",food,522.5,14.4,37.5,36.2,1.7,4.8
FNDDS-2021-2023-58146702,"Pasta, whole grain, with cream sauce and meat, home recipe (1 cup, 250 g)","Pasta, whole grain, with cream sauce and meat, home recipe (1 cup, 250 g)",food,400.0,15.6,40.8,20.7,1.9,5.0
FNDDS-2021-2023-58146703,"Pasta, whole grain, with cream sauce and meat, ready-to-heat (1 cup, 250 g)","Pasta, whole grain, with cream sauce and meat, ready-to-heat (1 cup, 250 g)",food,430.0,15.3,39.8,24.8,1.8,5.0
FNDDS-2021-2023-58146711,"Pasta, whole grain, with cream sauce, meat, and added vegetables, restaurant (1 cup, 250 g)","Pasta, whole grain, with cream sauce, meat, and added vegetables, restaurant (1 cup, 250 g)",food,497.5,14.4,38.5,33.0,2.2,5.0
FNDDS-2021-2023-58146712,"Pasta, whole grain, with cream sauce, meat, and added vegetables, home recipe (1 cup, 250 g)","Pasta, whole grain, with cream sauce, meat, and added vegetables, home recipe (1 cup, 250 g)",food,372.5,15.5,41.5,17.3,2.4,5.5
FNDDS-2021-2023-58146713,"Pasta, whole grain, with cream sauce, meat, and added vegetables, ready-to-heat (1 cup, 250 g)","Pasta, whole grain, with cream sauce, meat, and added vegetables, ready-to-heat (1 cup, 250 g)",food,405.0,15.2,40.8,21.4,2.3,5.2
FNDDS-2021-2023-58146721,"Pasta, whole grain, with cream sauce and poultry, restaurant (1 cup, 250 g)","Pasta, whole grain, with cream sauce and poultry, restaurant (1 cup, 250 g)",food,505.0,14.8,37.5,34.2,1.7,4.8
FNDDS-2021-2023-58146722,"Pasta, whole grain, with cream sauce and poultry, home recipe (1 cup, 250 g)","Pasta, whole grain, with cream sauce and poultry, home recipe (1 cup, 250 g)",food,380.0,16.1,40.8,18.6,1.9,5.0
FNDDS-2021-2023-58146723,"Pasta, whole grain, with cream sauce and poultry, ready-to-heat (1 cup, 250 g)","Pasta, whole grain, with cream sauce and poultry, ready-to-heat (1 cup, 250 g)",food,412.5,15.7,39.8,22.7,1.8,5.0
FNDDS-2021-2023-58146731,"Pasta, whole grain, with cream sauce, poultry, and added vegetables, restaurant (1 cup, 250 g)","Pasta, whole grain, with cream sauce, poultry, and added vegetables, restaurant (1 cup, 250 g)",food,480.0,14.8,38.5,31.0,2.2,5.0
FNDDS-2021-2023-58146732,"Pasta, whole grain, with cream sauce, poultry, and added vegetables, home recipe (1 cup, 250 g)","Pasta, whole grain, with cream sauce, poultry, and added vegetables, home recipe (1 cup, 250 g)",food,352.5,16.0,41.5,15.2,2.4,5.5
FNDDS-2021-2023-58146733,"Pasta, whole grain, with cream sauce, poultry, and added vegetables, ready-to-heat (1 cup, 250 g)","Pasta, whole grain, with cream sauce, poultry, and added vegetables, ready-to-heat (1 cup, 250 g)",food,385.0,15.6,40.8,19.4,2.3,5.2
FNDDS-2021-2023-58146741,"Pasta, whole grain, with cream sauce and seafood, restaurant (1 cup, 250 g)","Pasta, whole grain, with cream sauce and seafood, restaurant (1 cup, 250 g)",food,492.5,13.8,38.2,33.0,1.7,4.8
FNDDS-2021-2023-58146742,"Pasta, whole grain, with cream sauce and seafood, home recipe (1 cup, 250 g)","Pasta, whole grain, with cream sauce and seafood, home recipe (1 cup, 250 g)",food,367.5,14.9,41.5,17.2,1.9,5.0
FNDDS-2021-2023-58146743,"Pasta, whole grain, with cream sauce and seafood, ready-to-heat (1 cup, 250 g)","Pasta, whole grain, with cream sauce and seafood, ready-to-heat (1 cup, 250 g)",food,400.0,14.6,40.5,21.4,1.8,5.0
FNDDS-2021-2023-58146751,"Pasta, whole grain, with cream sauce, seafood, and added vegetables, restaurant (1 cup, 250 g)","Pasta, whole grain, with cream sauce, seafood, and added vegetables, restaurant (1 cup, 250 g)",food,467.5,13.7,39.0,30.0,2.2,5.0
FNDDS-2021-2023-58146752,"Pasta, whole grain, with cream sauce, seafood, and added vegetables, home recipe (1 cup, 250 g)","Pasta, whole grain, with cream sauce, seafood, and added vegetables, home recipe (1 cup, 250 g)",food,340.0,14.8,42.2,13.8,2.4,5.5
FNDDS-2021-2023-58146753,"Pasta, whole grain, with cream sauce, seafood, and added vegetables, ready-to-heat (1 cup, 250 g)","Pasta, whole grain, with cream sauce, seafood, and added vegetables, ready-to-heat (1 cup, 250 g)",food,372.5,14.5,41.2,18.1,2.3,5.2
FNDDS-2021-2023-58147110,"Pasta with tomato-based sauce and beans or lentils (1 cup, 227 g)","Pasta with tomato-based sauce and beans or lentils (1 cup, 227 g)",food,283.8,11.9,47.4,5.2,5.0,6.8
FNDDS-2021-2023-58147330,"Macaroni or noodles, creamed, with cheese (1 cup, 230 g)","Macaroni or noodles, creamed, with cheese (1 cup, 230 g)",food,363.4,10.9,50.6,12.6,1.6,3.0
FNDDS-2021-2023-58147340,"Macaroni or noodles, creamed, with cheese and tuna (1 cup, 230 g)","Macaroni or noodles, creamed, with cheese and tuna (1 cup, 230 g)",food,328.9,18.1,40.0,10.4,1.2,2.3
FNDDS-2021-2023-58147510,"Flavored pasta (1 cup, 185 g)","Flavored pasta (1 cup, 185 g)",food,161.0,4.6,26.6,4.1,1.8,0.7
FNDDS-2021-2023-58147520,"Yat Ga Mein with meat, fish, or poultry (1 cup, 205 g)","Yat Ga Mein with meat, fish, or poultry (1 cup, 205 g)",food,274.7,21.3,23.0,11.4,3.2,3.1
FNDDS-2021-2023-58148110,"Macaroni or pasta salad, made with mayonnaise (1 cup, 204 g)","Macaroni or pasta salad, made with mayonnaise (1 cup, 204 g)",food,450.8,9.1,50.2,23.5,3.8,2.9
FNDDS-2021-2023-58148111,"Macaroni or pasta salad, made with light mayonnaise (1 cup, 204 g)","Macaroni or pasta salad, made with light mayonnaise (1 cup, 204 g)",food,324.4,8.8,52.4,8.5,4.7,2.9
FNDDS-2021-2023-58148112,"Macaroni or pasta salad, made with mayonnaise-type salad dressing (1 cup, 204 g)","Macaroni or pasta salad, made with mayonnaise-type salad dressing (1 cup, 204 g)",food,326.4,8.9,54.3,8.2,6.7,2.9
FNDDS-2021-2023-58148113,"Macaroni or pasta salad, made with light mayonnaise-type salad dressing (1 cup, 204 g)","Macaroni or pasta salad, made with light mayonnaise-type salad dressing (1 cup, 204 g)",food,324.4,8.8,52.4,8.5,4.7,2.9
FNDDS-2021-2023-58148114,"Macaroni or pasta salad, made with Italian dressing (1 cup, 204 g)","Macaroni or pasta salad, made with Italian dressing (1 cup, 204 g)",food,271.3,7.5,42.6,7.6,4.8,3.3
FNDDS-2021-2023-58148115,"Macaroni or pasta salad, made with light Italian dressing (1 cup, 204 g)","Macaroni or pasta salad, made with light Italian dressing (1 cup, 204 g)",food,236.6,7.5,42.0,4.1,4.5,3.3
FNDDS-2021-2023-58148116,"Macaroni or pasta salad, made with creamy dressing (1 cup, 204 g)","Macaroni or pasta salad, made with creamy dressing (1 cup, 204 g)",food,318.2,7.8,41.0,13.5,3.4,3.3
FNDDS-2021-2023-58148117,"Macaroni or pasta salad, made with light creamy dressing (1 cup, 204 g)","Macaroni or pasta salad, made with light creamy dressing (1 cup, 204 g)",food,250.9,7.8,41.2,6.0,3.6,3.3
FNDDS-2021-2023-58148118,"Macaroni or pasta salad, made with any type of fat free dressing (1 cup, 204 g)","Macaroni or pasta salad, made with any type of fat free dressing (1 cup, 204 g)",food,273.4,8.7,54.1,2.3,7.0,3.5
FNDDS-2021-2023-58148120,"Macaroni or pasta salad with egg (1 cup, 204 g)","Macaroni or pasta salad with egg (1 cup, 204 g)",food,438.6,10.6,45.9,23.3,3.7,2.7
FNDDS-2021-2023-58148130,"Macaroni or pasta salad with tuna (1 cup, 204 g)","Macaroni or pasta salad with tuna (1 cup, 204 g)",food,408.0,13.6,42.6,20.2,3.2,2.4
FNDDS-2021-2023-58148140,"Macaroni or pasta salad with crab meat (1 cup, 204 g)","Macaroni or pasta salad with crab meat (1 cup, 204 g)",food,410.0,13.2,42.6,20.2,3.2,2.4
FNDDS-2021-2023-58148150,"Macaroni or pasta salad with shrimp (1 cup, 204 g)","Macaroni or pasta salad with shrimp (1 cup, 204 g)",food,414.1,14.0,42.6,20.4,3.2,2.4
FNDDS-2021-2023-58148160,"Macaroni or pasta salad with tuna and egg (1 cup, 204 g)","Macaroni or pasta salad with tuna and egg (1 cup, 204 g)",food,401.9,14.6,39.6,20.3,3.1,2.2
FNDDS-2021-2023-58148170,"Macaroni or pasta salad with chicken (1 cup, 204 g)","Macaroni or pasta salad with chicken (1 cup, 204 g)",food,434.5,16.0,42.6,22.0,3.2,2.4
FNDDS-2021-2023-58148180,"Macaroni or pasta salad with cheese (1 cup, 204 g)","Macaroni or pasta salad with cheese (1 cup, 204 g)",food,501.8,14.1,44.5,29.4,3.4,2.7
FNDDS-2021-2023-58148550,"Macaroni or pasta salad with meat (1 cup, 204 g)","Macaroni or pasta salad with meat (1 cup, 204 g)",food,430.4,15.6,42.4,21.6,3.2,2.4
FNDDS-2021-2023-58149110,"Noodle pudding (1 cup, 200 g)","Noodle pudding (1 cup, 200 g)",food,418.0,11.9,62.0,14.8,22.2,3.2
FNDDS-2021-2023-58150100,"Bibimbap, Korean (1 cup, 162 g)","Bibimbap, Korean (1 cup, 162 g)",food,123.1,8.9,13.1,4.0,2.5,1.8
FNDDS-2021-2023-58150110,"Rice, fried, meatless (1 cup, 166 g)","Rice, fried, meatless (1 cup, 166 g)",food,288.8,6.4,53.9,5.3,1.0,1.8
FNDDS-2021-2023-58150320,"Rice, fried, with chicken (1 cup, 198 g)","Rice, fried, with chicken (1 cup, 198 g)",food,342.5,14.4,54.6,7.2,1.0,1.8
FNDDS-2021-2023-58150330,"Rice, fried, with pork (1 cup, 198 g)","Rice, fried, with pork (1 cup, 198 g)",food,354.4,15.0,54.6,8.2,1.0,1.8
FNDDS-2021-2023-58150340,"Rice, fried, with beef (1 cup, 198 g)","Rice, fried, with beef (1 cup, 198 g)",food,352.4,15.6,54.6,8.0,1.0,1.8
FNDDS-2021-2023-58150510,"Rice, fried, with shrimp (1 cup, 198 g)","Rice, fried, with shrimp (1 cup, 198 g)",food,328.7,13.2,55.0,5.9,1.0,1.8
FNDDS-2021-2023-58150520,"Dukboki or Tteokbokki, Korean (1 cup, 250 g)","Dukboki or Tteokbokki, Korean (1 cup, 250 g)",food,327.5,10.3,49.0,10.1,3.8,2.0
FNDDS-2021-2023-58150530,"Adobo, with rice (1 cup, 244 g)","Adobo, with rice (1 cup, 244 g)",food,441.6,43.2,21.6,19.4,0.1,0.5
FNDDS-2021-2023-58151170,"Sushi roll, avocado (1 piece, 30 g)","Sushi roll, avocado (1 piece, 30 g)",food,27.9,0.5,5.3,0.4,0.4,0.4
FNDDS-2021-2023-58151180,"Sushi roll, California (1 piece, 30 g)","Sushi roll, California (1 piece, 30 g)",food,28.2,0.9,5.5,0.2,0.6,0.3
FNDDS-2021-2023-58151190,"Sushi roll, eel (1 piece, 30 g)","Sushi roll, eel (1 piece, 30 g)",food,34.8,1.8,4.6,0.9,0.3,0.2
FNDDS-2021-2023-58151200,"Sushi roll, salmon (1 piece, 30 g)","Sushi roll, salmon (1 piece, 30 g)",food,30.9,2.1,4.6,0.4,0.3,0.2
FNDDS-2021-2023-58151210,"Sushi roll, shrimp (1 piece, 30 g)","Sushi roll, shrimp (1 piece, 30 g)",food,30.0,2.1,4.7,0.2,0.3,0.2
FNDDS-2021-2023-58151220,"Sushi roll tuna (1 piece, 30 g)","Sushi roll tuna (1 piece, 30 g)",food,29.1,2.2,4.6,0.1,0.3,0.2
FNDDS-2021-2023-58151230,"Sushi roll, vegetable (1 piece, 22 g)","Sushi roll, vegetable (1 piece, 22 g)",food,20.5,0.4,3.9,0.3,0.3,0.3
FNDDS-2021-2023-58151400,"Sushi, topped with crab (1 piece, 35 g)","Sushi, topped with crab (1 piece, 35 g)",food,33.2,1.3,6.5,0.1,1.0,0.3
FNDDS-2021-2023-58151410,"Sushi, topped with eel (1 piece, 35 g)","Sushi, topped with eel (1 piece, 35 g)",food,44.1,2.7,4.7,1.5,0.3,0.2
FNDDS-2021-2023-58151420,"Sushi, topped with salmon (1 piece, 35 g)","Sushi, topped with salmon (1 piece, 35 g)",food,37.4,3.1,4.7,0.6,0.3,0.2
FNDDS-2021-2023-58151430,"Sushi, topped with shrimp (1 piece, 35 g)","Sushi, topped with shrimp (1 piece, 35 g)",food,36.0,3.2,4.9,0.2,0.3,0.2
FNDDS-2021-2023-58151440,"Sushi, topped with tuna (1 piece, 35 g)","Sushi, topped with tuna (1 piece, 35 g)",food,35.0,3.4,4.7,0.1,0.3,0.2
FNDDS-2021-2023-58151450,"Sushi, topped with egg (1 piece, 50 g)","Sushi, topped with egg (1 piece, 50 g)",food,59.5,3.7,5.1,2.6,0.3,0.2
FNDDS-2021-2023-58155320,"Seafood paella, Puerto Rican style (1 cup, 230 g)","Seafood paella, Puerto Rican style (1 cup, 230 g)",food,335.8,17.5,36.1,13.0,2.0,2.1
FNDDS-2021-2023-58155410,"Soupy rice with chicken, Puerto Rican style (1 cup, with bone (yield after bone removed), 215 g)","Soupy rice with chicken, Puerto Rican style (1 cup, with bone (yield after bone removed), 215 g)",food,324.6,26.0,35.5,8.7,2.5,3.0
FNDDS-2021-2023-58155510,"Soupy rice mixture with chicken and potatoes, Puerto Rican style (1 cup, 240 g)","Soupy rice mixture with chicken and potatoes, Puerto Rican style (1 cup, 240 g)",food,268.8,15.2,29.0,10.2,1.4,2.2
FNDDS-2021-2023-58155810,"Stewed rice, Puerto Rican style (1 cup, 170 g)","Stewed rice, Puerto Rican style (1 cup, 170 g)",food,380.8,6.7,56.8,13.3,0.6,1.2
FNDDS-2021-2023-58155910,"Rice with squid, Puerto Rican style (1 cup, 160 g)","Rice with squid, Puerto Rican style (1 cup, 160 g)",food,422.4,14.2,46.9,18.9,1.8,1.3
FNDDS-2021-2023-58156210,"Rice with vienna sausage, Puerto Rican style (1 cup, 180 g)","Rice with vienna sausage, Puerto Rican style (1 cup, 180 g)",food,484.2,11.6,60.3,20.9,0.7,1.4
FNDDS-2021-2023-58156310,"Rice with Spanish sausage, Puerto Rican style (1 cup, 180 g)","Rice with Spanish sausage, Puerto Rican style (1 cup, 180 g)",food,520.2,15.1,58.3,24.5,0.7,1.4
FNDDS-2021-2023-58156710,"Rice with stewed beans, Puerto Rican style (1 cup, 188 g)","Rice with stewed beans, Puerto Rican style (1 cup, 188 g)",food,259.4,6.9,43.2,6.1,0.2,2.8
FNDDS-2021-2023-58157300,"Congee, with meat, poultry, and/or seafood (1 cup, 255 g)","Congee, with meat, poultry, and/or seafood (1 cup, 255 g)",food,147.9,11.1,17.8,3.3,0.0,0.3
FNDDS-2021-2023-58157310,"Congee, with meat, poultry, and/or seafood, and vegetables (1 cup, 255 g)","Congee, with meat, poultry, and/or seafood, and vegetables (1 cup, 255 g)",food,122.4,7.0,19.0,1.8,0.5,0.8
FNDDS-2021-2023-58157320,"Congee, with vegetables (1 cup, 255 g)","Congee, with vegetables (1 cup, 255 g)",food,96.9,2.9,20.1,0.3,0.9,1.0
FNDDS-2021-2023-58157330,"Congee, with egg (1 cup, 255 g)","Congee, with egg (1 cup, 255 g)",food,153.0,8.0,17.6,5.3,0.1,0.3
FNDDS-2021-2023-58160000,"Biryani with vegetables (1 cup, 172 g)","Biryani with vegetables (1 cup, 172 g)",food,187.5,3.3,30.8,5.5,2.0,2.1
FNDDS-2021-2023-58160100,"Beans and rice, from fast food / restaurant (1 cup, 170 g)","Beans and rice, from fast food / restaurant (1 cup, 170 g)",food,314.5,10.7,41.5,11.9,0.3,6.1
FNDDS-2021-2023-58160102,"Kidney beans and rice, from fast food / restaurant (1 cup, 170 g)","Kidney beans and rice, from fast food / restaurant (1 cup, 170 g)",food,304.3,9.7,39.4,12.0,0.3,7.1
FNDDS-2021-2023-58160104,"Black beans and rice, from fast food / restaurant (1 cup, 170 g)","Black beans and rice, from fast food / restaurant (1 cup, 170 g)",food,309.4,9.9,40.3,12.1,0.3,8.3
FNDDS-2021-2023-58160106,"Pinto beans and rice, from fast food / restaurant (1 cup, 170 g)","Pinto beans and rice, from fast food / restaurant (1 cup, 170 g)",food,319.6,10.0,42.5,12.2,0.3,8.5
FNDDS-2021-2023-58160110,"Beans and white rice (1 cup, 170 g)","Beans and white rice (1 cup, 170 g)",food,278.8,11.0,42.8,7.2,0.4,6.3
FNDDS-2021-2023-58160120,"Beans and rice, with tomatoes (1 cup, 170 g)","Beans and rice, with tomatoes (1 cup, 170 g)",food,232.9,8.0,37.2,5.9,1.4,6.5
FNDDS-2021-2023-58160132,"Beans and rice, with meat (1 cup, 170 g)","Beans and rice, with meat (1 cup, 170 g)",food,275.4,12.7,39.9,7.2,0.4,7.5
FNDDS-2021-2023-58160150,"Kidney beans and white rice (1 cup, 170 g)","Kidney beans and white rice (1 cup, 170 g)",food,268.6,10.0,40.6,7.3,0.3,7.3
FNDDS-2021-2023-58160154,"Black beans and white rice (1 cup, 170 g)","Black beans and white rice (1 cup, 170 g)",food,272.0,10.2,41.5,7.3,0.3,8.5
FNDDS-2021-2023-58160156,"Pinto beans and white rice (1 cup, 170 g)","Pinto beans and white rice (1 cup, 170 g)",food,283.9,10.4,43.9,7.4,0.4,8.8
FNDDS-2021-2023-58160410,"Rice, white, with corn, no added fat (1 cup, 161 g)","Rice, white, with corn, no added fat (1 cup, 161 g)",food,188.4,4.3,41.5,0.6,1.3,1.4
FNDDS-2021-2023-58160420,"Rice, white, with corn, fat added (1 cup, 161 g)","Rice, white, with corn, fat added (1 cup, 161 g)",food,215.7,4.2,40.6,4.0,1.3,1.4
FNDDS-2021-2023-58160440,"Rice, white, with peas, no added fat (1 cup, 160 g)","Rice, white, with peas, no added fat (1 cup, 160 g)",food,185.6,5.3,39.4,0.4,1.8,2.2
FNDDS-2021-2023-58160450,"Rice, white, with peas, fat added (1 cup, 160 g)","Rice, white, with peas, fat added (1 cup, 160 g)",food,212.8,5.2,38.4,3.9,1.8,2.2
FNDDS-2021-2023-58160470,"Rice, white, with carrots, no added fat (1 cup, 160 g)","Rice, white, with carrots, no added fat (1 cup, 160 g)",food,169.6,3.5,37.0,0.4,1.4,1.6
FNDDS-2021-2023-58160480,"Rice, white, with carrots, fat added (1 cup, 160 g)","Rice, white, with carrots, fat added (1 cup, 160 g)",food,196.8,3.5,36.2,3.9,1.4,1.6
FNDDS-2021-2023-58160500,"Rice, white, with peas and carrots, no added fat (1 cup, 160 g)","Rice, white, with peas and carrots, no added fat (1 cup, 160 g)",food,177.6,4.4,38.1,0.5,1.8,2.1
FNDDS-2021-2023-58160510,"Rice, white, with peas and carrots, fat added (1 cup, 160 g)","Rice, white, with peas and carrots, fat added (1 cup, 160 g)",food,204.8,4.3,37.1,3.9,1.7,1.9
FNDDS-2021-2023-58160530,"Rice, white, with tomatoes and/or tomato-based sauce, no added fat (1 cup, 206 g)","Rice, white, with tomatoes and/or tomato-based sauce, no added fat (1 cup, 206 g)",food,187.5,4.2,40.8,0.6,1.8,1.9
FNDDS-2021-2023-58160540,"Rice, white, with tomatoes and/or tomato-based sauce, fat added (1 cup, 209 g)","Rice, white, with tomatoes and/or tomato-based sauce, fat added (1 cup, 209 g)",food,223.6,4.2,40.5,4.6,1.8,1.9
FNDDS-2021-2023-58160560,"Rice, white, with dark green vegetables, no added fat (1 cup, 172 g)","Rice, white, with dark green vegetables, no added fat (1 cup, 172 g)",food,184.0,4.6,39.0,0.5,0.7,1.5
FNDDS-2021-2023-58160570,"Rice, white, with dark green vegetables, fat added (1 cup, 172 g)","Rice, white, with dark green vegetables, fat added (1 cup, 172 g)",food,215.0,4.5,38.2,4.2,0.7,1.5
FNDDS-2021-2023-58160590,"Rice, white, with carrots and tomatoes and/or tomato-based sauce, no added fat (1 cup, 172 g)","Rice, white, with carrots and tomatoes and/or tomato-based sauce, no added fat (1 cup, 172 g)",food,168.6,3.6,36.6,0.4,1.5,1.7
FNDDS-2021-2023-58160600,"Rice, white, with carrots and tomatoes and/or tomato-based sauce, fat added (1 cup, 172 g)","Rice, white, with carrots and tomatoes and/or tomato-based sauce, fat added (1 cup, 172 g)",food,196.1,3.6,35.9,3.9,1.5,1.5
FNDDS-2021-2023-58160620,"Rice, white, with dark green vegetables and tomatoes and/or tomato-based sauce, no added fat (1 cup, 172 g)","Rice, white, with dark green vegetables and tomatoes and/or tomato-based sauce, no added fat (1 cup, 172 g)",food,170.3,4.0,36.5,0.5,1.1,1.5
FNDDS-2021-2023-58160630,"Rice, white, with dark green vegetables and tomatoes and/or tomato-based sauce, fat added (1 cup, 172 g)","Rice, white, with dark green vegetables and tomatoes and/or tomato-based sauce, fat added (1 cup, 172 g)",food,197.8,3.9,35.8,4.0,1.1,1.5
FNDDS-2021-2023-58160650,"Rice, white, with carrots and dark green vegetables, no added fat (1 cup, 172 g)","Rice, white, with carrots and dark green vegetables, no added fat (1 cup, 172 g)",food,184.0,4.2,39.6,0.5,1.1,1.7
FNDDS-2021-2023-58160660,"Rice, white, with carrots and dark green vegetables, fat added (1 cup, 172 g)","Rice, white, with carrots and dark green vegetables, fat added (1 cup, 172 g)",food,213.3,4.1,38.7,4.2,1.1,1.5
FNDDS-2021-2023-58160680,"Rice, white, with carrots, dark green vegetables, and tomatoes and/or tomato-based sauce, no added fat (1 cup, 172 g)","Rice, white, with carrots, dark green vegetables, and tomatoes and/or tomato-based sauce, no added fat (1 cup, 172 g)",food,173.7,4.0,37.5,0.5,1.3,1.5
FNDDS-2021-2023-58160690,"Rice, white, with carrots, dark green vegetables, and tomatoes and/or tomato-based sauce, fat added (1 cup, 172 g)","Rice, white, with carrots, dark green vegetables, and tomatoes and/or tomato-based sauce, fat added (1 cup, 172 g)",food,203.0,3.9,36.8,4.0,1.2,1.5
FNDDS-2021-2023-58160710,"Rice, white, with other vegetables, no added fat (1 cup, 172 g)","Rice, white, with other vegetables, no added fat (1 cup, 172 g)",food,184.0,4.1,39.9,0.4,1.6,1.2
FNDDS-2021-2023-58160720,"Rice, white, with other vegetables, fat added (1 cup, 172 g)","Rice, white, with other vegetables, fat added (1 cup, 172 g)",food,213.3,4.0,39.0,4.1,1.5,1.4
FNDDS-2021-2023-58160805,"Rice, white, with lentils, fat added (1 cup, 207 g)","Rice, white, with lentils, fat added (1 cup, 207 g)",food,310.5,11.4,44.3,10.0,2.7,8.5
FNDDS-2021-2023-58160810,"Rice, white, with lentils, no added fat (1 cup, 198 g)","Rice, white, with lentils, no added fat (1 cup, 198 g)",food,227.7,11.4,44.4,0.7,2.7,8.5
FNDDS-2021-2023-58161200,"Rice, cooked with coconut milk (1 cup, 200 g)","Rice, cooked with coconut milk (1 cup, 200 g)",food,534.0,7.1,53.2,34.4,6.7,3.8
FNDDS-2021-2023-58161320,"Beans and brown rice (1 cup, 170 g)","Beans and brown rice (1 cup, 170 g)",food,275.4,10.9,41.3,7.7,0.5,6.6
FNDDS-2021-2023-58161321,"Kidney beans and brown rice (1 cup, 170 g)","Kidney beans and brown rice (1 cup, 170 g)",food,263.5,9.9,39.1,7.9,0.5,7.6
FNDDS-2021-2023-58161322,"Black beans and brown rice (1 cup, 170 g)","Black beans and brown rice (1 cup, 170 g)",food,268.6,10.0,39.9,7.9,0.5,9.0
FNDDS-2021-2023-58161323,"Pinto beans and brown rice (1 cup, 170 g)","Pinto beans and brown rice (1 cup, 170 g)",food,278.8,10.2,42.3,8.0,0.5,9.2
FNDDS-2021-2023-58161422,"Rice, brown, with corn, no added fat (1 cup, 188 g)","Rice, brown, with corn, no added fat (1 cup, 188 g)",food,212.4,5.1,45.3,1.7,1.6,3.4
FNDDS-2021-2023-58161424,"Rice, brown, with corn, fat added (1 cup, 191 g)","Rice, brown, with corn, fat added (1 cup, 191 g)",food,244.5,5.0,45.3,5.2,1.6,3.2
FNDDS-2021-2023-58161432,"Rice, brown, with peas, no added fat (1 cup, 187 g)","Rice, brown, with peas, no added fat (1 cup, 187 g)",food,211.3,6.1,43.2,1.5,2.1,4.1
FNDDS-2021-2023-58161434,"Rice, brown, with peas, fat added (1 cup, 190 g)","Rice, brown, with peas, fat added (1 cup, 190 g)",food,241.3,6.0,42.9,5.0,2.1,4.2
FNDDS-2021-2023-58161437,"Rice, brown, with carrots, no added fat (1 cup, 186 g)","Rice, brown, with carrots, no added fat (1 cup, 186 g)",food,193.4,4.3,40.5,1.5,1.7,3.5
FNDDS-2021-2023-58161439,"Rice, brown, with carrots, fat added (1 cup, 189 g)","Rice, brown, with carrots, fat added (1 cup, 189 g)",food,224.9,4.3,40.4,5.0,1.7,3.6
FNDDS-2021-2023-58161442,"Rice, brown, with peas and carrots, no added fat (1 cup, 187 g)","Rice, brown, with peas and carrots, no added fat (1 cup, 187 g)",food,203.8,5.2,41.9,1.6,2.1,3.9
FNDDS-2021-2023-58161444,"Rice, brown, with peas and carrots, fat added (1 cup, 190 g)","Rice, brown, with peas and carrots, fat added (1 cup, 190 g)",food,233.7,5.2,41.8,5.1,2.1,3.8
FNDDS-2021-2023-58161462,"Rice, brown, with tomatoes and/or tomato based sauce, no added fat (1 cup, 243 g)","Rice, brown, with tomatoes and/or tomato based sauce, no added fat (1 cup, 243 g)",food,223.6,5.2,46.4,1.8,2.2,4.1
FNDDS-2021-2023-58161464,"Rice, brown, with tomatoes and/or tomato based sauce, fat added (1 cup, 243 g)","Rice, brown, with tomatoes and/or tomato based sauce, fat added (1 cup, 243 g)",food,255.2,5.2,45.7,5.9,2.2,4.1
FNDDS-2021-2023-58161472,"Rice, brown, with dark green vegetables, no added fat (1 cup, 186 g)","Rice, brown, with dark green vegetables, no added fat (1 cup, 186 g)",food,195.3,5.1,40.0,1.6,0.9,3.3
FNDDS-2021-2023-58161474,"Rice, brown, with dark green vegetables, fat added (1 cup, 189 g)","Rice, brown, with dark green vegetables, fat added (1 cup, 189 g)",food,226.8,5.0,39.9,5.0,0.9,3.2
FNDDS-2021-2023-58161482,"Rice, brown, with carrots and tomatoes and/or tomato-based sauce, no added fat (1 cup, 225 g)","Rice, brown, with carrots and tomatoes and/or tomato-based sauce, no added fat (1 cup, 225 g)",food,218.2,5.0,45.9,1.8,2.0,4.0
FNDDS-2021-2023-58161484,"Rice, brown, with carrots and tomatoes and/or tomato-based sauce, fat added (1 cup, 229 g)","Rice, brown, with carrots and tomatoes and/or tomato-based sauce, fat added (1 cup, 229 g)",food,254.2,5.0,45.8,5.7,2.1,3.9
FNDDS-2021-2023-58161492,"Rice, brown, with dark green vegetables and tomatoes and/or tomato-based sauce, no added fat (1 cup, 229 g)","Rice, brown, with dark green vegetables and tomatoes and/or tomato-based sauce, no added fat (1 cup, 229 g)",food,224.4,5.5,46.5,1.8,1.6,3.9
FNDDS-2021-2023-58161494,"Rice, brown, with dark green vegetables and tomatoes and/or tomato-based sauce, fat added (1 cup, 229 g)","Rice, brown, with dark green vegetables and tomatoes and/or tomato-based sauce, fat added (1 cup, 229 g)",food,251.9,5.5,44.4,5.6,1.6,3.9
FNDDS-2021-2023-58161502,"Rice, brown, with carrots and dark green vegetables, no added fat (1 cup, 186 g)","Rice, brown, with carrots and dark green vegetables, no added fat (1 cup, 186 g)",food,195.3,4.7,40.4,1.5,1.3,3.3
FNDDS-2021-2023-58161504,"Rice, brown, with carrots and dark green vegetables, fat added (1 cup, 189 g)","Rice, brown, with carrots and dark green vegetables, fat added (1 cup, 189 g)",food,226.8,4.7,40.3,5.0,1.3,3.4
FNDDS-2021-2023-58161510,"Grape leaves stuffed with rice (1 roll, 56 g)","Grape leaves stuffed with rice (1 roll, 56 g)",food,94.1,1.3,7.8,6.7,1.6,1.7
FNDDS-2021-2023-58161522,"Rice, brown, with carrots, dark green vegetables, and tomatoes and/or tomato-based sauce, no added fat (1 cup, 220 g)","Rice, brown, with carrots, dark green vegetables, and tomatoes and/or tomato-based sauce, no added fat (1 cup, 220 g)",food,220.0,5.3,45.8,1.8,1.7,4.0
FNDDS-2021-2023-58161524,"Rice, brown, with carrots, dark green vegetables, and tomatoes and/or tomato-based sauce, fat added (1 cup, 186 g)","Rice, brown, with carrots, dark green vegetables, and tomatoes and/or tomato-based sauce, fat added (1 cup, 186 g)",food,212.0,4.4,37.9,4.8,1.4,3.2
FNDDS-2021-2023-58161532,"Rice, brown, with other vegetables, no added fat (1 cup, 186 g)","Rice, brown, with other vegetables, no added fat (1 cup, 186 g)",food,195.3,4.6,40.7,1.5,1.8,3.0
FNDDS-2021-2023-58161534,"Rice, brown, with other vegetables, fat added (1 cup, 190 g)","Rice, brown, with other vegetables, fat added (1 cup, 190 g)",food,226.1,4.6,40.9,5.0,1.8,3.0
FNDDS-2021-2023-58161710,"Rice croquette (1 croquette (1-1/2"" dia, 2"" high), 62 g)","Rice croquette (1 croquette (1-1/2"" dia, 2"" high), 62 g)",food,95.5,2.1,12.5,4.1,0.4,0.6
FNDDS-2021-2023-58162090,"Stuffed pepper, with meat (1/2 pepper with filling, 149 g)","Stuffed pepper, with meat (1/2 pepper with filling, 149 g)",food,295.0,13.7,6.3,23.7,2.4,1.0
FNDDS-2021-2023-58162110,"Stuffed pepper, with rice and meat (1/2 pepper with filling, 149 g)","Stuffed pepper, with rice and meat (1/2 pepper with filling, 149 g)",food,265.2,11.7,14.8,17.4,3.3,1.0
FNDDS-2021-2023-58162120,"Stuffed pepper, with rice, meatless (1/2 pepper with filling, 149 g)","Stuffed pepper, with rice, meatless (1/2 pepper with filling, 149 g)",food,247.3,5.6,17.9,16.8,2.2,1.0
FNDDS-2021-2023-58162130,"Stuffed tomato, with rice and meat (1 tomato with filling, 149 g)","Stuffed tomato, with rice and meat (1 tomato with filling, 149 g)",food,147.5,7.1,14.7,6.8,3.1,1.5
FNDDS-2021-2023-58162140,"Stuffed tomato, with rice, meatless (1 tomato with filling, 149 g)","Stuffed tomato, with rice, meatless (1 tomato with filling, 149 g)",food,114.7,2.4,19.4,3.2,3.4,1.6
FNDDS-2021-2023-58162310,"Rice pilaf (1 cup, 206 g)","Rice pilaf (1 cup, 206 g)",food,282.2,6.8,49.6,6.2,1.0,0.8
FNDDS-2021-2023-58163130,"Dirty rice (1 cup, 198 g)","Dirty rice (1 cup, 198 g)",food,221.8,10.1,34.1,4.5,1.7,1.2
FNDDS-2021-2023-58163310,"Flavored rice mixture (1 cup, 218 g)","Flavored rice mixture (1 cup, 218 g)",food,276.9,4.1,43.2,9.3,1.2,0.9
FNDDS-2021-2023-58163330,"Flavored rice mixture with cheese (1 cup, 230 g)","Flavored rice mixture with cheese (1 cup, 230 g)",food,285.2,6.9,58.0,2.8,4.1,1.4
FNDDS-2021-2023-58163360,"Flavored rice, brown and wild (1 cup, 217 g)","Flavored rice, brown and wild (1 cup, 217 g)",food,230.0,5.9,41.9,4.7,0.8,2.4
FNDDS-2021-2023-58163380,"Flavored rice and pasta mixture (1 cup, beef flavor, 184 g)","Flavored rice and pasta mixture (1 cup, beef flavor, 184 g)",food,217.1,4.9,35.1,6.4,0.3,0.6
FNDDS-2021-2023-58163400,"Flavored rice and pasta mixture, reduced sodium (1 cup, 196 g)","Flavored rice and pasta mixture, reduced sodium (1 cup, 196 g)",food,217.6,5.1,33.9,6.7,1.5,1.2
FNDDS-2021-2023-58163405,"Spanish rice, from restaurant (1 cup, 243 g)","Spanish rice, from restaurant (1 cup, 243 g)",food,449.6,8.0,75.8,12.9,3.2,2.9
FNDDS-2021-2023-58163410,"Spanish rice, fat added (1 cup, 243 g)","Spanish rice, fat added (1 cup, 243 g)",food,279.5,7.0,47.6,6.3,3.8,2.7
FNDDS-2021-2023-58163420,"Spanish rice, no added fat (1 cup, 243 g)","Spanish rice, no added fat (1 cup, 243 g)",food,245.4,7.1,48.4,2.5,3.8,2.7
FNDDS-2021-2023-58163450,"Spanish rice with ground beef (1 cup, 230 g)","Spanish rice with ground beef (1 cup, 230 g)",food,374.9,22.3,34.0,15.9,2.7,1.8
FNDDS-2021-2023-58163510,"Rice dressing (1 cup, 167 g)","Rice dressing (1 cup, 167 g)",food,183.7,3.3,29.4,5.5,1.2,1.0
FNDDS-2021-2023-58164110,"Rice with raisins (1 cup, 185 g)","Rice with raisins (1 cup, 185 g)",food,299.7,4.9,59.4,4.8,12.0,1.5
FNDDS-2021-2023-58164210,"Rice dessert or salad with fruit (1 cup, 155 g)","Rice dessert or salad with fruit (1 cup, 155 g)",food,238.7,2.2,32.2,11.3,17.1,0.9
FNDDS-2021-2023-58164510,"Rice, white, with cheese and/or cream based sauce, no added fat (1 cup, 204 g)","Rice, white, with cheese and/or cream based sauce, no added fat (1 cup, 204 g)",food,310.1,10.7,41.6,10.6,0.2,0.6
FNDDS-2021-2023-58164520,"Rice, white, with cheese and/or cream based sauce, fat added (1 cup, 204 g)","Rice, white, with cheese and/or cream based sauce, fat added (1 cup, 204 g)",food,338.6,10.5,40.8,14.3,0.2,0.6
FNDDS-2021-2023-58164540,"Rice, white, with gravy, no added fat (1 cup, 237 g)","Rice, white, with gravy, no added fat (1 cup, 237 g)",food,241.7,4.8,48.3,2.5,0.3,0.7
FNDDS-2021-2023-58164550,"Rice, white, with gravy, fat added (1 cup, 237 g)","Rice, white, with gravy, fat added (1 cup, 237 g)",food,277.3,4.7,47.4,7.0,0.3,0.7
FNDDS-2021-2023-58164570,"Rice, white, with soy-based sauce, no added fat (1 cup, 237 g)","Rice, white, with soy-based sauce, no added fat (1 cup, 237 g)",food,239.4,4.9,51.9,0.7,3.1,0.7
FNDDS-2021-2023-58164580,"Rice, white, with soy-based sauce, fat added (1 cup, 237 g)","Rice, white, with soy-based sauce, fat added (1 cup, 237 g)",food,277.3,4.8,51.0,5.2,3.0,0.7
FNDDS-2021-2023-58164810,"Rice, brown, with cheese and/or cream based sauce, no added fat (1 cup, 277 g)","Rice, brown, with cheese and/or cream based sauce, no added fat (1 cup, 277 g)",food,398.9,13.7,54.3,14.0,0.6,3.3
FNDDS-2021-2023-58164820,"Rice, brown, with cheese and/or cream based sauce, fat added (1 cup, 282 g)","Rice, brown, with cheese and/or cream based sauce, fat added (1 cup, 282 g)",food,442.7,13.7,54.4,18.7,0.6,3.1
FNDDS-2021-2023-58164840,"Rice, brown, with gravy, no added fat (1 cup, 237 g)","Rice, brown, with gravy, no added fat (1 cup, 237 g)",food,239.4,5.1,46.5,3.4,0.6,2.8
FNDDS-2021-2023-58164850,"Rice, brown, with gravy, fat added (1 cup, 237 g)","Rice, brown, with gravy, fat added (1 cup, 237 g)",food,270.2,5.0,45.7,7.3,0.6,2.6
FNDDS-2021-2023-58164870,"Rice, brown, with soy-based sauce, no added fat (1 cup, 237 g)","Rice, brown, with soy-based sauce, no added fat (1 cup, 237 g)",food,237.0,5.1,49.5,1.8,3.0,2.8
FNDDS-2021-2023-58164880,"Rice, brown, with soy-based sauce, fat added (1 cup, 237 g)","Rice, brown, with soy-based sauce, fat added (1 cup, 237 g)",food,270.2,5.1,48.8,5.7,3.0,2.6
FNDDS-2021-2023-58165010,"Rice, white, with vegetables, cheese and/or cream based sauce, no added fat (1 cup, 258 g)","Rice, white, with vegetables, cheese and/or cream based sauce, no added fat (1 cup, 258 g)",food,345.7,12.3,48.8,10.8,1.8,2.8
FNDDS-2021-2023-58165020,"Rice, white, with vegetables, cheese and/or cream based sauce, fat added (1 cup, 262 g)","Rice, white, with vegetables, cheese and/or cream based sauce, fat added (1 cup, 262 g)",food,382.5,12.3,48.7,14.8,1.8,2.9
FNDDS-2021-2023-58165040,"Rice, white, with vegetables and gravy, no added fat (1 cup, 256 g)","Rice, white, with vegetables and gravy, no added fat (1 cup, 256 g)",food,243.2,5.6,48.4,2.3,1.9,2.8
FNDDS-2021-2023-58165050,"Rice, white, with vegetables and gravy, fat added (1 cup, 260 g)","Rice, white, with vegetables and gravy, fat added (1 cup, 260 g)",food,278.2,5.6,48.4,6.2,1.9,2.9
FNDDS-2021-2023-58165070,"Rice, white, with vegetables, soy-based sauce, no added fat (1 cup, 255 g)","Rice, white, with vegetables, soy-based sauce, no added fat (1 cup, 255 g)",food,239.7,5.7,51.3,0.7,4.3,2.8
FNDDS-2021-2023-58165080,"Rice, white, with vegetables, soy-based sauce, fat added (1 cup, 258 g)","Rice, white, with vegetables, soy-based sauce, fat added (1 cup, 258 g)",food,273.5,5.6,51.1,4.6,4.3,2.8
FNDDS-2021-2023-58165410,"Rice, brown, with vegetables, cheese and/or cream based sauce, no added fat (1 cup, 289 g)","Rice, brown, with vegetables, cheese and/or cream based sauce, no added fat (1 cup, 289 g)",food,375.7,13.2,53.2,12.1,2.1,4.9
FNDDS-2021-2023-58165420,"Rice, brown, with vegetables, cheese and/or cream based sauce, fat added (1 cup, 293 g)","Rice, brown, with vegetables, cheese and/or cream based sauce, fat added (1 cup, 293 g)",food,410.2,13.2,53.3,16.0,2.2,5.0
FNDDS-2021-2023-58165440,"Rice, brown, with vegetables and gravy, no added fat (1 cup, 288 g)","Rice, brown, with vegetables and gravy, no added fat (1 cup, 288 g)",food,270.7,6.5,53.0,3.5,2.2,4.9
FNDDS-2021-2023-58165450,"Rice, brown, with vegetables and gravy, fat added (1 cup, 292 g)","Rice, brown, with vegetables and gravy, fat added (1 cup, 292 g)",food,306.6,6.5,53.1,7.5,2.2,5.0
FNDDS-2021-2023-58165470,"Rice, brown, with vegetables, soy-based sauce, no added fat (1 cup, 286 g)","Rice, brown, with vegetables, soy-based sauce, no added fat (1 cup, 286 g)",food,268.8,6.6,55.8,1.9,4.6,4.9
FNDDS-2021-2023-58165480,"Rice, brown, with vegetables, soy-based sauce, fat added (1 cup, 290 g)","Rice, brown, with vegetables, soy-based sauce, fat added (1 cup, 290 g)",food,304.5,6.6,55.7,5.9,4.6,4.9
FNDDS-2021-2023-58174000,"Upma (1 cup, cooked, 170 g)","Upma (1 cup, cooked, 170 g)",food,147.9,3.4,23.5,4.5,2.7,2.2
FNDDS-2021-2023-58174100,"Dosa, with filling (1 small, 113 g)","Dosa, with filling (1 small, 113 g)",dessert,207.9,6.2,34.8,4.8,1.2,2.5
FNDDS-2021-2023-58175000,"Vada (1 item, any size, 30 g)","Vada (1 item, any size, 30 g)",food,79.8,3.8,10.0,2.9,0.4,1.7
FNDDS-2021-2023-58175110,"Tabbouleh (1 cup, 160 g)","Tabbouleh (1 cup, 160 g)",food,203.2,2.6,15.4,15.5,2.1,2.9
FNDDS-2021-2023-58200210,"Vegetable sandwich on white (1 regular, 165 g)","Vegetable sandwich on white (1 regular, 165 g)",food,198.0,6.5,35.5,3.5,6.6,2.6
FNDDS-2021-2023-58200220,"Vegetable sandwich on white, with cheese (1 regular, 185 g)","Vegetable sandwich on white, with cheese (1 regular, 185 g)",food,271.9,10.8,36.3,9.5,7.1,2.6
FNDDS-2021-2023-58200230,"Vegetable sandwich on wheat (1 regular, 165 g)","Vegetable sandwich on wheat (1 regular, 165 g)",food,196.3,7.7,33.2,3.7,6.5,4.5
FNDDS-2021-2023-58200240,"Vegetable sandwich on wheat, with cheese (1 regular, 185 g)","Vegetable sandwich on wheat, with cheese (1 regular, 185 g)",food,270.1,12.0,34.0,9.7,7.1,4.4
FNDDS-2021-2023-58200250,"Vegetable sandwich wrap (1 sandwich, any size, 165 g)","Vegetable sandwich wrap (1 sandwich, any size, 165 g)",food,264.0,8.9,32.5,10.8,5.5,3.0
FNDDS-2021-2023-58201005,"Jelly sandwich, on white bread (1 sandwich, 100 g)","Jelly sandwich, on white bread (1 sandwich, 100 g)",food,267.0,5.7,57.5,2.2,23.7,1.8
FNDDS-2021-2023-58201015,"Jelly sandwich, on wheat bread (1 sandwich, 100 g)","Jelly sandwich, on wheat bread (1 sandwich, 100 g)",food,265.0,6.9,55.2,2.4,23.6,3.6
FNDDS-2021-2023-58302080,"Noodles with vegetables in tomato-based sauce, diet frozen meal (1 meal (10 oz), 284 g)","Noodles with vegetables in tomato-based sauce, diet frozen meal (1 meal (10 oz), 284 g)",food,198.8,10.3,30.7,4.4,7.7,4.8
FNDDS-2021-2023-58304060,"Spaghetti with meat sauce, diet frozen meal (1 meal (10.5 oz), 298 g)","Spaghetti with meat sauce, diet frozen meal (1 meal (10.5 oz), 298 g)",food,336.7,16.6,45.0,10.1,8.6,4.5
FNDDS-2021-2023-58310310,"Pancakes and sausage, frozen meal (1 meal (6 oz), 170 g)","Pancakes and sausage, frozen meal (1 meal (6 oz), 170 g)",food,462.4,15.3,47.4,23.5,16.3,1.0
FNDDS-2021-2023-58400200,"Soup, rice (1 cup, 245 g)","Soup, rice (1 cup, 245 g)",food,125.0,8.7,16.6,2.8,1.9,1.2
FNDDS-2021-2023-58401010,"Soup, barley (1 cup, 245 g)","Soup, barley (1 cup, 245 g)",food,142.1,8.2,16.3,5.1,2.0,2.7
FNDDS-2021-2023-58403010,"Soup, chicken noodle, canned (1 cup, 245 g)","Soup, chicken noodle, canned (1 cup, 245 g)",food,102.9,5.8,14.7,2.4,2.9,2.0
FNDDS-2021-2023-58403040,"Soup, chicken noodle (1 cup, 245 g)","Soup, chicken noodle (1 cup, 245 g)",food,129.9,9.4,15.2,3.4,2.0,1.7
FNDDS-2021-2023-58403060,"Soup, chicken, canned, reduced sodium (1 cup, 245 g)","Soup, chicken, canned, reduced sodium (1 cup, 245 g)",food,83.3,4.9,11.9,1.8,3.0,2.2
FNDDS-2021-2023-58404500,"Soup, Matzo ball (1 cup, 245 g)","Soup, Matzo ball (1 cup, 245 g)",food,178.9,7.6,26.2,4.8,2.6,2.2
FNDDS-2021-2023-58407030,"Soup, ramen noodles, water added (1 cup, 245 g)","Soup, ramen noodles, water added (1 cup, 245 g)",food,161.7,3.7,22.1,6.5,0.7,1.0
FNDDS-2021-2023-58407038,"Ramen bowl with beef (1 cup, 245 g)","Ramen bowl with beef (1 cup, 245 g)",food,335.7,16.7,37.7,12.7,1.1,2.5
FNDDS-2021-2023-58407042,"Ramen bowl with chicken (1 cup, 245 g)","Ramen bowl with chicken (1 cup, 245 g)",food,308.7,17.2,37.7,9.5,1.1,2.5
FNDDS-2021-2023-58407046,"Ramen bowl with fish (1 cup, 245 g)","Ramen bowl with fish (1 cup, 245 g)",food,274.4,14.2,37.7,7.0,1.1,2.5
FNDDS-2021-2023-58407052,"Ramen bowl, vegetarian (1 cup, 245 g)","Ramen bowl, vegetarian (1 cup, 245 g)",food,264.6,9.8,38.2,8.2,1.3,2.7
FNDDS-2021-2023-58407056,"Ramen bowl with meat and egg (1 cup, 245 g)","Ramen bowl with meat and egg (1 cup, 245 g)",food,311.2,17.5,34.3,11.2,1.0,2.2
FNDDS-2021-2023-58407060,"Ramen bowl, vegetarian with egg (1 cup, 245 g)","Ramen bowl, vegetarian with egg (1 cup, 245 g)",food,274.4,11.9,34.5,9.8,1.2,2.5
FNDDS-2021-2023-58408010,"Soup, wonton (1 cup, 245 g)","Soup, wonton (1 cup, 245 g)",food,80.9,5.9,7.2,3.2,1.8,0.7
FNDDS-2021-2023-58421020,"Soup, sopa de fideo aguada (1 cup, 245 g)","Soup, sopa de fideo aguada (1 cup, 245 g)",food,232.8,6.2,33.6,8.1,2.8,2.7
FNDDS-2021-2023-58421080,"Soup, tortilla (1 cup, 245 g)","Soup, tortilla (1 cup, 245 g)",food,249.9,10.3,30.9,10.2,2.1,3.2
FNDDS-2021-2023-59003000,"Meat substitute, cereal- and vegetable protein-based, fried (1 cup, cubes, 146 g)","Meat substitute, cereal- and vegetable protein-based, fried (1 cup, cubes, 146 g)",food,524.1,18.7,89.4,10.6,0.7,13.0
FNDDS-2021-2023-61100600,"Clementine, raw (1 fruit, 85 g)","Clementine, raw (1 fruit, 85 g)",food,45.0,0.7,11.3,0.3,9.0,1.5
FNDDS-2021-2023-61101010,"Grapefruit, raw (1 fruit, 308 g)","Grapefruit, raw (1 fruit, 308 g)",food,129.4,2.4,33.0,0.4,21.2,4.9
FNDDS-2021-2023-61101200,"Grapefruit, canned (1 section/slice, 25 g)","Grapefruit, canned (1 section/slice, 25 g)",food,9.0,0.1,2.3,0.0,2.2,0.1
FNDDS-2021-2023-61110010,"Kumquat, raw (1 fruit, 19 g)","Kumquat, raw (1 fruit, 19 g)",food,13.5,0.4,3.0,0.2,1.8,1.2
FNDDS-2021-2023-61113010,"Lemon, raw (1 fruit, 65 g)","Lemon, raw (1 fruit, 65 g)",food,18.9,0.7,6.1,0.2,1.6,1.8
FNDDS-2021-2023-61113500,"Lemon pie filling (1 cup, 260 g)","Lemon pie filling (1 cup, 260 g)",dessert,920.4,12.2,179.1,18.0,161.7,1.0
FNDDS-2021-2023-61116010,"Lime, raw (1 fruit, 65 g)","Lime, raw (1 fruit, 65 g)",food,19.5,0.5,6.8,0.1,1.1,1.8
FNDDS-2021-2023-61119010,"Orange, raw (1 fruit, 154 g)","Orange, raw (1 fruit, 154 g)",food,77.0,1.4,18.2,0.2,13.8,3.4
FNDDS-2021-2023-61122320,"Orange, canned, juice pack (1 section/slice, 8 g)","Orange, canned, juice pack (1 section/slice, 8 g)",food,3.0,0.0,0.8,0.0,0.7,0.1
FNDDS-2021-2023-61122330,"Orange, canned, in syrup (1 section/slice, 8 g)","Orange, canned, in syrup (1 section/slice, 8 g)",food,4.4,0.0,1.1,0.0,1.1,0.1
FNDDS-2021-2023-61125010,"Tangerine, raw (1 fruit, 109 g)","Tangerine, raw (1 fruit, 109 g)",food,57.8,0.9,14.5,0.3,11.6,2.0
FNDDS-2021-2023-61201010,"Grapefruit juice, 100%, freshly squeezed (1 fl oz (no ice), 31 g)","Grapefruit juice, 100%, freshly squeezed (1 fl oz (no ice), 31 g)",drink,12.1,0.2,2.9,0.0,2.8,0.0
FNDDS-2021-2023-61201220,"Grapefruit juice, 100%, canned, bottled or in a carton (1 fl oz (no ice), 31 g)","Grapefruit juice, 100%, canned, bottled or in a carton (1 fl oz (no ice), 31 g)",drink,12.4,0.2,2.6,0.1,2.3,0.1
FNDDS-2021-2023-61201225,"Grapefruit juice, 100%, with calcium added (1 fl oz (no ice), 31 g)","Grapefruit juice, 100%, with calcium added (1 fl oz (no ice), 31 g)",drink,12.1,0.2,2.4,0.2,2.5,0.1
FNDDS-2021-2023-61204010,"Lemon juice, 100%, freshly squeezed (1 fl oz (no ice), 31 g)","Lemon juice, 100%, freshly squeezed (1 fl oz (no ice), 31 g)",food,6.8,0.1,2.1,0.1,0.8,0.1
FNDDS-2021-2023-61204200,"Lemon juice, 100%, canned or bottled (1 fl oz (no ice), 31 g)","Lemon juice, 100%, canned or bottled (1 fl oz (no ice), 31 g)",food,5.3,0.1,1.7,0.0,0.5,0.2
FNDDS-2021-2023-61207010,"Lime juice, 100%, freshly squeezed (1 fl oz (no ice), 31 g)","Lime juice, 100%, freshly squeezed (1 fl oz (no ice), 31 g)",food,7.8,0.1,2.6,0.0,0.5,0.1
FNDDS-2021-2023-61207200,"Lime juice, 100%, canned or bottled (1 fl oz (no ice), 31 g)","Lime juice, 100%, canned or bottled (1 fl oz (no ice), 31 g)",food,6.5,0.1,2.1,0.1,0.4,0.1
FNDDS-2021-2023-61210010,"Orange juice, 100%,  freshly squeezed (1 fl oz (no ice), 31 g)","Orange juice, 100%,  freshly squeezed (1 fl oz (no ice), 31 g)",drink,14.6,0.3,3.1,0.1,2.5,0.1
FNDDS-2021-2023-61210220,"Orange juice, 100%, canned, bottled or in a carton (1 fl oz (no ice), 31 g)","Orange juice, 100%, canned, bottled or in a carton (1 fl oz (no ice), 31 g)",drink,14.6,0.2,3.2,0.1,2.5,0.1
FNDDS-2021-2023-61210250,"Orange juice, 100%, with calcium added, canned, bottled or in a carton (1 fl oz (no ice), 31 g)","Orange juice, 100%, with calcium added, canned, bottled or in a carton (1 fl oz (no ice), 31 g)",drink,14.6,0.2,3.2,0.1,2.5,0.1
FNDDS-2021-2023-61210620,"Orange juice, 100%, frozen, reconstituted (1 fl oz (no ice), 31 g)","Orange juice, 100%, frozen, reconstituted (1 fl oz (no ice), 31 g)",drink,13.0,0.2,3.1,0.0,2.6,0.1
FNDDS-2021-2023-61210720,"Orange juice, 100%, frozen, not reconstituted (1 cup, 284 g)","Orange juice, 100%, frozen, not reconstituted (1 cup, 284 g)",drink,420.3,6.8,100.0,0.7,84.3,2.8
FNDDS-2021-2023-61210820,"Orange juice, 100%, with calcium added, frozen, reconstituted (1 fl oz (no ice), 31 g)","Orange juice, 100%, with calcium added, frozen, reconstituted (1 fl oz (no ice), 31 g)",drink,13.0,0.2,3.0,0.0,2.6,0.1
FNDDS-2021-2023-61213220,"Tangerine juice, 100% (1 fl oz (no ice), 31 g)","Tangerine juice, 100% (1 fl oz (no ice), 31 g)",drink,13.3,0.2,3.1,0.1,3.1,0.1
FNDDS-2021-2023-61213800,"Fruit juice blend, citrus, 100% juice (1 fl oz (no ice), 31 g)","Fruit juice blend, citrus, 100% juice (1 fl oz (no ice), 31 g)",drink,14.6,0.2,3.2,0.1,2.5,0.1
FNDDS-2021-2023-62101100,"Apple, dried (1 slice/chunk, 8 g)","Apple, dried (1 slice/chunk, 8 g)",food,19.4,0.1,5.3,0.0,4.6,0.7
FNDDS-2021-2023-62104100,"Apricot, dried (1 slice/chunk, 8 g)","Apricot, dried (1 slice/chunk, 8 g)",food,19.3,0.3,5.0,0.0,4.3,0.6
FNDDS-2021-2023-62105000,"Blueberries, dried (1 cup, 160 g)","Blueberries, dried (1 cup, 160 g)",food,507.2,4.0,128.0,4.0,108.0,12.0
FNDDS-2021-2023-62106000,"Cherries, dried (1 cherry, 1 g)","Cherries, dried (1 cherry, 1 g)",food,3.3,0.0,0.8,0.0,0.7,0.0
FNDDS-2021-2023-62107200,"Banana chips (1 slice, 2 g)","Banana chips (1 slice, 2 g)",food,10.4,0.0,1.2,0.7,0.7,0.2
FNDDS-2021-2023-62108100,"Currants, dried (1 cup, 160 g)","Currants, dried (1 cup, 160 g)",food,464.0,5.5,123.2,0.4,99.7,7.0
FNDDS-2021-2023-62109100,"Cranberries, dried (1 cup, 160 g)","Cranberries, dried (1 cup, 160 g)",food,492.8,0.3,132.5,1.7,116.2,8.5
FNDDS-2021-2023-62110100,"Date (1 date, 8 g)","Date (1 date, 8 g)",food,22.6,0.2,6.0,0.0,5.1,0.6
FNDDS-2021-2023-62113100,"Fig, dried (1 fig, 8 g)","Fig, dried (1 fig, 8 g)",food,22.2,0.3,5.1,0.1,3.8,0.8
FNDDS-2021-2023-62114050,"Mango, dried (1 slice/chunk, 8 g)","Mango, dried (1 slice/chunk, 8 g)",food,25.5,0.2,6.3,0.1,5.3,0.2
FNDDS-2021-2023-62114110,"Papaya, dried (1 slice/chunk, 8 g)","Papaya, dried (1 slice/chunk, 8 g)",food,24.2,0.1,6.0,0.1,5.4,0.4
FNDDS-2021-2023-62116100,"Peach, dried (1 half, 15 g)","Peach, dried (1 half, 15 g)",food,35.9,0.5,9.2,0.1,6.3,1.2
FNDDS-2021-2023-62119100,"Pear, dried (1 half, 15 g)","Pear, dried (1 half, 15 g)",food,39.3,0.3,10.5,0.1,9.3,1.1
FNDDS-2021-2023-62120000,"Persimmon, dried (1 slice/chunk, 8 g)","Persimmon, dried (1 slice/chunk, 8 g)",food,29.9,0.1,7.7,0.1,6.4,0.8
FNDDS-2021-2023-62120100,"Pineapple, dried (1 slice/chunk, 8 g)","Pineapple, dried (1 slice/chunk, 8 g)",food,27.8,0.1,6.7,0.1,6.2,0.2
FNDDS-2021-2023-62122100,"Prune, dried (1 prune, 8 g)","Prune, dried (1 prune, 8 g)",food,19.2,0.2,5.1,0.0,3.0,0.6
FNDDS-2021-2023-62125100,"Raisins (1 miniature box (.5 oz), 14 g)","Raisins (1 miniature box (.5 oz), 14 g)",food,41.9,0.5,11.1,0.0,9.1,0.6
FNDDS-2021-2023-63100110,"Fruit, pickled (1 slice/chunk, 30 g)","Fruit, pickled (1 slice/chunk, 30 g)",food,18.9,0.2,4.6,0.1,4.1,0.4
FNDDS-2021-2023-63101000,"Apple, raw (1 small, 165 g)","Apple, raw (1 small, 165 g)",food,100.6,0.3,24.4,0.2,20.0,3.5
FNDDS-2021-2023-63101110,"Applesauce, regular (1 snack size container, 113 g)","Applesauce, regular (1 snack size container, 113 g)",food,84.7,0.3,20.3,0.2,17.6,1.1
FNDDS-2021-2023-63101120,"Applesauce, unsweetened (1 snack size container, 113 g)","Applesauce, unsweetened (1 snack size container, 113 g)",food,58.8,0.3,13.9,0.2,10.9,1.2
FNDDS-2021-2023-63101150,"Applesauce, flavored (1 snack size container, 113 g)","Applesauce, flavored (1 snack size container, 113 g)",food,84.7,0.3,20.3,0.2,17.6,1.1
FNDDS-2021-2023-63101210,"Apple pie filling (1 cup, 260 g)","Apple pie filling (1 cup, 260 g)",food,260.0,0.3,67.9,0.3,35.9,2.6
FNDDS-2021-2023-63101310,"Apple, baked (1 apple, any size, 210 g)","Apple, baked (1 apple, any size, 210 g)",food,237.3,0.7,47.7,6.5,39.9,5.2
FNDDS-2021-2023-63103010,"Apricot, raw (1 apricot, 35 g)","Apricot, raw (1 apricot, 35 g)",food,16.8,0.5,3.9,0.1,3.2,0.7
FNDDS-2021-2023-63103110,"Apricot, canned (1 half, 18 g)","Apricot, canned (1 half, 18 g)",food,10.3,0.1,2.5,0.0,2.2,0.3
FNDDS-2021-2023-63105010,"Avocado, raw (1 slice, 15 g)","Avocado, raw (1 slice, 15 g)",food,24.0,0.3,1.3,2.2,0.1,1.0
FNDDS-2021-2023-63107010,"Banana, raw (1 banana, 126 g)","Banana, raw (1 banana, 126 g)",food,122.2,0.9,28.6,0.4,19.9,2.1
FNDDS-2021-2023-63107410,"Banana, baked (1 banana, 140 g)","Banana, baked (1 banana, 140 g)",food,225.4,1.1,45.4,4.5,34.6,2.5
FNDDS-2021-2023-63109010,"Cantaloupe, raw (1 cube, 15 g)","Cantaloupe, raw (1 cube, 15 g)",food,5.7,0.1,1.2,0.0,1.2,0.1
FNDDS-2021-2023-63109015,"Melon, frozen (1 cup, 150 g)","Melon, frozen (1 cup, 150 g)",food,52.5,1.0,12.4,0.2,11.1,1.0
FNDDS-2021-2023-63109700,"Starfruit, raw (1 fruit, 90 g)","Starfruit, raw (1 fruit, 90 g)",food,27.9,0.9,6.1,0.3,3.6,2.5
FNDDS-2021-2023-63111010,"Cherries, maraschino (1 cherry, 5 g)","Cherries, maraschino (1 cherry, 5 g)",food,8.2,0.0,2.1,0.0,1.9,0.2
FNDDS-2021-2023-63113030,"Cherry pie filling (1 cup, 260 g)","Cherry pie filling (1 cup, 260 g)",dessert,317.2,1.6,74.4,2.4,65.0,2.3
FNDDS-2021-2023-63115010,"Cherries, raw (1 cherry, 7 g)","Cherries, raw (1 cherry, 7 g)",food,5.0,0.1,1.1,0.0,1.0,0.1
FNDDS-2021-2023-63115110,"Cherries, canned (1 cherry, 7 g)","Cherries, canned (1 cherry, 7 g)",food,5.2,0.0,1.3,0.0,1.2,0.1
FNDDS-2021-2023-63115200,"Cherries, frozen (1 cherry, 7 g)","Cherries, frozen (1 cherry, 7 g)",food,5.0,0.1,1.1,0.0,1.0,0.1
FNDDS-2021-2023-63116010,"Dragon fruit (1 fruit, 75 g)","Dragon fruit (1 fruit, 75 g)",food,51.0,0.5,12.1,0.2,9.0,1.4
FNDDS-2021-2023-63119010,"Fig, raw (1 fig, 50 g)","Fig, raw (1 fig, 50 g)",food,37.0,0.4,9.6,0.1,8.2,1.4
FNDDS-2021-2023-63119110,"Fig, canned (1 fig, 28 g)","Fig, canned (1 fig, 28 g)",food,21.3,0.2,5.4,0.1,4.8,0.6
FNDDS-2021-2023-63123000,"Grapes, raw (1 grape, 7 g)","Grapes, raw (1 grape, 7 g)",food,5.8,0.1,1.4,0.0,1.2,0.1
FNDDS-2021-2023-63125010,"Guava, raw (1 fruit, 55 g)","Guava, raw (1 fruit, 55 g)",food,37.4,1.4,7.9,0.5,4.9,3.0
FNDDS-2021-2023-63126500,"Kiwi fruit, raw (1 fruit, 75 g)","Kiwi fruit, raw (1 fruit, 75 g)",food,48.0,0.8,10.5,0.3,6.7,2.2
FNDDS-2021-2023-63126510,"Lychee (1 lychee, 10 g)","Lychee (1 lychee, 10 g)",food,6.6,0.1,1.7,0.0,1.5,0.1
FNDDS-2021-2023-63127010,"Honeydew melon, raw (1 cube, 15 g)","Honeydew melon, raw (1 cube, 15 g)",food,5.4,0.1,1.4,0.0,1.2,0.1
FNDDS-2021-2023-63129010,"Mango, raw (1 slice/chunk, 25 g)","Mango, raw (1 slice/chunk, 25 g)",food,15.0,0.2,3.8,0.1,3.4,0.4
FNDDS-2021-2023-63129030,"Mango, canned (1 slice/chunk, 25 g)","Mango, canned (1 slice/chunk, 25 g)",food,16.2,0.2,4.0,0.1,3.8,0.3
FNDDS-2021-2023-63129050,"Mango, frozen (1 slice/chunk, 25 g)","Mango, frozen (1 slice/chunk, 25 g)",food,15.0,0.2,3.8,0.1,3.4,0.4
FNDDS-2021-2023-63131010,"Nectarine, raw (1 fruit, 140 g)","Nectarine, raw (1 fruit, 140 g)",food,60.2,1.5,12.9,0.4,11.0,2.1
FNDDS-2021-2023-63133010,"Papaya, raw (1 slice/chunk, 40 g)","Papaya, raw (1 slice/chunk, 40 g)",food,17.2,0.2,4.3,0.1,3.1,0.7
FNDDS-2021-2023-63133100,"Papaya, canned (1 slice/chunk, 40 g)","Papaya, canned (1 slice/chunk, 40 g)",food,20.8,0.1,5.2,0.1,4.4,0.5
FNDDS-2021-2023-63134010,"Passion fruit, raw (1 fruit, 18 g)","Passion fruit, raw (1 fruit, 18 g)",food,17.5,0.4,4.2,0.1,2.0,1.9
FNDDS-2021-2023-63135010,"Peach, raw (1 fruit, 150 g)","Peach, raw (1 fruit, 150 g)",food,69.0,1.4,15.1,0.4,12.6,2.2
FNDDS-2021-2023-63135140,"Peach, canned, in syrup (1 slice/chunk, 20 g)","Peach, canned, in syrup (1 slice/chunk, 20 g)",food,10.8,0.1,2.7,0.0,2.5,0.2
FNDDS-2021-2023-63135170,"Peach, canned, juice pack (1 slice/chunk, 20 g)","Peach, canned, juice pack (1 slice/chunk, 20 g)",food,8.2,0.1,2.1,0.0,1.8,0.2
FNDDS-2021-2023-63135620,"Peach, frozen (1 slice/chunk, 20 g)","Peach, frozen (1 slice/chunk, 20 g)",food,9.2,0.2,2.0,0.1,1.7,0.3
FNDDS-2021-2023-63137010,"Pear, raw (1 fruit, 180 g)","Pear, raw (1 fruit, 180 g)",food,106.2,0.7,27.4,0.3,17.5,5.6
FNDDS-2021-2023-63137050,"Pear, Asian, raw (1 fruit, 275 g)","Pear, Asian, raw (1 fruit, 275 g)",food,115.5,1.4,29.1,0.6,19.4,9.9
FNDDS-2021-2023-63137140,"Pear, canned, in syrup (1 slice/chunk, 25 g)","Pear, canned, in syrup (1 slice/chunk, 25 g)",food,14.8,0.0,3.8,0.0,3.4,0.4
FNDDS-2021-2023-63137170,"Pear, canned, juice pack (1 slice/chunk, 25 g)","Pear, canned, juice pack (1 slice/chunk, 25 g)",food,11.2,0.1,3.0,0.0,2.5,0.4
FNDDS-2021-2023-63139010,"Persimmon, raw (1 fruit, 170 g)","Persimmon, raw (1 fruit, 170 g)",food,119.0,1.0,31.6,0.3,21.2,6.1
FNDDS-2021-2023-63141010,"Pineapple, raw (1 slice, 56 g)","Pineapple, raw (1 slice, 56 g)",food,33.6,0.3,7.9,0.1,6.4,0.5
FNDDS-2021-2023-63141140,"Pineapple, canned, in syrup (1 chunk, 15 g)","Pineapple, canned, in syrup (1 chunk, 15 g)",food,9.3,0.1,2.3,0.0,2.2,0.1
FNDDS-2021-2023-63141170,"Pineapple, canned, juice pack (1 chunk, 15 g)","Pineapple, canned, juice pack (1 chunk, 15 g)",food,7.2,0.1,1.8,0.0,1.7,0.1
FNDDS-2021-2023-63141200,"Pineapple, frozen (1 chunk, 15 g)","Pineapple, frozen (1 chunk, 15 g)",food,9.0,0.1,2.1,0.0,1.7,0.1
FNDDS-2021-2023-63143010,"Plum, raw (1 fruit, 75 g)","Plum, raw (1 fruit, 75 g)",food,34.5,0.5,8.6,0.2,7.4,1.0
FNDDS-2021-2023-63143110,"Plum, canned (1 fruit, 75 g)","Plum, canned (1 fruit, 75 g)",food,41.2,0.4,10.1,0.2,9.3,0.8
FNDDS-2021-2023-63145010,"Pomegranate, raw (1 fruit, 250 g)","Pomegranate, raw (1 fruit, 250 g)",food,207.5,4.2,46.8,2.9,34.2,10.0
FNDDS-2021-2023-63147110,"Rhubarb (1 cup, 240 g)","Rhubarb (1 cup, 240 g)",food,175.2,1.9,41.8,0.5,34.6,3.8
FNDDS-2021-2023-63148750,"Tamarind (1 tamarind, 2 g)","Tamarind (1 tamarind, 2 g)",food,4.8,0.1,1.2,0.0,0.8,0.1
FNDDS-2021-2023-63149010,"Watermelon, raw (1 cube, 15 g)","Watermelon, raw (1 cube, 15 g)",food,4.5,0.1,1.1,0.0,0.9,0.1
FNDDS-2021-2023-63200110,"Berries, frozen (1 cup, 150 g)","Berries, frozen (1 cup, 150 g)",food,78.0,1.1,18.8,0.5,9.9,6.1
FNDDS-2021-2023-63201010,"Blackberries, raw (1 blackberry, 5 g)","Blackberries, raw (1 blackberry, 5 g)",food,2.1,0.1,0.5,0.0,0.2,0.3
FNDDS-2021-2023-63201600,"Blackberries, frozen (1 berry, 5 g)","Blackberries, frozen (1 berry, 5 g)",food,3.2,0.1,0.8,0.0,0.5,0.2
FNDDS-2021-2023-63203010,"Blueberries, raw (1 berry, 2 g)","Blueberries, raw (1 berry, 2 g)",food,1.3,0.0,0.3,0.0,0.2,0.0
FNDDS-2021-2023-63203110,"Bluberries, canned (1 cup, 250 g)","Bluberries, canned (1 cup, 250 g)",food,220.0,2.6,56.8,1.0,43.5,6.5
FNDDS-2021-2023-63203600,"Blueberries, frozen (1 berry, 2 g)","Blueberries, frozen (1 berry, 2 g)",food,1.0,0.0,0.2,0.0,0.2,0.1
FNDDS-2021-2023-63203700,"Blueberry pie filling (1 cup, 260 g)","Blueberry pie filling (1 cup, 260 g)",dessert,470.6,1.1,115.4,0.5,98.3,6.8
FNDDS-2021-2023-63207010,"Cranberries, raw (1 berry, 2 g)","Cranberries, raw (1 berry, 2 g)",food,0.9,0.0,0.2,0.0,0.1,0.1
FNDDS-2021-2023-63207110,"Cranberry sauce (1 slice, 50 g)","Cranberry sauce (1 slice, 50 g)",food,79.5,0.5,20.2,0.1,15.9,0.6
FNDDS-2021-2023-63219000,"Raspberries, raw (1 berry, 2 g)","Raspberries, raw (1 berry, 2 g)",food,1.1,0.0,0.3,0.0,0.1,0.1
FNDDS-2021-2023-63219610,"Raspberries, frozen (1 berry, 2 g)","Raspberries, frozen (1 berry, 2 g)",food,1.1,0.0,0.3,0.0,0.1,0.1
FNDDS-2021-2023-63223020,"Strawberries, raw (1 fruit, 18 g)","Strawberries, raw (1 fruit, 18 g)",food,6.5,0.1,1.4,0.0,0.9,0.3
FNDDS-2021-2023-63223110,"Strawberries, canned (1 cup, 250 g)","Strawberries, canned (1 cup, 250 g)",food,230.0,1.4,58.8,0.7,54.5,4.2
FNDDS-2021-2023-63223610,"Strawberries, frozen (1 berry, 18 g)","Strawberries, frozen (1 berry, 18 g)",food,6.3,0.1,1.6,0.0,0.8,0.4
FNDDS-2021-2023-63301010,"Ambrosia (1 cup, 193 g)","Ambrosia (1 cup, 193 g)",food,144.8,1.6,31.7,1.9,24.7,3.9
FNDDS-2021-2023-63311000,"Fruit salad, fresh or raw, excluding citrus fruits, no dressing (1 cup, 150 g)","Fruit salad, fresh or raw, excluding citrus fruits, no dressing (1 cup, 150 g)",food,88.5,1.0,20.9,0.3,15.6,2.2
FNDDS-2021-2023-63311050,"Fruit salad, fresh or raw, including citrus fruits, no dressing (1 cup, 150 g)","Fruit salad, fresh or raw, including citrus fruits, no dressing (1 cup, 150 g)",food,84.0,1.1,20.2,0.3,15.3,2.5
FNDDS-2021-2023-63311140,"Fruit cocktail, canned, in syrup (1 snack size container, 113 g)","Fruit cocktail, canned, in syrup (1 snack size container, 113 g)",food,70.1,0.4,17.9,0.1,16.8,1.0
FNDDS-2021-2023-63311170,"Fruit cocktail, canned, juice pack (1 snack size container, 113 g)","Fruit cocktail, canned, juice pack (1 snack size container, 113 g)",food,54.2,0.5,14.0,0.1,12.8,1.0
FNDDS-2021-2023-63311180,"Fruit mixture, frozen (1 cup, 150 g)","Fruit mixture, frozen (1 cup, 150 g)",food,72.0,1.0,17.0,0.3,13.8,2.1
FNDDS-2021-2023-63401010,"Apple salad with dressing (1 cup, 137 g)","Apple salad with dressing (1 cup, 137 g)",food,246.6,2.0,16.7,19.5,12.5,2.7
FNDDS-2021-2023-63401060,"Apple, candied (1 apple, any size, 320 g)","Apple, candied (1 apple, any size, 320 g)",food,428.8,4.3,94.7,6.9,77.4,5.8
FNDDS-2021-2023-63401070,"Fruit, chocolate covered (1 fruit, 40 g)","Fruit, chocolate covered (1 fruit, 40 g)",food,53.2,0.6,8.0,2.7,6.2,1.1
FNDDS-2021-2023-63402950,"Fruit salad, excluding citrus fruits, with salad dressing or mayonnaise (1 cup, 188 g)","Fruit salad, excluding citrus fruits, with salad dressing or mayonnaise (1 cup, 188 g)",food,464.4,3.3,25.6,38.9,18.7,2.8
FNDDS-2021-2023-63402960,"Fruit salad, excluding citrus fruits, with whipped cream (1 cup, 182 g)","Fruit salad, excluding citrus fruits, with whipped cream (1 cup, 182 g)",food,298.5,3.6,27.7,19.3,20.2,2.9
FNDDS-2021-2023-63402970,"Fruit salad, excluding citrus fruits, with nondairy whipped topping (1 cup, 175 g)","Fruit salad, excluding citrus fruits, with nondairy whipped topping (1 cup, 175 g)",food,267.8,3.4,30.3,15.2,22.9,3.0
FNDDS-2021-2023-63402980,"Fruit salad, excluding citrus fruits, with marshmallows (1 cup, 171 g)","Fruit salad, excluding citrus fruits, with marshmallows (1 cup, 171 g)",food,429.2,3.0,29.9,33.3,21.7,2.4
FNDDS-2021-2023-63402990,"Fruit salad, including citrus fruits, with pudding (1 cup, 182 g)","Fruit salad, including citrus fruits, with pudding (1 cup, 182 g)",food,242.1,3.5,31.9,11.5,23.3,3.3
FNDDS-2021-2023-63403000,"Fruit salad, excluding citrus fruits, with pudding (1 cup, 182 g)","Fruit salad, excluding citrus fruits, with pudding (1 cup, 182 g)",food,249.3,3.4,32.9,11.8,24.2,2.5
FNDDS-2021-2023-63403010,"Fruit salad, including citrus fruits, with salad dressing or mayonnaise (1 cup, 188 g)","Fruit salad, including citrus fruits, with salad dressing or mayonnaise (1 cup, 188 g)",food,451.2,3.5,24.4,38.2,17.8,3.4
FNDDS-2021-2023-63403020,"Fruit salad, including citrus fruit, with whipped cream (1 cup, 182 g)","Fruit salad, including citrus fruit, with whipped cream (1 cup, 182 g)",food,287.6,3.8,26.6,18.9,19.3,3.6
FNDDS-2021-2023-63403030,"Fruit salad, including citrus fruits, with nondairy whipped topping (1 cup, 175 g)","Fruit salad, including citrus fruits, with nondairy whipped topping (1 cup, 175 g)",food,259.0,3.6,29.1,14.8,21.9,3.7
FNDDS-2021-2023-63403040,"Fruit salad, including citrus fruits, with marshmallows (1 cup, 171 g)","Fruit salad, including citrus fruits, with marshmallows (1 cup, 171 g)",food,417.2,3.2,29.1,32.7,20.9,2.9
FNDDS-2021-2023-63403150,"Lime souffle (1 cup, 120 g)","Lime souffle (1 cup, 120 g)",dessert,393.6,10.6,47.8,18.0,44.8,1.0
FNDDS-2021-2023-63409015,"Guacamole with tomatoes (1 tablespoon, 15 g)","Guacamole with tomatoes (1 tablespoon, 15 g)",food,21.8,0.3,1.2,2.0,0.1,0.9
FNDDS-2021-2023-63409020,"Chutney (1 tablespoon, 16 g)","Chutney (1 tablespoon, 16 g)",food,39.4,0.1,9.7,0.0,6.8,0.2
FNDDS-2021-2023-63413010,"Pineapple salad with dressing (1 serving (lettuce, 1 cup diced pineapple, dressing), 184 g)","Pineapple salad with dressing (1 serving (lettuce, 1 cup diced pineapple, dressing), 184 g)",food,193.2,0.9,23.6,10.7,19.1,1.5
FNDDS-2021-2023-63415100,"Soup, fruit (1 cup, 245 g)","Soup, fruit (1 cup, 245 g)",food,73.5,1.3,17.2,0.3,14.3,2.0
FNDDS-2021-2023-63420105,"Frozen fruit juice bar (1 bar, 80 g)","Frozen fruit juice bar (1 bar, 80 g)",dessert,84.8,0.6,20.3,0.0,18.1,0.4
FNDDS-2021-2023-63420205,"Frozen fruit juice bar, no sugar added (1 bar, 80 g)","Frozen fruit juice bar, no sugar added (1 bar, 80 g)",dessert,24.0,0.1,5.9,0.0,2.5,0.1
FNDDS-2021-2023-63430150,"Sorbet (1 cup, 200 g)","Sorbet (1 cup, 200 g)",dessert,220.0,1.6,54.2,0.1,51.6,1.0
FNDDS-2021-2023-64100110,"Fruit juice blend, 100% juice (1 fl oz (no ice), 31 g)","Fruit juice blend, 100% juice (1 fl oz (no ice), 31 g)",drink,15.5,0.0,3.9,0.0,3.4,0.1
FNDDS-2021-2023-64100200,"Cranberry juice blend, 100% juice (1 fl oz (no ice), 31 g)","Cranberry juice blend, 100% juice (1 fl oz (no ice), 31 g)",drink,14.3,0.0,3.5,0.1,2.8,0.1
FNDDS-2021-2023-64100220,"Cranberry juice blend, 100% juice, with calcium added (1 fl oz (no ice), 31 g)","Cranberry juice blend, 100% juice, with calcium added (1 fl oz (no ice), 31 g)",drink,13.9,0.1,3.4,0.0,3.0,0.0
FNDDS-2021-2023-64101010,"Apple cider (1 fl oz (no ice), 31 g)","Apple cider (1 fl oz (no ice), 31 g)",drink,14.3,0.0,3.5,0.0,3.0,0.1
FNDDS-2021-2023-64104010,"Apple juice, 100% (1 fl oz (no ice), 31 g)","Apple juice, 100% (1 fl oz (no ice), 31 g)",drink,14.9,0.0,3.5,0.1,3.1,0.1
FNDDS-2021-2023-64104030,"Apple juice, 100%, with calcium added (1 fl oz (no ice), 31 g)","Apple juice, 100%, with calcium added (1 fl oz (no ice), 31 g)",drink,14.9,0.0,3.6,0.1,2.9,0.1
FNDDS-2021-2023-64104600,"Blackberry juice, 100% (1 fl oz (no ice), 31 g)","Blackberry juice, 100% (1 fl oz (no ice), 31 g)",drink,11.8,0.1,2.4,0.2,2.4,0.0
FNDDS-2021-2023-64104610,"Blueberry juice (1 fl oz (no ice), 31 g)","Blueberry juice (1 fl oz (no ice), 31 g)",drink,13.0,0.1,2.9,0.1,1.9,0.5
FNDDS-2021-2023-64105400,"Cranberry juice, 100%, not a blend (1 fl oz (no ice), 31 g)","Cranberry juice, 100%, not a blend (1 fl oz (no ice), 31 g)",drink,9.9,0.0,2.3,0.1,1.1,0.0
FNDDS-2021-2023-64116020,"Grape juice, 100% (1 fl oz (no ice), 31 g)","Grape juice, 100% (1 fl oz (no ice), 31 g)",drink,20.5,0.1,4.9,0.1,4.4,0.1
FNDDS-2021-2023-64116060,"Grape juice, 100%, with calcium added (1 fl oz (no ice), 31 g)","Grape juice, 100%, with calcium added (1 fl oz (no ice), 31 g)",drink,19.2,0.1,4.6,0.0,4.4,0.1
FNDDS-2021-2023-64120010,"Papaya juice, 100% (1 fl oz (no ice), 31 g)","Papaya juice, 100% (1 fl oz (no ice), 31 g)",drink,17.7,0.1,4.5,0.0,4.3,0.2
FNDDS-2021-2023-64121000,"Passion fruit juice, 100% (1 fl oz (no ice), 31 g)","Passion fruit juice, 100% (1 fl oz (no ice), 31 g)",drink,15.8,0.1,4.2,0.0,4.2,0.1
FNDDS-2021-2023-64124020,"Pineapple juice, 100% (1 fl oz (no ice), 31 g)","Pineapple juice, 100% (1 fl oz (no ice), 31 g)",drink,16.4,0.1,4.0,0.0,3.1,0.1
FNDDS-2021-2023-64126000,"Pomegranate juice, 100% (1 fl oz (no ice), 31 g)","Pomegranate juice, 100% (1 fl oz (no ice), 31 g)",drink,16.7,0.0,4.1,0.1,3.9,0.0
FNDDS-2021-2023-64132010,"Prune juice, 100% (1 fl oz (no ice), 31 g)","Prune juice, 100% (1 fl oz (no ice), 31 g)",drink,22.0,0.2,5.4,0.0,5.1,0.3
FNDDS-2021-2023-64132500,"Strawberry juice, 100% (1 fl oz (no ice), 30 g)","Strawberry juice, 100% (1 fl oz (no ice), 30 g)",drink,6.9,0.1,1.6,0.0,0.9,0.4
FNDDS-2021-2023-64133100,"Watermelon juice, 100% (1 fl oz (no ice), 30 g)","Watermelon juice, 100% (1 fl oz (no ice), 30 g)",drink,9.0,0.2,2.3,0.0,1.9,0.1
FNDDS-2021-2023-64134015,"Fruit smoothie, with whole fruit, no dairy (1 fl oz, 27 g)","Fruit smoothie, with whole fruit, no dairy (1 fl oz, 27 g)",drink,14.6,0.2,3.4,0.1,2.4,0.4
FNDDS-2021-2023-64134020,"Fruit smoothie, with whole fruit, no dairy, added protein (1 fl oz, 27 g)","Fruit smoothie, with whole fruit, no dairy, added protein (1 fl oz, 27 g)",drink,20.5,1.7,3.3,0.1,2.2,0.4
FNDDS-2021-2023-64134025,"Fruit smoothie, with whole fruit, non-dairy (1 fl oz, 27 g)","Fruit smoothie, with whole fruit, non-dairy (1 fl oz, 27 g)",drink,16.2,0.4,3.1,0.3,1.4,0.3
FNDDS-2021-2023-64134030,"Fruit smoothie juice drink, no dairy (1 fl oz, 27 g)","Fruit smoothie juice drink, no dairy (1 fl oz, 27 g)",drink,13.8,0.2,3.2,0.1,2.3,0.3
FNDDS-2021-2023-64134100,"Fruit smoothie, light (1 fl oz, 27 g)","Fruit smoothie, light (1 fl oz, 27 g)",drink,14.3,0.7,2.6,0.2,2.0,0.3
FNDDS-2021-2023-64134200,"Fruit smoothie, bottled (1 fl oz, 31 g)","Fruit smoothie, bottled (1 fl oz, 31 g)",drink,15.5,0.1,3.6,0.1,3.1,0.2
FNDDS-2021-2023-64201010,"Apricot nectar (1 fl oz (no ice), 31 g)","Apricot nectar (1 fl oz (no ice), 31 g)",drink,17.4,0.1,4.2,0.1,4.0,0.0
FNDDS-2021-2023-64201500,"Banana nectar (1 fl oz (no ice), 31 g)","Banana nectar (1 fl oz (no ice), 31 g)",drink,22.9,0.1,5.6,0.0,4.8,0.2
FNDDS-2021-2023-64202010,"Cantaloupe nectar (1 fl oz (no ice), 31 g)","Cantaloupe nectar (1 fl oz (no ice), 31 g)",drink,20.1,0.1,4.8,0.0,4.8,0.1
FNDDS-2021-2023-64203020,"Guava nectar (1 fl oz (no ice), 31 g)","Guava nectar (1 fl oz (no ice), 31 g)",drink,14.9,0.1,4.1,0.0,3.2,0.4
FNDDS-2021-2023-64204010,"Mango nectar (1 fl oz (no ice), 31 g)","Mango nectar (1 fl oz (no ice), 31 g)",drink,15.8,0.0,4.1,0.0,3.8,0.1
FNDDS-2021-2023-64205010,"Peach nectar (1 fl oz (no ice), 31 g)","Peach nectar (1 fl oz (no ice), 31 g)",drink,15.2,0.0,3.6,0.2,3.8,0.0
FNDDS-2021-2023-64210010,"Papaya nectar (1 fl oz (no ice), 31 g)","Papaya nectar (1 fl oz (no ice), 31 g)",drink,17.7,0.1,4.5,0.0,4.3,0.2
FNDDS-2021-2023-64213010,"Passion fruit nectar (1 fl oz (no ice), 31 g)","Passion fruit nectar (1 fl oz (no ice), 31 g)",drink,21.4,0.0,5.4,0.0,5.4,0.0
FNDDS-2021-2023-64215010,"Pear nectar (1 fl oz (no ice), 31 g)","Pear nectar (1 fl oz (no ice), 31 g)",drink,18.6,0.0,4.9,0.0,4.7,0.2
FNDDS-2021-2023-64221010,"Soursop, nectar (1 fl oz (no ice), 31 g)","Soursop, nectar (1 fl oz (no ice), 31 g)",drink,18.3,0.0,4.6,0.1,4.1,0.0
FNDDS-2021-2023-64401000,"Vinegar (1 tablespoon, 15 g)","Vinegar (1 tablespoon, 15 g)",food,3.1,0.0,0.1,0.0,0.1,0.0
FNDDS-2021-2023-71101000,"Potato, baked, peel not eaten (1 small, 230 g)","Potato, baked, peel not eaten (1 small, 230 g)",food,213.9,4.5,49.2,0.2,3.9,3.4
FNDDS-2021-2023-71102990,"Potato, boiled, ready-to-heat (1 baby potato, 60 g)","Potato, boiled, ready-to-heat (1 baby potato, 60 g)",food,75.6,1.1,12.2,2.5,1.0,0.8
FNDDS-2021-2023-71103010,"Potato, boiled, from fresh, peel not eaten, no added fat (1 baby potato, 60 g)","Potato, boiled, from fresh, peel not eaten, no added fat (1 baby potato, 60 g)",food,55.8,1.2,12.9,0.1,1.0,0.9
FNDDS-2021-2023-71103030,"Potato, boiled, from fresh, peel not eaten, made with oil (1 baby potato, 60 g)","Potato, boiled, from fresh, peel not eaten, made with oil (1 baby potato, 60 g)",food,78.6,1.1,12.2,2.9,1.0,0.8
FNDDS-2021-2023-71103040,"Potato, boiled, from fresh, peel not eaten, made with butter (1 baby potato, 60 g)","Potato, boiled, from fresh, peel not eaten, made with butter (1 baby potato, 60 g)",food,73.8,1.1,12.2,2.4,1.0,0.8
FNDDS-2021-2023-71103050,"Potato, boiled, from fresh, peel not eaten, made with margarine (1 baby potato, 60 g)","Potato, boiled, from fresh, peel not eaten, made with margarine (1 baby potato, 60 g)",food,69.6,1.1,12.3,1.9,1.0,0.8
FNDDS-2021-2023-71103125,"Potato, boiled, from fresh,  peel eaten, no added fat (1 baby potato, 60 g)","Potato, boiled, from fresh,  peel eaten, no added fat (1 baby potato, 60 g)",food,55.8,1.5,12.7,0.1,0.7,1.3
FNDDS-2021-2023-71103135,"Potato, boiled, from fresh, peel eaten, made with oil (1 baby potato, 60 g)","Potato, boiled, from fresh, peel eaten, made with oil (1 baby potato, 60 g)",food,78.6,1.4,12.1,2.9,0.7,1.3
FNDDS-2021-2023-71103140,"Potato, boiled, from fresh, peel eaten, made with butter (1 baby potato, 60 g)","Potato, boiled, from fresh, peel eaten, made with butter (1 baby potato, 60 g)",food,73.8,1.4,12.1,2.4,0.7,1.3
FNDDS-2021-2023-71103150,"Potato, boiled, from fresh, peel eaten, made with margarine (1 baby potato, 60 g)","Potato, boiled, from fresh, peel eaten, made with margarine (1 baby potato, 60 g)",food,69.6,1.4,12.1,1.9,0.7,1.3
FNDDS-2021-2023-71103320,"Potato, canned, no added fat (1 whole, canned, 35 g)","Potato, canned, no added fat (1 whole, canned, 35 g)",food,21.0,0.5,4.8,0.1,0.2,0.8
FNDDS-2021-2023-71104050,"Potato, roasted, from fresh, peel eaten, no added fat (1 baby potato, 60 g)","Potato, roasted, from fresh, peel eaten, no added fat (1 baby potato, 60 g)",food,55.8,1.5,12.7,0.1,0.7,1.3
FNDDS-2021-2023-71104070,"Potato, roasted, from fresh, peel eaten, made with oil (1 baby potato, 60 g)","Potato, roasted, from fresh, peel eaten, made with oil (1 baby potato, 60 g)",food,78.6,1.4,12.1,2.9,0.7,1.3
FNDDS-2021-2023-71104080,"Potato, roasted, from fresh, peel eaten, made with butter (1 baby potato, 60 g)","Potato, roasted, from fresh, peel eaten, made with butter (1 baby potato, 60 g)",food,73.8,1.4,12.1,2.4,0.7,1.3
FNDDS-2021-2023-71104090,"Potato, roasted, from fresh, peel eaten, made with margarine (1 baby potato, 60 g)","Potato, roasted, from fresh, peel eaten, made with margarine (1 baby potato, 60 g)",food,69.6,1.4,12.1,1.9,0.7,1.3
FNDDS-2021-2023-71104120,"Potato, roasted, from fresh, peel not eaten, no added fat (1 baby potato, 60 g)","Potato, roasted, from fresh, peel not eaten, no added fat (1 baby potato, 60 g)",food,55.8,1.2,12.9,0.1,1.0,0.9
FNDDS-2021-2023-71104130,"Potato, roasted, from fresh, peel not eaten, made with oil (1 baby potato, 60 g)","Potato, roasted, from fresh, peel not eaten, made with oil (1 baby potato, 60 g)",food,78.6,1.1,12.2,2.9,1.0,0.8
FNDDS-2021-2023-71104140,"Potato, roasted, from fresh, peel not eaten, made with butter (1 baby potato, 60 g)","Potato, roasted, from fresh, peel not eaten, made with butter (1 baby potato, 60 g)",food,73.8,1.1,12.2,2.4,1.0,0.8
FNDDS-2021-2023-71104150,"Potato, roasted, from fresh, peel not eaten, made with margarine (1 baby potato, 60 g)","Potato, roasted, from fresh, peel not eaten, made with margarine (1 baby potato, 60 g)",food,69.6,1.1,12.3,1.9,1.0,0.8
FNDDS-2021-2023-71104200,"Potato, roasted, ready-to-heat (1 baby potato, 60 g)","Potato, roasted, ready-to-heat (1 baby potato, 60 g)",food,75.6,1.1,12.2,2.5,1.0,0.8
FNDDS-2021-2023-71106000,"Stewed potatoes, Puerto Rican style (1 small, 123 g)","Stewed potatoes, Puerto Rican style (1 small, 123 g)",food,141.4,2.6,23.1,4.6,1.5,2.2
FNDDS-2021-2023-71106010,"Potato only from Puerto Rican mixed dishes, gravy and other components reported separately (1 small, 97 g)","Potato only from Puerto Rican mixed dishes, gravy and other components reported separately (1 small, 97 g)",food,82.5,1.6,19.3,0.1,0.9,1.7
FNDDS-2021-2023-71106020,"Potato from Puerto Rican style stuffed pot roast, with gravy (1 small, 103 g)","Potato from Puerto Rican style stuffed pot roast, with gravy (1 small, 103 g)",food,76.2,2.5,14.8,1.0,0.7,1.3
FNDDS-2021-2023-71106050,"Potato from Puerto Rican beef stew, with gravy (1 small, 122 g)","Potato from Puerto Rican beef stew, with gravy (1 small, 122 g)",food,90.3,3.0,17.6,1.1,0.8,1.6
FNDDS-2021-2023-71106070,"Potato from Puerto Rican chicken fricassee, with sauce (1 small, 123 g)","Potato from Puerto Rican chicken fricassee, with sauce (1 small, 123 g)",food,88.6,1.6,18.0,1.3,0.8,1.5
FNDDS-2021-2023-71200100,"Potato chips, plain (1 chip, 2 g)","Potato chips, plain (1 chip, 2 g)",food,10.6,0.1,1.1,0.7,0.0,0.1
FNDDS-2021-2023-71200110,"Potato chips, barbecue flavored (1 chip, 2 g)","Potato chips, barbecue flavored (1 chip, 2 g)",food,9.7,0.1,1.1,0.6,0.1,0.1
FNDDS-2021-2023-71200120,"Potato chips, sour cream and onion flavored (1 chip, 2 g)","Potato chips, sour cream and onion flavored (1 chip, 2 g)",food,9.7,0.1,1.1,0.6,0.1,0.1
FNDDS-2021-2023-71200130,"Potato chips, cheese flavored (1 chip, 2 g)","Potato chips, cheese flavored (1 chip, 2 g)",food,9.7,0.1,1.1,0.6,0.1,0.1
FNDDS-2021-2023-71200140,"Potato chips, other flavored (1 chip, 2 g)","Potato chips, other flavored (1 chip, 2 g)",food,9.7,0.1,1.1,0.6,0.1,0.1
FNDDS-2021-2023-71200200,"Potato chips, ruffled, plain (1 chip, 2.5 g)","Potato chips, ruffled, plain (1 chip, 2.5 g)",food,13.3,0.2,1.3,0.9,0.0,0.1
FNDDS-2021-2023-71200210,"Potato chips, ruffled, barbecue flavored (1 chip, 2.5 g)","Potato chips, ruffled, barbecue flavored (1 chip, 2.5 g)",food,12.2,0.2,1.4,0.8,0.1,0.1
FNDDS-2021-2023-71200220,"Potato chips, ruffled, sour cream and onion flavored (1 chip, 2.5 g)","Potato chips, ruffled, sour cream and onion flavored (1 chip, 2.5 g)",food,12.2,0.2,1.4,0.8,0.1,0.1
FNDDS-2021-2023-71200230,"Potato chips, ruffled, cheese flavored (1 chip, 2.5 g)","Potato chips, ruffled, cheese flavored (1 chip, 2.5 g)",food,12.2,0.2,1.4,0.8,0.1,0.1
FNDDS-2021-2023-71200240,"Potato chips, ruffled, other flavored (1 chip, 2.5 g)","Potato chips, ruffled, other flavored (1 chip, 2.5 g)",food,12.2,0.2,1.4,0.8,0.1,0.1
FNDDS-2021-2023-71200300,"Potato chips, restructured, plain (1 chip, 2 g)","Potato chips, restructured, plain (1 chip, 2 g)",food,10.9,0.1,1.1,0.7,0.0,0.1
FNDDS-2021-2023-71200310,"Potato chips, restructured, flavored (1 chip, 2 g)","Potato chips, restructured, flavored (1 chip, 2 g)",food,10.8,0.1,1.1,0.7,0.0,0.1
FNDDS-2021-2023-71200400,"Potato chips, baked, plain (1 chip, 2 g)","Potato chips, baked, plain (1 chip, 2 g)",food,9.4,0.1,1.4,0.4,0.1,0.1
FNDDS-2021-2023-71200410,"Potato chips, baked, flavored (1 chip, 2 g)","Potato chips, baked, flavored (1 chip, 2 g)",food,9.3,0.1,1.4,0.4,0.1,0.1
FNDDS-2021-2023-71201050,"Potato chips, reduced fat (1 chip, 2 g)","Potato chips, reduced fat (1 chip, 2 g)",food,9.6,0.1,1.3,0.4,0.0,0.1
FNDDS-2021-2023-71201200,"Potato chips, restructured, reduced fat, lightly salted (1 chip, 2 g)","Potato chips, restructured, reduced fat, lightly salted (1 chip, 2 g)",food,10.0,0.1,1.3,0.5,0.0,0.1
FNDDS-2021-2023-71202000,"Potato chips, unsalted (1 chip, 2 g)","Potato chips, unsalted (1 chip, 2 g)",food,10.7,0.1,1.2,0.6,0.0,0.1
FNDDS-2021-2023-71202500,"Potato chips, lightly salted (1 chip, 2 g)","Potato chips, lightly salted (1 chip, 2 g)",food,11.2,0.1,1.1,0.7,0.0,0.1
FNDDS-2021-2023-71202510,"Potato chips, restructured, lightly salted (1 chip, 2 g)","Potato chips, restructured, lightly salted (1 chip, 2 g)",food,11.2,0.1,1.1,0.7,0.0,0.1
FNDDS-2021-2023-71203010,"Potato chips, popped, plain (1 chip, 1 g)","Potato chips, popped, plain (1 chip, 1 g)",food,4.7,0.1,0.7,0.2,0.1,0.0
FNDDS-2021-2023-71203020,"Potato chips, popped, flavored (1 chip, 1 g)","Potato chips, popped, flavored (1 chip, 1 g)",food,4.7,0.0,0.7,0.2,0.0,0.0
FNDDS-2021-2023-71205020,"Potato sticks, plain (10 sticks, 3 g)","Potato sticks, plain (10 sticks, 3 g)",food,15.7,0.2,1.6,1.0,0.0,0.1
FNDDS-2021-2023-71205030,"Potato sticks, flavored (10 sticks, 3 g)","Potato sticks, flavored (10 sticks, 3 g)",food,15.5,0.2,1.6,1.0,0.0,0.1
FNDDS-2021-2023-71205040,"Potato sticks, fry shaped (10 sticks, 3 g)","Potato sticks, fry shaped (10 sticks, 3 g)",food,15.5,0.2,1.6,1.0,0.0,0.1
FNDDS-2021-2023-71220000,"Vegetable chips (1 chip, 2 g)","Vegetable chips (1 chip, 2 g)",food,9.9,0.1,1.2,0.5,0.1,0.2
FNDDS-2021-2023-71305020,"Potato, scalloped, from fast food or restaurant (1 cup, 250 g)","Potato, scalloped, from fast food or restaurant (1 cup, 250 g)",food,515.0,16.6,32.5,35.8,4.9,1.8
FNDDS-2021-2023-71305030,"Potato, scalloped, from fresh (1 cup, 250 g)","Potato, scalloped, from fresh (1 cup, 250 g)",food,420.0,17.8,33.8,24.1,5.3,2.0
FNDDS-2021-2023-71305040,"Potato, scalloped, from fresh, with meat (1 cup, 250 g)","Potato, scalloped, from fresh, with meat (1 cup, 250 g)",food,432.5,18.6,32.2,26.0,5.2,1.8
FNDDS-2021-2023-71305050,"Potato, scalloped, from dry mix (1 cup, 250 g)","Potato, scalloped, from dry mix (1 cup, 250 g)",food,422.5,17.3,33.8,24.5,5.5,2.0
FNDDS-2021-2023-71305060,"Potato, scalloped, from dry mix, with meat (1 cup, 250 g)","Potato, scalloped, from dry mix, with meat (1 cup, 250 g)",food,417.5,18.2,32.8,24.0,5.5,1.8
FNDDS-2021-2023-71305070,"Potato, scalloped, ready-to-heat (1 cup, 250 g)","Potato, scalloped, ready-to-heat (1 cup, 250 g)",food,445.0,17.0,33.2,27.5,5.5,1.8
FNDDS-2021-2023-71305080,"Potato, scalloped, ready-to-heat, with meat (1 cup, 250 g)","Potato, scalloped, ready-to-heat, with meat (1 cup, 250 g)",food,457.5,17.8,31.8,29.0,5.4,1.8
FNDDS-2021-2023-71401010,"Potato, french fries, from fresh, fried (1 fry, NS as to shape, 5 g)","Potato, french fries, from fresh, fried (1 fry, NS as to shape, 5 g)",food,9.9,0.1,0.9,0.7,0.1,0.1
FNDDS-2021-2023-71401015,"Potato, french fries, from fresh, baked (1 fry, NS as to shape, 5 g)","Potato, french fries, from fresh, baked (1 fry, NS as to shape, 5 g)",food,8.3,0.1,1.0,0.5,0.1,0.1
FNDDS-2021-2023-71401020,"Potato, french fries, from frozen, baked (1 fry, NS as to shape, 5 g)","Potato, french fries, from frozen, baked (1 fry, NS as to shape, 5 g)",food,7.9,0.1,1.3,0.3,0.0,0.1
FNDDS-2021-2023-71401030,"Potato, french fries, fast food (1 kids meal order, 70 g)","Potato, french fries, fast food (1 kids meal order, 70 g)",food,218.4,2.4,29.0,10.3,0.2,2.7
FNDDS-2021-2023-71401031,"Potato, french fries, restaurant (1 kids meal order, 70 g)","Potato, french fries, restaurant (1 kids meal order, 70 g)",food,202.3,2.4,26.0,9.8,0.2,2.7
FNDDS-2021-2023-71401032,"Potato, french fries, from frozen, fried (1 fry, NS as to shape, 5 g)","Potato, french fries, from frozen, fried (1 fry, NS as to shape, 5 g)",food,11.2,0.1,1.2,0.7,0.0,0.1
FNDDS-2021-2023-71401033,"Potato, french fries, school (1 fry, any cut, 5 g)","Potato, french fries, school (1 fry, any cut, 5 g)",food,8.3,0.1,1.0,0.5,0.1,0.1
FNDDS-2021-2023-71401039,"Potato, french fries, with cheese, fast food / restaurant (1 kids meal order, 107 g)","Potato, french fries, with cheese, fast food / restaurant (1 kids meal order, 107 g)",food,278.2,3.6,31.9,15.2,0.3,2.8
FNDDS-2021-2023-71401041,"Potato, french fries, with cheese, school (1 fry, any cut, 11 g)","Potato, french fries, with cheese, school (1 fry, any cut, 11 g)",food,19.9,0.5,1.9,1.1,0.1,0.2
FNDDS-2021-2023-71401045,"Potato, french fries, with chili, fast food / restaurant (1 fry, any cut, 8 g)","Potato, french fries, with chili, fast food / restaurant (1 fry, any cut, 8 g)",food,19.3,0.4,2.5,0.9,0.1,0.3
FNDDS-2021-2023-71401050,"Potato, french fries, with chili and cheese, fast food / restaurant (1 fry, any cut, 10 g)","Potato, french fries, with chili and cheese, fast food / restaurant (1 fry, any cut, 10 g)",food,22.1,0.5,2.5,1.1,0.1,0.3
FNDDS-2021-2023-71402500,"Potato, french fries, with cheese (1 fry, any cut, 8 g)","Potato, french fries, with cheese (1 fry, any cut, 8 g)",food,20.8,0.3,2.4,1.1,0.0,0.2
FNDDS-2021-2023-71402510,"Potato, french fries, with chili and cheese (1 fry, any cut, 10 g)","Potato, french fries, with chili and cheese (1 fry, any cut, 10 g)",food,22.1,0.5,2.5,1.1,0.1,0.3
FNDDS-2021-2023-71402520,"Potato, french fries, with chili (1 fry, any cut, 8 g)","Potato, french fries, with chili (1 fry, any cut, 8 g)",food,19.3,0.4,2.5,0.9,0.1,0.3
FNDDS-2021-2023-71403030,"Potato, home fries, from restaurant / fast food (1 cup, 200 g)","Potato, home fries, from restaurant / fast food (1 cup, 200 g)",food,426.0,3.7,35.8,30.4,2.4,3.2
FNDDS-2021-2023-71403040,"Potato, home fries, from fresh (1 cup, 200 g)","Potato, home fries, from fresh (1 cup, 200 g)",food,370.0,3.9,37.6,23.0,2.5,3.2
FNDDS-2021-2023-71403050,"Potato, home fries, ready-to-heat (1 cup, 200 g)","Potato, home fries, ready-to-heat (1 cup, 200 g)",food,394.0,3.8,36.8,26.0,2.5,3.2
FNDDS-2021-2023-71403500,"Potato, home fries, with vegetables (1 cup, 200 g)","Potato, home fries, with vegetables (1 cup, 200 g)",food,346.0,3.4,31.2,23.6,3.7,3.0
FNDDS-2021-2023-71404010,"Potato, hash brown, from fast food (1 patty, 55 g)","Potato, hash brown, from fast food (1 patty, 55 g)",food,149.6,1.4,15.9,9.4,0.3,1.5
FNDDS-2021-2023-71404020,"Potato, hash brown, from fast food, with cheese (1 patty, 55 g)","Potato, hash brown, from fast food, with cheese (1 patty, 55 g)",food,162.2,3.3,13.5,10.9,0.3,1.2
FNDDS-2021-2023-71404030,"Potato, hash brown, from restaurant (1 patty, 55 g)","Potato, hash brown, from restaurant (1 patty, 55 g)",food,149.6,1.4,15.9,9.4,0.3,1.5
FNDDS-2021-2023-71404040,"Potato, hash brown, from restaurant, with cheese (1 patty, 55 g)","Potato, hash brown, from restaurant, with cheese (1 patty, 55 g)",food,162.2,3.3,13.5,10.9,0.3,1.2
FNDDS-2021-2023-71404050,"Potato, hash brown, from school lunch (1 patty, 55 g)","Potato, hash brown, from school lunch (1 patty, 55 g)",food,119.9,1.5,15.6,6.3,0.1,1.8
FNDDS-2021-2023-71405010,"Potato, hash brown, from fresh (1 cup, 160 g)","Potato, hash brown, from fresh (1 cup, 160 g)",food,304.0,3.1,29.8,19.7,2.0,2.6
FNDDS-2021-2023-71405019,"Potato, hash brown, from fresh, with cheese (1 cup, 160 g)","Potato, hash brown, from fresh, with cheese (1 cup, 160 g)",food,356.8,8.2,25.9,24.8,1.8,2.2
FNDDS-2021-2023-71405030,"Potato, hash brown, from dry mix (1 cup, 160 g)","Potato, hash brown, from dry mix (1 cup, 160 g)",food,347.2,4.2,45.1,18.4,0.4,5.1
FNDDS-2021-2023-71405040,"Potato, hash brown, ready-to-heat (1 patty, 55 g)","Potato, hash brown, ready-to-heat (1 patty, 55 g)",food,119.4,1.4,15.5,6.3,0.1,1.8
FNDDS-2021-2023-71405050,"Potato, hash brown, ready-to-heat, with cheese (1 patty, 55 g)","Potato, hash brown, ready-to-heat, with cheese (1 patty, 55 g)",food,137.0,3.3,13.2,8.4,0.2,1.4
FNDDS-2021-2023-71410000,"Potato skins without topping (Skin from 1 small, 25 g)","Potato skins without topping (Skin from 1 small, 25 g)",food,37.8,0.5,4.9,1.9,0.3,0.5
FNDDS-2021-2023-71410500,"Potato skins, with cheese (Skin from 1 small, 35 g)","Potato skins, with cheese (Skin from 1 small, 35 g)",food,69.6,2.1,5.7,4.3,0.4,0.5
FNDDS-2021-2023-71411000,"Potato skins, with cheese and bacon (Skin from 1 small, 35 g)","Potato skins, with cheese and bacon (Skin from 1 small, 35 g)",food,75.2,2.7,5.4,4.8,0.4,0.5
FNDDS-2021-2023-71501005,"Potato, mashed, from fast food (1 cup, 250 g)","Potato, mashed, from fast food (1 cup, 250 g)",food,222.5,4.1,36.5,7.0,1.2,3.2
FNDDS-2021-2023-71501006,"Potato, mashed, from fast food, with gravy (1 cup, 250 g)","Potato, mashed, from fast food, with gravy (1 cup, 250 g)",food,202.5,3.6,32.0,6.9,1.2,2.8
FNDDS-2021-2023-71501007,"Potato, mashed, ready-to-heat (1 cup, 250 g)","Potato, mashed, ready-to-heat (1 cup, 250 g)",food,265.0,4.9,33.2,12.5,4.4,4.8
FNDDS-2021-2023-71501010,"Potato, mashed, from fresh, made with milk (1 cup, 250 g)","Potato, mashed, from fresh, made with milk (1 cup, 250 g)",food,285.0,5.4,44.0,10.2,5.3,3.0
FNDDS-2021-2023-71501011,"Potato, mashed, from fresh, made with milk, with cheese (1 cup, 250 g)","Potato, mashed, from fresh, made with milk, with cheese (1 cup, 250 g)",food,362.5,11.0,40.0,18.2,4.8,2.5
FNDDS-2021-2023-71501012,"Potato, mashed, from fresh, made with milk, with gravy (1 cup, 250 g)","Potato, mashed, from fresh, made with milk, with gravy (1 cup, 250 g)",food,250.0,4.7,37.8,9.4,4.4,2.5
FNDDS-2021-2023-71501016,"Potato, mashed, from restaurant (1 cup, 250 g)","Potato, mashed, from restaurant (1 cup, 250 g)",food,345.0,5.2,42.0,18.1,5.1,2.8
FNDDS-2021-2023-71501017,"Potato, mashed, from restaurant, with gravy (1 cup, 250 g)","Potato, mashed, from restaurant, with gravy (1 cup, 250 g)",food,300.0,4.5,36.2,15.8,4.2,2.2
FNDDS-2021-2023-71501018,"Potato, mashed, from school lunch (1 cup, 250 g)","Potato, mashed, from school lunch (1 cup, 250 g)",food,192.5,5.4,33.0,4.7,4.6,2.5
FNDDS-2021-2023-71501040,"Potato, mashed, from dry mix, made with milk (1 cup, 250 g)","Potato, mashed, from dry mix, made with milk (1 cup, 250 g)",food,292.5,5.1,31.5,16.8,4.0,2.2
FNDDS-2021-2023-71501045,"Potato, mashed, from dry mix, made with milk, with cheese (1 cup, 250 g)","Potato, mashed, from dry mix, made with milk, with cheese (1 cup, 250 g)",food,370.0,10.8,28.8,24.0,3.6,2.0
FNDDS-2021-2023-71501054,"Potato, mashed, from dry mix, made with milk, with gravy (1 cup, 250 g)","Potato, mashed, from dry mix, made with milk, with gravy (1 cup, 250 g)",food,257.5,4.5,28.0,14.7,3.4,2.0
FNDDS-2021-2023-71501071,"Potato, mashed, ready-to-heat, with cheese (1 cup, 250 g)","Potato, mashed, ready-to-heat, with cheese (1 cup, 250 g)",food,345.0,10.6,30.2,20.3,4.0,4.2
FNDDS-2021-2023-71501075,"Potato, mashed, ready-to-heat, with gravy (1 cup, 250 g)","Potato, mashed, ready-to-heat, with gravy (1 cup, 250 g)",food,235.0,4.3,29.2,11.3,3.7,3.8
FNDDS-2021-2023-71503010,"Potato patty (1 patty, 55 g)","Potato patty (1 patty, 55 g)",food,94.1,2.1,7.4,6.2,0.8,0.8
FNDDS-2021-2023-71505010,"Potato tots, fast food / restaurant (1 fast food order, 130 g)","Potato tots, fast food / restaurant (1 fast food order, 130 g)",food,306.8,2.5,31.6,20.0,0.4,3.0
FNDDS-2021-2023-71505020,"Potato tots, school (1 cup, 130 g)","Potato tots, school (1 cup, 130 g)",food,215.8,2.6,25.1,11.9,1.7,2.2
FNDDS-2021-2023-71505030,"Potato tots, from fresh, fried or baked (1 cup, 130 g)","Potato tots, from fresh, fried or baked (1 cup, 130 g)",food,308.1,2.5,31.7,20.2,0.4,3.0
FNDDS-2021-2023-71505040,"Potato tots, frozen, baked (1 cup, 130 g)","Potato tots, frozen, baked (1 cup, 130 g)",food,243.1,2.6,33.9,11.9,0.4,3.1
FNDDS-2021-2023-71505050,"Potato tots, frozen, fried (1 cup, 130 g)","Potato tots, frozen, fried (1 cup, 130 g)",food,308.1,2.5,31.7,20.2,0.4,3.0
FNDDS-2021-2023-71507005,"Potato, baked, peel not eaten, with butter (1 small, 260 g)","Potato, baked, peel not eaten, with butter (1 small, 260 g)",food,325.0,4.9,53.0,10.9,4.3,3.6
FNDDS-2021-2023-71507010,"Potato, baked, peel not eaten, with sour cream (1 small, 260 g)","Potato, baked, peel not eaten, with sour cream (1 small, 260 g)",food,340.6,5.2,49.4,14.1,4.7,3.4
FNDDS-2021-2023-71507020,"Potato, baked, peel not eaten, with cheese (1 small, 260 g)","Potato, baked, peel not eaten, with cheese (1 small, 260 g)",food,397.8,9.5,46.3,19.9,4.4,3.1
FNDDS-2021-2023-71507025,"Potato, baked, peel not eaten, with meat (1 small, 260 g)","Potato, baked, peel not eaten, with meat (1 small, 260 g)",food,416.0,11.2,45.2,21.5,4.3,3.1
FNDDS-2021-2023-71507030,"Potato, baked, peel not eaten, with chili (1 small, 260 g)","Potato, baked, peel not eaten, with chili (1 small, 260 g)",food,371.8,11.6,45.8,16.1,3.9,4.2
FNDDS-2021-2023-71507035,"Potato, baked, peel not eaten, with vegetables (1 small, 260 g)","Potato, baked, peel not eaten, with vegetables (1 small, 260 g)",food,369.2,9.6,47.1,16.5,4.0,3.6
FNDDS-2021-2023-71508001,"Potato, baked, peel eaten (1 small, 230 g)","Potato, baked, peel eaten (1 small, 230 g)",food,213.9,5.7,48.3,0.3,2.7,5.1
FNDDS-2021-2023-71508005,"Potato, baked, peel eaten, with butter (1 small, 260 g)","Potato, baked, peel eaten, with butter (1 small, 260 g)",food,325.0,6.3,52.0,11.0,3.0,5.5
FNDDS-2021-2023-71508010,"Potato, baked, peel eaten, with sour cream (1 small, 260 g)","Potato, baked, peel eaten, with sour cream (1 small, 260 g)",food,340.6,6.4,48.6,14.2,3.5,4.9
FNDDS-2021-2023-71508020,"Potato, baked, peel eaten, with cheese (1 small, 260 g)","Potato, baked, peel eaten, with cheese (1 small, 260 g)",food,397.8,10.6,45.2,20.0,3.3,4.4
FNDDS-2021-2023-71508025,"Potato, baked, peel eaten, with meat (1 small, 260 g)","Potato, baked, peel eaten, with meat (1 small, 260 g)",food,416.0,12.3,44.5,21.5,3.2,4.4
FNDDS-2021-2023-71508030,"Potato, baked, peel eaten, with chili (1 small, 260 g)","Potato, baked, peel eaten, with chili (1 small, 260 g)",food,371.8,12.6,45.0,16.2,2.9,5.5
FNDDS-2021-2023-71508035,"Potato, baked, peel eaten, with vegetables (1 small, 260 g)","Potato, baked, peel eaten, with vegetables (1 small, 260 g)",food,369.2,10.7,46.3,16.6,2.9,5.2
FNDDS-2021-2023-71600950,"Potato salad with egg, from restaurant (1 cup, 275 g)","Potato salad with egg, from restaurant (1 cup, 275 g)",food,481.2,8.4,42.4,31.4,5.0,3.0
FNDDS-2021-2023-71601010,"Potato salad with egg, made with mayonnaise (1 cup, 275 g)","Potato salad with egg, made with mayonnaise (1 cup, 275 g)",food,431.8,5.4,44.5,25.9,13.6,3.6
FNDDS-2021-2023-71601015,"Potato salad with egg, made with light mayonnaise (1 cup, 275 g)","Potato salad with egg, made with light mayonnaise (1 cup, 275 g)",food,305.2,7.5,41.5,12.3,4.6,3.6
FNDDS-2021-2023-71601020,"Potato salad with egg, made with mayonnaise-type salad dressing (1 cup, 275 g)","Potato salad with egg, made with mayonnaise-type salad dressing (1 cup, 275 g)",food,308.0,7.6,43.7,11.9,7.0,3.6
FNDDS-2021-2023-71601025,"Potato salad with egg, made with light mayonnaise-type salad dressing (1 cup, 275 g)","Potato salad with egg, made with light mayonnaise-type salad dressing (1 cup, 275 g)",food,305.2,7.5,41.5,12.3,4.6,3.6
FNDDS-2021-2023-71601030,"Potato salad with egg, made with creamy dressing (1 cup, 275 g)","Potato salad with egg, made with creamy dressing (1 cup, 275 g)",food,390.5,8.1,41.0,21.8,4.2,3.6
FNDDS-2021-2023-71601035,"Potato salad with egg, made with light creamy dressing (1 cup, 275 g)","Potato salad with egg, made with light creamy dressing (1 cup, 275 g)",food,280.5,8.1,41.2,9.5,4.7,3.6
FNDDS-2021-2023-71601040,"Potato salad with egg, made with Italian dressing (1 cup, 275 g)","Potato salad with egg, made with Italian dressing (1 cup, 275 g)",food,313.5,7.7,43.5,12.2,6.6,3.6
FNDDS-2021-2023-71601045,"Potato salad with egg, made with light Italian dressing (1 cup, 275 g)","Potato salad with egg, made with light Italian dressing (1 cup, 275 g)",food,258.5,7.7,42.6,6.5,6.1,3.6
FNDDS-2021-2023-71601050,"Potato salad with egg, made with any type of fat free dressing (1 cup, 275 g)","Potato salad with egg, made with any type of fat free dressing (1 cup, 275 g)",food,244.8,7.3,44.0,4.8,7.4,4.4
FNDDS-2021-2023-71602010,"Potato salad, German style (1 cup, 175 g)","Potato salad, German style (1 cup, 175 g)",food,189.0,5.1,30.1,5.6,2.6,3.3
FNDDS-2021-2023-71602950,"Potato salad, from restaurant (1 cup, 275 g)","Potato salad, from restaurant (1 cup, 275 g)",food,489.5,4.8,47.6,31.4,5.2,3.6
FNDDS-2021-2023-71603010,"Potato salad, made with mayonnaise (1 cup, 275 g)","Potato salad, made with mayonnaise (1 cup, 275 g)",food,462.0,4.2,43.5,30.5,3.5,4.1
FNDDS-2021-2023-71603015,"Potato salad, made with light mayonnaise (1 cup, 275 g)","Potato salad, made with light mayonnaise (1 cup, 275 g)",food,288.8,3.9,46.8,10.0,4.8,4.1
FNDDS-2021-2023-71603020,"Potato salad, made with mayonnaise-type salad dressing (1 cup, 275 g)","Potato salad, made with mayonnaise-type salad dressing (1 cup, 275 g)",food,294.2,4.0,49.2,9.6,7.6,4.1
FNDDS-2021-2023-71603025,"Potato salad, made with light mayonnaise-type salad dressing (1 cup, 275 g)","Potato salad, made with light mayonnaise-type salad dressing (1 cup, 275 g)",food,288.8,3.9,46.8,10.0,4.8,4.1
FNDDS-2021-2023-71603030,"Potato salad, made with creamy dressing (1 cup, 275 g)","Potato salad, made with creamy dressing (1 cup, 275 g)",food,385.0,4.4,46.2,20.7,4.4,4.1
FNDDS-2021-2023-71603035,"Potato salad, made with light creamy dressing (1 cup, 275 g)","Potato salad, made with light creamy dressing (1 cup, 275 g)",food,261.2,4.5,46.8,6.8,4.9,4.1
FNDDS-2021-2023-71603040,"Potato salad, made with Italian dressing (1 cup, 275 g)","Potato salad, made with Italian dressing (1 cup, 275 g)",food,297.0,4.0,49.2,9.8,7.1,4.1
FNDDS-2021-2023-71603045,"Potato salad, made with light Italian dressing (1 cup, 275 g)","Potato salad, made with light Italian dressing (1 cup, 275 g)",food,233.8,3.9,48.1,3.3,6.5,4.1
FNDDS-2021-2023-71603050,"Potato salad, made with any type of fat free dressing (1 cup, 275 g)","Potato salad, made with any type of fat free dressing (1 cup, 275 g)",food,222.8,3.8,49.2,1.6,8.0,5.0
FNDDS-2021-2023-71701000,"Potato pancake (1 miniature/bite size pancake, 10 g)","Potato pancake (1 miniature/bite size pancake, 10 g)",food,19.6,0.4,2.1,1.1,0.1,0.2
FNDDS-2021-2023-71701500,"Lefse (1 item, 80 g)","Lefse (1 item, 80 g)",food,174.4,3.5,29.1,5.1,1.8,1.6
FNDDS-2021-2023-71703990,"Stewed potatoes (1 cup, 250 g)","Stewed potatoes (1 cup, 250 g)",food,257.5,5.0,40.8,8.5,2.4,5.2
FNDDS-2021-2023-71704000,"Stewed potatoes with tomatoes (1 cup, 250 g)","Stewed potatoes with tomatoes (1 cup, 250 g)",food,217.5,4.3,32.2,8.2,4.2,4.8
FNDDS-2021-2023-71801000,"Soup, potato (1 cup, 255 g)","Soup, potato (1 cup, 255 g)",food,229.5,3.9,26.8,12.0,2.6,3.1
FNDDS-2021-2023-71801005,"Soup, potato with meat (1 cup, 255 g)","Soup, potato with meat (1 cup, 255 g)",food,277.9,9.6,22.5,16.4,2.4,2.5
FNDDS-2021-2023-71900100,"Plantain, cooked, no added fat (1 slice, 25 g)","Plantain, cooked, no added fat (1 slice, 25 g)",food,30.5,0.3,8.0,0.1,4.4,0.4
FNDDS-2021-2023-71900200,"Plantain, cooked with oil (1 slice, 25 g)","Plantain, cooked with oil (1 slice, 25 g)",food,36.0,0.3,7.7,0.8,4.2,0.4
FNDDS-2021-2023-71905000,"Plantain, raw (1 whole, 180 g)","Plantain, raw (1 whole, 180 g)",food,219.6,2.3,57.4,0.6,31.5,3.1
FNDDS-2021-2023-71905100,"Plantain, cooked with butter or margarine (1 slice, 25 g)","Plantain, cooked with butter or margarine (1 slice, 25 g)",food,34.5,0.3,7.7,0.6,4.2,0.4
FNDDS-2021-2023-71905410,"Plantain chips (1 oz, 28.35 g)","Plantain chips (1 oz, 28.35 g)",food,150.5,0.6,18.1,8.4,0.3,1.0
FNDDS-2021-2023-71930120,"Cassava, cooked (1 cup, 160 g)","Cassava, cooked (1 cup, 160 g)",food,305.6,2.3,63.4,4.8,2.8,3.0
FNDDS-2021-2023-71930190,"Yuca fries (1 cup, 140 g)","Yuca fries (1 cup, 140 g)",food,376.6,1.7,48.6,19.5,2.2,2.2
FNDDS-2021-2023-71930200,"Casabe, cassava bread (1 piece (6"" dia), 100 g)","Casabe, cassava bread (1 piece (6"" dia), 100 g)",food,299.0,2.5,71.2,0.5,3.2,3.4
FNDDS-2021-2023-71962040,"Taro, cooked (1 cup, 160 g)","Taro, cooked (1 cup, 160 g)",food,225.6,2.5,44.2,4.7,0.7,6.9
FNDDS-2021-2023-71970200,"Fufu (1 cup, cooked, 240 g)","Fufu (1 cup, cooked, 240 g)",food,398.4,3.6,80.6,7.2,2.6,7.4
FNDDS-2021-2023-71980200,"Taro chips (10 chips, 23 g)","Taro chips (10 chips, 23 g)",food,114.5,0.5,15.7,5.7,0.9,1.7
FNDDS-2021-2023-72101100,"Beet greens, raw (1 cup, 38 g)","Beet greens, raw (1 cup, 38 g)",food,8.4,0.8,1.6,0.0,0.2,1.4
FNDDS-2021-2023-72101220,"Beet greens, cooked (1 cup, 150 g)","Beet greens, cooked (1 cup, 150 g)",food,72.0,3.4,6.8,4.3,0.8,5.8
FNDDS-2021-2023-72103000,"Broccoli raab, raw (1 cup, 40 g)","Broccoli raab, raw (1 cup, 40 g)",food,8.8,1.3,1.1,0.2,0.2,1.1
FNDDS-2021-2023-72103030,"Broccoli raab, cooked (1 cup, 170 g)","Broccoli raab, cooked (1 cup, 170 g)",food,78.2,5.4,4.9,5.4,0.7,4.6
FNDDS-2021-2023-72104100,"Chard, raw (1 cup, 36 g)","Chard, raw (1 cup, 36 g)",food,6.8,0.6,1.3,0.1,0.4,0.6
FNDDS-2021-2023-72104220,"Chard, cooked (1 cup, 150 g)","Chard, cooked (1 cup, 150 g)",food,66.0,2.8,5.8,4.4,1.7,2.5
FNDDS-2021-2023-72107100,"Collards, raw (1 cup, 36 g)","Collards, raw (1 cup, 36 g)",food,11.5,1.1,2.0,0.2,0.2,1.4
FNDDS-2021-2023-72107211,"Collards, fresh, cooked, no added fat (1 cup, 130 g)","Collards, fresh, cooked, no added fat (1 cup, 130 g)",food,44.2,4.2,7.6,0.8,0.6,5.6
FNDDS-2021-2023-72107212,"Collards, frozen, cooked, no added fat (1 cup, 170 g)","Collards, frozen, cooked, no added fat (1 cup, 170 g)",food,61.2,5.0,12.0,0.7,1.0,4.8
FNDDS-2021-2023-72107227,"Collards, fresh, cooked with oil (1 cup, 135 g)","Collards, fresh, cooked with oil (1 cup, 135 g)",food,82.4,4.2,7.6,5.1,0.6,5.7
FNDDS-2021-2023-72107228,"Collards, fresh, cooked with butter or margarine (1 cup, 135 g)","Collards, fresh, cooked with butter or margarine (1 cup, 135 g)",food,72.9,4.3,7.6,4.0,0.7,5.7
FNDDS-2021-2023-72107230,"Collards, frozen, cooked with oil (1 cup, 175 g)","Collards, frozen, cooked with oil (1 cup, 175 g)",food,106.8,5.0,12.0,5.8,1.0,4.7
FNDDS-2021-2023-72107231,"Collards, frozen, cooked with butter or margarine (1 cup, 175 g)","Collards, frozen, cooked with butter or margarine (1 cup, 175 g)",food,96.2,5.1,12.0,4.5,1.0,4.7
FNDDS-2021-2023-72110100,"Cress, raw (1 cup, 50 g)","Cress, raw (1 cup, 50 g)",food,16.0,1.3,2.8,0.3,2.2,0.6
FNDDS-2021-2023-72110221,"Cress, cooked (1 cup, 140 g)","Cress, cooked (1 cup, 140 g)",food,81.2,3.8,8.0,4.9,6.4,1.5
FNDDS-2021-2023-72113100,"Dandelion greens, raw (1 cup, 55 g)","Dandelion greens, raw (1 cup, 55 g)",food,24.8,1.5,5.1,0.4,0.4,1.9
FNDDS-2021-2023-72113220,"Dandelion greens, cooked (1 cup, 110 g)","Dandelion greens, cooked (1 cup, 110 g)",food,78.1,3.1,10.5,3.8,0.8,4.0
FNDDS-2021-2023-72116000,"Romaine lettuce, raw (1 leaf, 13 g)","Romaine lettuce, raw (1 leaf, 13 g)",food,2.7,0.1,0.5,0.0,0.2,0.2
FNDDS-2021-2023-72116150,"Caesar salad, with romaine, no dressing (1 cup, 79 g)","Caesar salad, with romaine, no dressing (1 cup, 79 g)",food,60.8,3.2,5.9,2.7,1.0,1.4
FNDDS-2021-2023-72116220,"Escarole, cooked (1 cup, 135 g)","Escarole, cooked (1 cup, 135 g)",food,50.0,1.5,4.0,3.7,0.3,3.6
FNDDS-2021-2023-72118211,"Greens, fresh, cooked, no added fat (1 cup, 130 g)","Greens, fresh, cooked, no added fat (1 cup, 130 g)",food,48.1,3.9,6.7,1.3,1.0,5.5
FNDDS-2021-2023-72118212,"Greens, frozen, cooked, no added fat (1 cup, 170 g)","Greens, frozen, cooked, no added fat (1 cup, 170 g)",food,62.9,5.0,9.8,1.2,1.3,4.6
FNDDS-2021-2023-72118221,"Greens, fresh, cooked, fat added (1 cup, 135 g)","Greens, fresh, cooked, fat added (1 cup, 135 g)",food,78.3,3.9,6.8,4.6,1.0,5.5
FNDDS-2021-2023-72118222,"Greens, frozen, cooked, fat added (1 cup, 175 g)","Greens, frozen, cooked, fat added (1 cup, 175 g)",food,103.2,5.0,9.8,5.7,1.3,4.5
FNDDS-2021-2023-72118223,"Greens, canned, cooked (1 cup, 175 g)","Greens, canned, cooked (1 cup, 175 g)",food,71.8,2.3,4.7,4.9,0.7,2.3
FNDDS-2021-2023-72119190,"Kale, raw (1 leaf, 10 g)","Kale, raw (1 leaf, 10 g)",food,4.3,0.3,0.4,0.1,0.1,0.4
FNDDS-2021-2023-72119211,"Kale, fresh, cooked, no added fat (1 cup, 130 g)","Kale, fresh, cooked, no added fat (1 cup, 130 g)",food,59.8,4.1,6.2,2.1,1.1,5.7
FNDDS-2021-2023-72119212,"Kale, frozen, cooked, no added fat (1 cup, 170 g)","Kale, frozen, cooked, no added fat (1 cup, 170 g)",food,74.8,5.0,9.0,2.1,1.9,3.9
FNDDS-2021-2023-72119221,"Kale, fresh, cooked, fat added (1 cup, 135 g)","Kale, fresh, cooked, fat added (1 cup, 135 g)",food,93.2,4.1,6.2,5.8,1.1,5.8
FNDDS-2021-2023-72119222,"Kale, frozen, cooked, fat added (1 cup, 175 g)","Kale, frozen, cooked, fat added (1 cup, 175 g)",food,115.5,5.0,9.0,6.5,1.9,3.9
FNDDS-2021-2023-72120220,"Lambsquarter, cooked (1 cup, 185 g)","Lambsquarter, cooked (1 cup, 185 g)",food,99.9,5.8,9.0,6.0,1.1,3.7
FNDDS-2021-2023-72122100,"Mustard greens, raw (1 cup, 56 g)","Mustard greens, raw (1 cup, 56 g)",food,15.1,1.6,2.6,0.2,0.7,1.8
FNDDS-2021-2023-72122211,"Mustard greens, fresh, cooked, no added fat (1 cup, 140 g)","Mustard greens, fresh, cooked, no added fat (1 cup, 140 g)",food,40.6,4.3,7.0,0.6,2.0,4.8
FNDDS-2021-2023-72122212,"Mustard greens, frozen, cooked, no added fat (1 cup, 165 g)","Mustard greens, frozen, cooked, no added fat (1 cup, 165 g)",food,31.3,3.7,5.1,0.4,0.5,4.6
FNDDS-2021-2023-72122221,"Mustard greens, fresh, cooked, fat added (1 cup, 150 g)","Mustard greens, fresh, cooked, fat added (1 cup, 150 g)",food,79.5,4.5,7.3,4.8,2.1,4.9
FNDDS-2021-2023-72122222,"Mustard greens, frozen, cooked, fat added (1 cup, 170 g)","Mustard greens, frozen, cooked, fat added (1 cup, 170 g)",food,69.7,3.8,5.1,4.7,0.5,4.6
FNDDS-2021-2023-72123020,"Poke greens, cooked (1 cup, 150 g)","Poke greens, cooked (1 cup, 150 g)",food,63.0,3.4,4.5,4.4,2.3,2.2
FNDDS-2021-2023-72124100,"Radicchio, raw (1 cup, 40 g)","Radicchio, raw (1 cup, 40 g)",food,9.2,0.6,1.8,0.1,0.2,0.4
FNDDS-2021-2023-72125100,"Spinach, raw (1 cup, 25 g)","Spinach, raw (1 cup, 25 g)",food,6.8,0.7,0.6,0.2,0.1,0.4
FNDDS-2021-2023-72125211,"Spinach, fresh, cooked, no added fat (1 cup, 180 g)","Spinach, fresh, cooked, no added fat (1 cup, 180 g)",food,59.4,6.1,5.6,1.3,0.9,3.4
FNDDS-2021-2023-72125212,"Spinach, frozen, cooked, no added fat (1 cup, 215 g)","Spinach, frozen, cooked, no added fat (1 cup, 215 g)",food,73.1,8.6,10.3,1.9,1.1,8.0
FNDDS-2021-2023-72125213,"Spinach, canned, cooked, no added fat (1 cup, 215 g)","Spinach, canned, cooked, no added fat (1 cup, 215 g)",food,49.4,6.0,7.3,1.1,0.9,5.2
FNDDS-2021-2023-72125217,"Spinach, fresh, cooked with oil (1 cup, 185 g)","Spinach, fresh, cooked with oil (1 cup, 185 g)",food,116.6,6.1,5.6,7.6,0.9,3.3
FNDDS-2021-2023-72125218,"Spinach, fresh, cooked with butter or margarine (1 cup, 185 g)","Spinach, fresh, cooked with butter or margarine (1 cup, 185 g)",food,101.8,6.2,5.6,6.0,0.9,3.3
FNDDS-2021-2023-72125224,"Spinach, frozen, cooked with oil (1 cup, 220 g)","Spinach, frozen, cooked with oil (1 cup, 220 g)",food,129.8,8.5,10.2,8.2,1.1,7.9
FNDDS-2021-2023-72125225,"Spinach, frozen, cooked with butter or margarine (1 cup, 220 g)","Spinach, frozen, cooked with butter or margarine (1 cup, 220 g)",food,116.6,8.6,10.3,6.7,1.1,7.9
FNDDS-2021-2023-72125227,"Spinach, canned, cooked with oil (1 cup, 220 g)","Spinach, canned, cooked with oil (1 cup, 220 g)",food,107.8,6.0,7.3,7.5,0.9,5.1
FNDDS-2021-2023-72125228,"Spinach, canned, cooked with butter or margarine (1 cup, 220 g)","Spinach, canned, cooked with butter or margarine (1 cup, 220 g)",food,92.4,6.0,7.3,5.9,0.9,5.1
FNDDS-2021-2023-72125230,"Spinach, creamed (1 cup, 200 g)","Spinach, creamed (1 cup, 200 g)",food,180.0,4.8,12.2,12.2,1.5,2.4
FNDDS-2021-2023-72125240,"Spinach souffle (1 cup, 100 g)","Spinach souffle (1 cup, 100 g)",food,128.0,5.7,7.1,8.6,2.5,1.1
FNDDS-2021-2023-72125260,"Spinach and cheese casserole (1 cup, 200 g)","Spinach and cheese casserole (1 cup, 200 g)",food,260.0,14.1,19.7,15.2,2.0,5.6
FNDDS-2021-2023-72125310,"Palak Paneer (1 cup, 200 g)","Palak Paneer (1 cup, 200 g)",food,202.0,10.8,8.6,14.0,3.8,1.8
FNDDS-2021-2023-72125500,"Channa Saag (1 cup, 245 g)","Channa Saag (1 cup, 245 g)",food,218.1,10.0,21.5,10.6,4.4,7.4
FNDDS-2021-2023-72126001,"Taro leaves, cooked (1 cup, 150 g)","Taro leaves, cooked (1 cup, 150 g)",food,102.0,7.8,10.5,5.3,4.7,5.8
FNDDS-2021-2023-72128211,"Turnip greens, fresh, cooked, no added fat (1 cup, 145 g)","Turnip greens, fresh, cooked, no added fat (1 cup, 145 g)",food,29.0,1.7,6.3,0.3,0.8,5.1
FNDDS-2021-2023-72128212,"Turnip greens, frozen, cooked, no added fat (1 cup, 165 g)","Turnip greens, frozen, cooked, no added fat (1 cup, 165 g)",food,47.8,5.5,8.2,0.7,1.2,5.6
FNDDS-2021-2023-72128221,"Turnip greens, fresh, cooked, fat added (1 cup, 150 g)","Turnip greens, fresh, cooked, fat added (1 cup, 150 g)",food,63.0,1.7,6.3,4.2,0.8,5.1
FNDDS-2021-2023-72128222,"Turnip greens, frozen, cooked, fat added (1 cup, 170 g)","Turnip greens, frozen, cooked, fat added (1 cup, 170 g)",food,86.7,5.5,8.2,5.0,1.2,5.6
FNDDS-2021-2023-72130100,"Watercress, raw (1 cup, 34 g)","Watercress, raw (1 cup, 34 g)",food,3.7,0.8,0.4,0.0,0.1,0.2
FNDDS-2021-2023-72130201,"Watercress, cooked (1 cup, 142 g)","Watercress, cooked (1 cup, 142 g)",food,51.1,3.4,1.9,4.0,0.3,0.7
FNDDS-2021-2023-72132201,"Bitter melon, horseradish, jute, or radish leaves, cooked (1 cup, 128 g)","Bitter melon, horseradish, jute, or radish leaves, cooked (1 cup, 128 g)",food,71.7,4.5,8.3,3.5,1.3,2.3
FNDDS-2021-2023-72133201,"Sweet potato, squash, pumpkin, chrysanthemum, or bean leaves, cooked (1 cup, 69 g)","Sweet potato, squash, pumpkin, chrysanthemum, or bean leaves, cooked (1 cup, 69 g)",food,39.3,1.5,4.9,2.0,3.7,1.2
FNDDS-2021-2023-72201100,"Broccoli, raw (1 cup, 90 g)","Broccoli, raw (1 cup, 90 g)",food,35.1,2.3,5.6,0.3,1.3,2.2
FNDDS-2021-2023-72201190,"Broccoli, cooked, from restaurant (1 cup, 160 g)","Broccoli, cooked, from restaurant (1 cup, 160 g)",food,123.2,4.1,9.9,7.5,2.2,3.8
FNDDS-2021-2023-72201211,"Broccoli, fresh, cooked, no added fat (1 cup, 155 g)","Broccoli, fresh, cooked, no added fat (1 cup, 155 g)",food,63.6,4.1,10.1,0.5,2.2,3.9
FNDDS-2021-2023-72201212,"Broccoli, frozen, cooked, no added fat (1 cup, 185 g)","Broccoli, frozen, cooked, no added fat (1 cup, 185 g)",food,51.8,5.7,9.9,0.2,2.7,5.6
FNDDS-2021-2023-72201223,"Broccoli, fresh, cooked with oil (1 cup, 160 g)","Broccoli, fresh, cooked with oil (1 cup, 160 g)",food,107.2,4.1,10.1,5.4,2.3,3.8
FNDDS-2021-2023-72201224,"Broccoli, fresh, cooked with butter or margarine (1 cup, 160 g)","Broccoli, fresh, cooked with butter or margarine (1 cup, 160 g)",food,96.0,4.2,10.1,4.2,2.3,3.8
FNDDS-2021-2023-72201226,"Broccoli, frozen, cooked with oil (1 cup, 190 g)","Broccoli, frozen, cooked with oil (1 cup, 190 g)",food,100.7,5.7,9.8,5.7,2.7,5.5
FNDDS-2021-2023-72201227,"Broccoli, frozen, cooked with butter or margarine (1 cup, 190 g)","Broccoli, frozen, cooked with butter or margarine (1 cup, 190 g)",food,89.3,5.7,9.9,4.4,2.7,5.5
FNDDS-2021-2023-72202010,"Broccoli casserole with noodles (1 cup, 228 g)","Broccoli casserole with noodles (1 cup, 228 g)",food,255.4,8.1,36.3,8.6,3.1,4.3
FNDDS-2021-2023-72202020,"Broccoli casserole with rice (1 cup, 228 g)","Broccoli casserole with rice (1 cup, 228 g)",food,244.0,9.4,34.4,8.2,2.7,4.3
FNDDS-2021-2023-72202030,"Fried broccoli (1 floweret, 13 g)","Fried broccoli (1 floweret, 13 g)",food,29.0,0.6,2.9,1.7,0.1,0.2
FNDDS-2021-2023-72203000,"Broccoli, chinese, raw (1 cup, 36 g)","Broccoli, chinese, raw (1 cup, 36 g)",food,9.4,0.4,1.7,0.3,0.3,0.9
FNDDS-2021-2023-72203070,"Broccoli, Chinese, cooked (1 cup, 88 g)","Broccoli, Chinese, cooked (1 cup, 88 g)",food,44.0,1.1,4.2,3.0,0.8,2.3
FNDDS-2021-2023-72302100,"Soup, broccoli cheese (1 cup, 255 g)","Soup, broccoli cheese (1 cup, 255 g)",food,209.1,10.9,15.5,11.6,2.6,3.3
FNDDS-2021-2023-73101010,"Carrots, raw (1 cup, 120 g)","Carrots, raw (1 cup, 120 g)",food,52.8,1.0,11.6,0.3,5.7,3.5
FNDDS-2021-2023-73101110,"Carrots, raw, salad (1 cup, 175 g)","Carrots, raw, salad (1 cup, 175 g)",food,371.0,2.2,30.8,27.5,21.0,4.5
FNDDS-2021-2023-73101210,"Carrots, raw, salad with apples (1 cup, 171 g)","Carrots, raw, salad with apples (1 cup, 171 g)",food,309.5,1.5,14.7,27.4,7.6,3.9
FNDDS-2021-2023-73102190,"Carrots, cooked, from restaurant (1 cup, 160 g)","Carrots, cooked, from restaurant (1 cup, 160 g)",food,137.6,1.5,16.3,7.5,7.5,5.0
FNDDS-2021-2023-73102211,"Carrots, fresh, cooked, no added fat (1 cup, 155 g)","Carrots, fresh, cooked, no added fat (1 cup, 155 g)",food,77.5,1.5,16.6,0.6,7.6,5.0
FNDDS-2021-2023-73102212,"Carrots, frozen, cooked, no added fat (1 cup, 155 g)","Carrots, frozen, cooked, no added fat (1 cup, 155 g)",food,60.5,1.3,12.2,0.7,6.5,5.0
FNDDS-2021-2023-73102213,"Carrots, canned, cooked, no added fat (1 cup, 155 g)","Carrots, canned, cooked, no added fat (1 cup, 155 g)",food,38.8,1.0,8.6,0.3,3.8,2.3
FNDDS-2021-2023-73102217,"Carrots, fresh, cooked with oil (1 cup, 160 g)","Carrots, fresh, cooked with oil (1 cup, 160 g)",food,121.6,1.5,16.6,5.4,7.6,5.0
FNDDS-2021-2023-73102218,"Carrots, fresh, cooked with butter or margarine (1 cup, 160 g)","Carrots, fresh, cooked with butter or margarine (1 cup, 160 g)",food,110.4,1.5,16.6,4.2,7.7,5.0
FNDDS-2021-2023-73102224,"Carrots, frozen, cooked with oil (1 cup, 160 g)","Carrots, frozen, cooked with oil (1 cup, 160 g)",food,102.4,1.2,12.3,5.4,6.5,5.0
FNDDS-2021-2023-73102225,"Carrots, frozen, cooked with butter or margarine (1 cup, 160 g)","Carrots, frozen, cooked with butter or margarine (1 cup, 160 g)",food,91.2,1.3,12.3,4.2,6.5,5.0
FNDDS-2021-2023-73102227,"Carrots, canned, cooked with oil (1 cup, 160 g)","Carrots, canned, cooked with oil (1 cup, 160 g)",food,80.0,1.0,8.6,5.0,3.9,2.4
FNDDS-2021-2023-73102228,"Carrots, canned, cooked with butter or margarine (1 cup, 160 g)","Carrots, canned, cooked with butter or margarine (1 cup, 160 g)",food,70.4,1.0,8.6,3.8,3.9,2.4
FNDDS-2021-2023-73102241,"Carrots, glazed, cooked (1 piece/slice, 5 g)","Carrots, glazed, cooked (1 piece/slice, 5 g)",food,4.9,0.0,0.9,0.1,0.6,0.1
FNDDS-2021-2023-73103010,"Carrots, canned, reduced sodium, cooked, no added fat (1 cup, 155 g)","Carrots, canned, reduced sodium, cooked, no added fat (1 cup, 155 g)",food,35.6,0.9,8.3,0.2,3.8,2.8
FNDDS-2021-2023-73103021,"Carrots, canned, reduced sodium, cooked with oil (1 cup, 160 g)","Carrots, canned, reduced sodium, cooked with oil (1 cup, 160 g)",food,78.4,0.9,8.3,4.9,3.8,2.7
FNDDS-2021-2023-73103022,"Carrots, canned, reduced sodium, cooked with butter or margarine (1 cup, 160 g)","Carrots, canned, reduced sodium, cooked with butter or margarine (1 cup, 160 g)",food,67.2,0.9,8.3,3.7,3.8,2.7
FNDDS-2021-2023-73105000,"Beet juice (1 fl oz (no ice), 31 g)","Beet juice (1 fl oz (no ice), 31 g)",drink,7.8,0.2,1.8,0.0,1.5,0.3
FNDDS-2021-2023-73105010,"Carrot juice, 100% (1 fl oz (no ice), 30 g)","Carrot juice, 100% (1 fl oz (no ice), 30 g)",drink,12.0,0.3,2.8,0.0,1.2,0.2
FNDDS-2021-2023-73111211,"Peas and carrots, fresh, cooked, no added fat (1 cup, 160 g)","Peas and carrots, fresh, cooked, no added fat (1 cup, 160 g)",food,107.2,5.3,20.5,0.6,8.7,7.4
FNDDS-2021-2023-73111212,"Peas and carrots, frozen, cooked, no added fat (1 cup, 160 g)","Peas and carrots, frozen, cooked, no added fat (1 cup, 160 g)",food,92.8,4.8,17.8,0.6,6.9,6.1
FNDDS-2021-2023-73111213,"Peas and carrots, canned, cooked, no added fat (1 cup, 160 g)","Peas and carrots, canned, cooked, no added fat (1 cup, 160 g)",food,73.6,4.1,13.5,0.8,4.4,5.1
FNDDS-2021-2023-73111221,"Peas and carrots, fresh, cooked, fat added (1 cup, 165 g)","Peas and carrots, fresh, cooked, fat added (1 cup, 165 g)",food,146.8,5.3,20.6,5.0,8.7,7.3
FNDDS-2021-2023-73111222,"Peas and carrots, frozen, cooked, fat added (1 cup, 165 g)","Peas and carrots, frozen, cooked, fat added (1 cup, 165 g)",food,132.0,4.8,17.7,4.8,6.9,6.1
FNDDS-2021-2023-73111223,"Peas and carrots, canned, cooked, fat added (1 cup, 165 g)","Peas and carrots, canned, cooked, fat added (1 cup, 165 g)",food,112.2,4.1,13.5,5.0,4.4,5.1
FNDDS-2021-2023-73201013,"Pumpkin, canned, cooked (1 cup, 245 g)","Pumpkin, canned, cooked (1 cup, 245 g)",food,137.2,2.6,19.3,6.9,7.9,6.9
FNDDS-2021-2023-73201020,"Pumpkin, cooked (1 cup, 230 g)","Pumpkin, cooked (1 cup, 230 g)",food,119.6,2.4,15.6,6.5,6.6,1.1
FNDDS-2021-2023-73302010,"Winter squash, raw (1 cup, 140 g)","Winter squash, raw (1 cup, 140 g)",food,36.4,1.4,9.1,0.1,3.9,0.7
FNDDS-2021-2023-73303010,"Winter squash, cooked, no added fat (1 cup, 225 g)","Winter squash, cooked, no added fat (1 cup, 225 g)",food,83.2,2.0,19.8,0.8,7.4,6.3
FNDDS-2021-2023-73303020,"Winter squash, cooked, fat added (1 cup, 230 g)","Winter squash, cooked, fat added (1 cup, 230 g)",food,135.7,2.0,19.7,6.6,7.4,6.2
FNDDS-2021-2023-73305020,"Squash, winter, souffle (1 cup, 157 g)","Squash, winter, souffle (1 cup, 157 g)",food,122.5,5.3,19.0,3.5,9.1,3.3
FNDDS-2021-2023-73403010,"Sweet potato, baked, no added fat (1 small, 80 g)","Sweet potato, baked, no added fat (1 small, 80 g)",food,65.6,1.3,14.4,0.3,5.0,2.5
FNDDS-2021-2023-73403020,"Sweet potato, baked, fat added (1 small, 80 g)","Sweet potato, baked, fat added (1 small, 80 g)",food,92.0,1.3,13.7,3.6,4.8,2.4
FNDDS-2021-2023-73405010,"Sweet potato, boiled, no added fat (1 small, 80 g)","Sweet potato, boiled, no added fat (1 small, 80 g)",food,65.6,1.3,14.4,0.3,5.0,2.5
FNDDS-2021-2023-73405020,"Sweet potato, boiled, fat added (1 small, 80 g)","Sweet potato, boiled, fat added (1 small, 80 g)",food,92.0,1.3,13.7,3.6,4.8,2.4
FNDDS-2021-2023-73406000,"Sweet potato, candied (1 piece, 45 g)","Sweet potato, candied (1 piece, 45 g)",food,84.2,0.5,17.0,1.6,13.2,1.0
FNDDS-2021-2023-73407050,"Sweet potato, canned, no added fat (1 cup, pieces, 250 g)","Sweet potato, canned, no added fat (1 cup, pieces, 250 g)",food,227.5,4.1,52.5,0.5,12.5,4.5
FNDDS-2021-2023-73407060,"Sweet potato, canned, fat added (1 cup, pieces, 250 g)","Sweet potato, canned, fat added (1 cup, pieces, 250 g)",food,310.0,4.0,50.0,10.9,11.9,4.2
FNDDS-2021-2023-73409000,"Sweet potato, casserole or mashed (1 cup, 250 g)","Sweet potato, casserole or mashed (1 cup, 250 g)",food,247.5,4.7,43.0,6.4,20.1,6.0
FNDDS-2021-2023-73410210,"Sweet potato chips (1 chip, 2 g)","Sweet potato chips (1 chip, 2 g)",food,10.6,0.1,1.1,0.6,0.2,0.2
FNDDS-2021-2023-73410320,"Sweet potato fries, frozen (1 fry, any cut, 5 g)","Sweet potato fries, frozen (1 fry, any cut, 5 g)",food,9.6,0.1,1.9,0.5,0.7,0.3
FNDDS-2021-2023-73410340,"Sweet potato fries, from fresh (1 fry, any cut, 5 g)","Sweet potato fries, from fresh (1 fry, any cut, 5 g)",food,7.8,0.1,0.8,0.5,0.3,0.1
FNDDS-2021-2023-73410400,"Sweet potato fries, fast food / restaurant (1 fry, any cut, 5 g)","Sweet potato fries, fast food / restaurant (1 fry, any cut, 5 g)",food,15.2,0.1,1.6,1.2,0.6,0.3
FNDDS-2021-2023-73410500,"Sweet potato fries, school (1 fry, any cut, 5 g)","Sweet potato fries, school (1 fry, any cut, 5 g)",food,9.6,0.1,1.9,0.5,0.7,0.3
FNDDS-2021-2023-73420020,"Sweet potato tots (1 cup, 130 g)","Sweet potato tots (1 cup, 130 g)",food,248.3,2.9,48.5,12.2,17.6,7.8
FNDDS-2021-2023-73420100,"Sweet potato tots, fast food / restaurant (1 cup, 130 g)","Sweet potato tots, fast food / restaurant (1 cup, 130 g)",food,312.0,2.8,45.4,20.3,16.4,7.3
FNDDS-2021-2023-73420200,"Sweet potato tots, school (1 cup, 130 g)","Sweet potato tots, school (1 cup, 130 g)",food,249.6,3.0,48.6,12.2,17.7,7.8
FNDDS-2021-2023-73502000,"Soup, pumpkin (1 cup, 245 g)","Soup, pumpkin (1 cup, 245 g)",food,176.4,2.7,16.8,11.5,5.1,3.7
FNDDS-2021-2023-74101000,"Tomatoes, raw (1 slice, 20 g)","Tomatoes, raw (1 slice, 20 g)",food,4.0,0.2,0.8,0.1,0.5,0.2
FNDDS-2021-2023-74201001,"Tomatoes, fresh, cooked (1 whole, 110 g)","Tomatoes, fresh, cooked (1 whole, 110 g)",food,55.0,1.2,5.2,3.8,3.5,1.7
FNDDS-2021-2023-74201003,"Tomatoes, canned, cooked (1 whole, 110 g)","Tomatoes, canned, cooked (1 whole, 110 g)",food,47.3,0.9,3.6,3.3,3.2,2.0
FNDDS-2021-2023-74203010,"Tomatoes, scalloped (1 cup, 240 g)","Tomatoes, scalloped (1 cup, 240 g)",food,264.0,6.5,33.8,11.9,9.0,4.6
FNDDS-2021-2023-74204500,"Tomatoes, canned, reduced sodium, cooked (1 whole, 110 g)","Tomatoes, canned, reduced sodium, cooked (1 whole, 110 g)",food,42.9,0.9,3.7,3.1,2.7,2.0
FNDDS-2021-2023-74205010,"Fried green tomatoes (1 slice, 35 g)","Fried green tomatoes (1 slice, 35 g)",food,75.6,1.3,7.6,4.5,0.6,0.5
FNDDS-2021-2023-74205020,"Tomato, green, pickled (1 whole, 74 g)","Tomato, green, pickled (1 whole, 74 g)",food,29.6,0.7,6.7,0.1,6.1,0.7
FNDDS-2021-2023-74206000,"Sun-dried tomatoes (1 cup, 55 g)","Sun-dried tomatoes (1 cup, 55 g)",food,141.9,7.8,30.7,1.6,20.7,6.8
FNDDS-2021-2023-74301100,"Tomato juice, 100% (1 fl oz (no ice), 31 g)","Tomato juice, 100% (1 fl oz (no ice), 31 g)",drink,7.1,0.3,1.3,0.1,0.8,0.1
FNDDS-2021-2023-74301150,"Tomato juice, 100%, low sodium (1 fl oz (no ice), 31 g)","Tomato juice, 100%, low sodium (1 fl oz (no ice), 31 g)",drink,7.1,0.3,1.3,0.1,0.8,0.1
FNDDS-2021-2023-74302000,"Tomato juice cocktail (1 fl oz (no ice), 31 g)","Tomato juice cocktail (1 fl oz (no ice), 31 g)",drink,6.8,0.3,1.2,0.1,0.9,0.2
FNDDS-2021-2023-74303000,"Tomato and vegetable juice, 100% (1 fl oz (no ice), 31 g)","Tomato and vegetable juice, 100% (1 fl oz (no ice), 31 g)",drink,6.8,0.3,1.2,0.1,0.9,0.2
FNDDS-2021-2023-74303100,"Tomato and vegetable juice, 100%, low sodium (1 fl oz (no ice), 31 g)","Tomato and vegetable juice, 100%, low sodium (1 fl oz (no ice), 31 g)",drink,6.8,0.2,1.4,0.0,1.0,0.2
FNDDS-2021-2023-74401010,"Ketchup (1 tablespoon, 17 g)","Ketchup (1 tablespoon, 17 g)",food,18.5,0.2,4.6,0.1,3.7,0.1
FNDDS-2021-2023-74401110,"Ketchup, reduced sodium (1 tablespoon, 17 g)","Ketchup, reduced sodium (1 tablespoon, 17 g)",food,17.2,0.2,4.7,0.0,3.6,0.1
FNDDS-2021-2023-74402010,"Tomato chili sauce (1 tablespoon, 17 g)","Tomato chili sauce (1 tablespoon, 17 g)",food,15.6,0.4,3.4,0.1,2.3,0.4
FNDDS-2021-2023-74402110,"Salsa, pico de gallo (1 cup, 240 g)","Salsa, pico de gallo (1 cup, 240 g)",food,40.8,1.7,8.9,0.3,5.1,2.6
FNDDS-2021-2023-74402150,"Salsa, red (1 tablespoon, 16 g)","Salsa, red (1 tablespoon, 16 g)",food,5.4,0.2,1.1,0.0,0.6,0.3
FNDDS-2021-2023-74402200,"Salsa, red, homemade (1 cup, 234 g)","Salsa, red, homemade (1 cup, 234 g)",food,79.6,3.4,15.8,0.4,8.9,4.2
FNDDS-2021-2023-74402210,"Taco sauce (1 tablespoon, 16 g)","Taco sauce (1 tablespoon, 16 g)",food,1.8,0.2,0.1,0.1,0.0,0.1
FNDDS-2021-2023-74402250,"Enchilada sauce, red (1 tablespoon, 16 g)","Enchilada sauce, red (1 tablespoon, 16 g)",food,4.8,0.1,0.8,0.1,0.3,0.1
FNDDS-2021-2023-74402260,"Enchilada sauce, green (1 tablespoon, 16 g)","Enchilada sauce, green (1 tablespoon, 16 g)",food,6.1,0.2,1.0,0.1,0.6,0.3
FNDDS-2021-2023-74402350,"Salsa verde or salsa, green (1 cup, 246 g)","Salsa verde or salsa, green (1 cup, 246 g)",food,93.5,2.8,15.6,2.2,8.6,4.7
FNDDS-2021-2023-74403000,"Hot Thai sauce (1 tablespoon, 16 g)","Hot Thai sauce (1 tablespoon, 16 g)",food,11.8,0.2,2.7,0.1,2.6,0.1
FNDDS-2021-2023-74404010,"Spaghetti sauce (1 cup, 260 g)","Spaghetti sauce (1 cup, 260 g)",food,132.6,3.7,20.9,3.8,14.3,4.7
FNDDS-2021-2023-74404020,"Spaghetti sauce with added vegetables (1 cup, 260 g)","Spaghetti sauce with added vegetables (1 cup, 260 g)",food,119.6,4.0,19.4,3.1,12.9,4.4
FNDDS-2021-2023-74404050,"Spaghetti sauce, reduced sodium (1 cup, 260 g)","Spaghetti sauce, reduced sodium (1 cup, 260 g)",food,132.6,3.7,21.0,3.8,14.3,4.7
FNDDS-2021-2023-74404060,"Spaghetti sauce, fat free (1 cup, 260 g)","Spaghetti sauce, fat free (1 cup, 260 g)",food,62.4,3.1,13.8,0.8,9.3,3.9
FNDDS-2021-2023-74404090,"Vodka sauce with tomatoes and cream (1 cup, 260 g)","Vodka sauce with tomatoes and cream (1 cup, 260 g)",food,195.0,3.0,9.3,17.1,6.5,3.4
FNDDS-2021-2023-74406010,"Barbecue sauce (1 tablespoon, 17 g)","Barbecue sauce (1 tablespoon, 17 g)",food,29.2,0.1,6.9,0.1,5.6,0.2
FNDDS-2021-2023-74406060,"Buffalo sauce (1 tablespoon, 16 g)","Buffalo sauce (1 tablespoon, 16 g)",food,1.8,0.2,0.1,0.1,0.0,0.1
FNDDS-2021-2023-74406100,"Steak sauce (1 tablespoon, 17 g)","Steak sauce (1 tablespoon, 17 g)",food,16.2,0.2,3.7,0.0,1.7,0.3
FNDDS-2021-2023-74406500,"Cocktail sauce (1 tablespoon, 17 g)","Cocktail sauce (1 tablespoon, 17 g)",food,21.8,0.2,4.8,0.2,2.0,0.3
FNDDS-2021-2023-74410110,"Puerto Rican seasoning with ham (1 cup, 240 g)","Puerto Rican seasoning with ham (1 cup, 240 g)",food,638.4,9.5,17.4,59.5,7.4,3.8
FNDDS-2021-2023-74420110,"Puerto Rican seasoning without ham and tomato sauce (1 cup, 240 g)","Puerto Rican seasoning without ham and tomato sauce (1 cup, 240 g)",food,304.8,2.4,16.5,25.9,7.0,3.6
FNDDS-2021-2023-74506000,"Tomato and cucumber salad made with tomato, cucumber, oil, and vinegar (1 cup, 159 g)","Tomato and cucumber salad made with tomato, cucumber, oil, and vinegar (1 cup, 159 g)",food,194.0,0.8,10.1,16.2,8.0,1.0
FNDDS-2021-2023-74601000,"Soup, tomato (1 cup, 245 g)","Soup, tomato (1 cup, 245 g)",food,46.6,1.6,8.9,1.0,4.9,2.2
FNDDS-2021-2023-74601010,"Soup, cream of tomato (1 cup, 255 g)","Soup, cream of tomato (1 cup, 255 g)",food,178.5,3.1,16.3,11.9,6.0,2.5
FNDDS-2021-2023-74602010,"Soup, tomato, canned (1 cup, 245 g)","Soup, tomato, canned (1 cup, 245 g)",food,83.3,1.5,18.7,0.8,10.2,1.5
FNDDS-2021-2023-74602200,"Soup, tomato, canned / carton, reduced sodium (1 cup, 245 g)","Soup, tomato, canned / carton, reduced sodium (1 cup, 245 g)",food,85.8,1.6,18.8,0.8,10.2,1.5
FNDDS-2021-2023-74701000,"Tomato sandwich on white (1 sandwich, any size, 120 g)","Tomato sandwich on white (1 sandwich, any size, 120 g)",food,241.2,10.2,31.8,8.2,4.8,1.8
FNDDS-2021-2023-74701010,"Tomato sandwich on wheat (1 sandwich, any size, 120 g)","Tomato sandwich on wheat (1 sandwich, any size, 120 g)",food,238.8,11.3,29.6,8.4,4.7,3.7
FNDDS-2021-2023-75100500,"Alfalfa sprouts, raw (1 cup, 33 g)","Alfalfa sprouts, raw (1 cup, 33 g)",food,7.6,1.3,0.7,0.2,0.1,0.6
FNDDS-2021-2023-75100750,"Artichoke (1 cup, 150 g)","Artichoke (1 cup, 150 g)",food,79.5,4.3,18.0,0.5,1.5,8.6
FNDDS-2021-2023-75100800,"Asparagus, raw (1 piece, 4 g)","Asparagus, raw (1 piece, 4 g)",food,0.8,0.1,0.2,0.0,0.1,0.1
FNDDS-2021-2023-75101000,"Bean sprouts, raw (1 cup, 90 g)","Bean sprouts, raw (1 cup, 90 g)",food,27.0,2.7,5.3,0.2,3.7,1.6
FNDDS-2021-2023-75101800,"Green beans, raw (1 cup, 100 g)","Green beans, raw (1 cup, 100 g)",food,40.0,2.0,7.4,0.3,2.3,3.0
FNDDS-2021-2023-75102500,"Beets, raw (1 cup, 135 g)","Beets, raw (1 cup, 135 g)",food,58.1,2.2,12.9,0.2,9.1,3.8
FNDDS-2021-2023-75102600,"Broccoflower, raw (1 cup, 64 g)","Broccoflower, raw (1 cup, 64 g)",food,19.8,1.9,3.9,0.2,1.9,2.0
FNDDS-2021-2023-75102750,"Brussels sprouts, raw (1 cup, 90 g)","Brussels sprouts, raw (1 cup, 90 g)",food,38.7,3.0,8.1,0.3,2.0,3.4
FNDDS-2021-2023-75103000,"Cabbage, green, raw (1 cup, 90 g)","Cabbage, green, raw (1 cup, 90 g)",food,27.9,0.9,5.7,0.2,2.9,2.2
FNDDS-2021-2023-75104000,"Cabbage, Chinese, raw (1 cup, 90 g)","Cabbage, Chinese, raw (1 cup, 90 g)",food,11.7,1.4,2.0,0.2,1.1,0.9
FNDDS-2021-2023-75105000,"Cabbage, red, raw (1 cup, 90 g)","Cabbage, red, raw (1 cup, 90 g)",food,30.6,1.1,6.1,0.2,3.4,1.9
FNDDS-2021-2023-75105500,"Cactus, raw (1 cup, 150 g)","Cactus, raw (1 cup, 150 g)",food,24.0,2.0,5.0,0.1,1.7,3.3
FNDDS-2021-2023-75107000,"Cauliflower, raw (1 piece, 13 g)","Cauliflower, raw (1 piece, 13 g)",food,3.2,0.2,0.6,0.0,0.2,0.3
FNDDS-2021-2023-75109000,"Celery, raw (1 piece, 4 g)","Celery, raw (1 piece, 4 g)",food,0.7,0.0,0.1,0.0,0.1,0.1
FNDDS-2021-2023-75109010,"Fennel bulb, raw (1 fennel bulb, 235 g)","Fennel bulb, raw (1 fennel bulb, 235 g)",food,72.9,2.9,17.2,0.5,9.2,7.3
FNDDS-2021-2023-75109600,"Corn, raw (1 cup, 150 g)","Corn, raw (1 cup, 150 g)",food,129.0,4.9,28.0,2.0,9.4,3.0
FNDDS-2021-2023-75111000,"Cucumber, raw (1 piece/slice, 10 g)","Cucumber, raw (1 piece/slice, 10 g)",food,1.6,0.1,0.3,0.0,0.2,0.1
FNDDS-2021-2023-75111200,"Eggplant, raw (1 whole, 500 g)","Eggplant, raw (1 whole, 500 g)",food,125.0,4.9,29.4,0.9,17.6,15.0
FNDDS-2021-2023-75111500,"Garlic, raw (1 clove, 3 g)","Garlic, raw (1 clove, 3 g)",food,4.3,0.2,0.8,0.0,0.0,0.1
FNDDS-2021-2023-75111800,"Jicama, raw (1 slice, 6 g)","Jicama, raw (1 slice, 6 g)",food,2.3,0.0,0.5,0.0,0.1,0.3
FNDDS-2021-2023-75112000,"Kohlrabi, raw (1 cup, 135 g)","Kohlrabi, raw (1 cup, 135 g)",food,36.5,2.3,8.4,0.1,3.5,4.9
FNDDS-2021-2023-75113000,"Lettuce, raw (1 leaf, 8 g)","Lettuce, raw (1 leaf, 8 g)",food,1.6,0.1,0.3,0.0,0.1,0.1
FNDDS-2021-2023-75113060,"Lettuce, Boston, raw (1 leaf, 8 g)","Lettuce, Boston, raw (1 leaf, 8 g)",food,1.4,0.1,0.3,0.0,0.0,0.1
FNDDS-2021-2023-75113080,"Lettuce, arugula, raw (1 leaf, 2 g)","Lettuce, arugula, raw (1 leaf, 2 g)",food,0.5,0.1,0.1,0.0,0.0,0.0
FNDDS-2021-2023-75114000,"Mixed salad greens, raw (1 cup, 35 g)","Mixed salad greens, raw (1 cup, 35 g)",food,7.3,0.5,1.2,0.1,0.3,0.5
FNDDS-2021-2023-75115000,"Mushrooms, raw (1 piece/slice, 6 g)","Mushrooms, raw (1 piece/slice, 6 g)",food,1.9,0.2,0.2,0.0,0.1,0.1
FNDDS-2021-2023-75117010,"Onions, green, raw (1 whole, 15 g)","Onions, green, raw (1 whole, 15 g)",food,4.8,0.3,1.1,0.0,0.3,0.4
FNDDS-2021-2023-75117020,"Onions, raw (1 slice, 15 g)","Onions, raw (1 slice, 15 g)",food,5.7,0.1,1.3,0.0,0.9,0.3
FNDDS-2021-2023-75120000,"Green peas, raw (1 cup, 145 g)","Green peas, raw (1 cup, 145 g)",food,117.5,7.9,20.9,0.6,8.2,8.3
FNDDS-2021-2023-75121000,"Peppers, hot, raw (1 piece, 5 g)","Peppers, hot, raw (1 piece, 5 g)",food,1.7,0.1,0.4,0.0,0.2,0.1
FNDDS-2021-2023-75122100,"Peppers, sweet, green, raw (1 piece, 10 g)","Peppers, sweet, green, raw (1 piece, 10 g)",food,2.3,0.1,0.5,0.0,0.2,0.1
FNDDS-2021-2023-75122200,"Peppers, sweet, red, raw (1 piece, 10 g)","Peppers, sweet, red, raw (1 piece, 10 g)",food,3.1,0.1,0.7,0.0,0.4,0.1
FNDDS-2021-2023-75124000,"Peppers, banana, raw (1 whole, 45 g)","Peppers, banana, raw (1 whole, 45 g)",food,12.2,0.7,2.4,0.2,0.9,1.5
FNDDS-2021-2023-75125000,"Radish (1 slice, 1 g)","Radish (1 slice, 1 g)",food,0.2,0.0,0.0,0.0,0.0,0.0
FNDDS-2021-2023-75127000,"Rutabaga, raw (1 whole, 385 g)","Rutabaga, raw (1 whole, 385 g)",food,142.5,4.2,33.2,0.6,17.2,8.9
FNDDS-2021-2023-75127500,"Seaweed, raw (1 cup, 80 g)","Seaweed, raw (1 cup, 80 g)",food,32.8,2.8,6.4,0.4,0.5,0.6
FNDDS-2021-2023-75127750,"Snowpeas, raw (1 cup, 65 g)","Snowpeas, raw (1 cup, 65 g)",food,27.3,1.8,4.9,0.1,2.6,1.7
FNDDS-2021-2023-75128000,"Summer squash, yellow, raw (1 slice, 10 g)","Summer squash, yellow, raw (1 slice, 10 g)",food,1.9,0.1,0.4,0.0,0.3,0.1
FNDDS-2021-2023-75128010,"Summer squash, green, raw (1 slice, 10 g)","Summer squash, green, raw (1 slice, 10 g)",food,1.7,0.1,0.3,0.0,0.2,0.1
FNDDS-2021-2023-75129000,"Turnip, raw (1 slice, 15 g)","Turnip, raw (1 slice, 15 g)",food,4.2,0.1,1.0,0.0,0.6,0.3
FNDDS-2021-2023-75132000,"Mixed vegetable juice (1 cup, 246 g)","Mixed vegetable juice (1 cup, 246 g)",drink,68.9,1.8,15.5,0.4,6.4,3.0
FNDDS-2021-2023-75132100,"Celery juice (1 cup, 236 g)","Celery juice (1 cup, 236 g)",drink,40.1,1.2,7.8,0.4,3.2,3.8
FNDDS-2021-2023-75140500,"Broccoli salad with cauliflower, cheese, bacon bits, and dressing (1 cup, 154 g)","Broccoli salad with cauliflower, cheese, bacon bits, and dressing (1 cup, 154 g)",food,415.8,9.0,16.0,35.1,9.9,2.5
FNDDS-2021-2023-75140510,"Broccoli slaw salad (1 cup, 186 g)","Broccoli slaw salad (1 cup, 186 g)",food,228.8,3.7,19.3,15.1,11.8,3.5
FNDDS-2021-2023-75140990,"Coleslaw, fast food / restaurant (1 cup, 220 g)","Coleslaw, fast food / restaurant (1 cup, 220 g)",food,349.8,1.9,27.3,26.0,21.0,4.2
FNDDS-2021-2023-75141000,"Coleslaw (1 cup, 220 g)","Coleslaw (1 cup, 220 g)",food,257.4,2.1,22.9,17.6,16.4,4.2
FNDDS-2021-2023-75141100,"Coleslaw, with fruit (1 cup, 220 g)","Coleslaw, with fruit (1 cup, 220 g)",food,248.6,2.0,29.9,13.9,22.4,4.6
FNDDS-2021-2023-75142000,"Cucumber and vegetable namasu (1 cup, 155 g)","Cucumber and vegetable namasu (1 cup, 155 g)",food,86.8,0.7,18.9,0.3,16.7,0.9
FNDDS-2021-2023-75142500,"Cucumber salad, made with sour cream dressing (1 cup, 133 g)","Cucumber salad, made with sour cream dressing (1 cup, 133 g)",food,87.8,1.7,4.9,6.9,2.9,0.5
FNDDS-2021-2023-75142550,"Cucumber salad, made with Italian dressing (1 cup, 159 g)","Cucumber salad, made with Italian dressing (1 cup, 159 g)",food,190.8,0.7,9.8,15.8,7.6,0.8
FNDDS-2021-2023-75142600,"Cucumber salad made with cucumber and vinegar (1 cup, 159 g)","Cucumber salad made with cucumber and vinegar (1 cup, 159 g)",food,54.1,0.8,10.8,0.2,8.5,0.8
FNDDS-2021-2023-75143000,"Lettuce, salad with assorted vegetables including tomatoes and/or carrots, no dressing (1 cup, 73 g)","Lettuce, salad with assorted vegetables including tomatoes and/or carrots, no dressing (1 cup, 73 g)",food,17.5,0.8,3.3,0.1,1.4,1.1
FNDDS-2021-2023-75143050,"Lettuce, salad with assorted vegetables excluding tomatoes and carrots, no dressing (1 cup, 74 g)","Lettuce, salad with assorted vegetables excluding tomatoes and carrots, no dressing (1 cup, 74 g)",food,17.0,0.9,3.0,0.1,1.1,1.0
FNDDS-2021-2023-75143100,"Lettuce, salad with avocado, tomato, and/or carrots, with or without other vegetables, no dressing (1 cup, 87 g)","Lettuce, salad with avocado, tomato, and/or carrots, with or without other vegetables, no dressing (1 cup, 87 g)",food,47.0,1.1,4.8,2.9,1.4,2.3
FNDDS-2021-2023-75143200,"Lettuce, salad with cheese, tomato and/or carrots, with or without other vegetables, no dressing (1 cup, 77 g)","Lettuce, salad with cheese, tomato and/or carrots, with or without other vegetables, no dressing (1 cup, 77 g)",food,70.1,3.8,3.2,4.7,1.3,0.9
FNDDS-2021-2023-75143300,"Lettuce, salad with egg, tomato, and/or carrots, with or without other vegetables, no dressing (1 cup, 88 g)","Lettuce, salad with egg, tomato, and/or carrots, with or without other vegetables, no dressing (1 cup, 88 g)",food,44.0,3.0,3.4,2.0,1.5,1.1
FNDDS-2021-2023-75143350,"Lettuce, salad with egg, cheese, tomato, and/or carrots, with or without other vegetables, no dressing (1 garden salad, 236 g)","Lettuce, salad with egg, cheese, tomato, and/or carrots, with or without other vegetables, no dressing (1 garden salad, 236 g)",food,167.6,10.0,8.7,10.3,3.8,2.8
FNDDS-2021-2023-75144100,"Lettuce, wilted, with bacon dressing (1 cup, 125 g)","Lettuce, wilted, with bacon dressing (1 cup, 125 g)",food,105.0,3.5,4.3,7.9,0.8,1.2
FNDDS-2021-2023-75145000,"Seven-layer salad, lettuce salad made with a combination of onion, celery, green pepper, peas, mayonnaise, cheese, eggs, and/or bacon (1 cup, 119 g)","Seven-layer salad, lettuce salad made with a combination of onion, celery, green pepper, peas, mayonnaise, cheese, eggs, and/or bacon (1 cup, 119 g)",food,272.5,5.6,6.9,24.6,3.8,1.4
FNDDS-2021-2023-75146000,"Greek Salad, no dressing (1 cup, 105 g)","Greek Salad, no dressing (1 cup, 105 g)",food,50.4,2.9,4.6,2.4,1.5,1.6
FNDDS-2021-2023-75147000,"Spinach salad, no dressing (1 cup, 74 g)","Spinach salad, no dressing (1 cup, 74 g)",food,62.2,5.2,1.5,3.8,0.4,0.9
FNDDS-2021-2023-75148010,"Cobb salad, no dressing (1 cup, 105 g)","Cobb salad, no dressing (1 cup, 105 g)",food,97.7,11.9,2.8,4.5,1.2,1.3
FNDDS-2021-2023-75200700,"Aloe vera juice drink (1 fl oz (no ice), 31 g)","Aloe vera juice drink (1 fl oz (no ice), 31 g)",drink,4.7,0.0,1.2,0.0,1.2,0.0
FNDDS-2021-2023-75202011,"Asparagus, fresh, cooked, no added fat (1 piece, 4 g)","Asparagus, fresh, cooked, no added fat (1 piece, 4 g)",food,0.8,0.1,0.2,0.0,0.1,0.1
FNDDS-2021-2023-75202012,"Asparagus, frozen, cooked, no added fat (1 piece, 4 g)","Asparagus, frozen, cooked, no added fat (1 piece, 4 g)",food,0.7,0.1,0.1,0.0,0.0,0.1
FNDDS-2021-2023-75202013,"Asparagus, canned, cooked, no added fat (1 spear, 16 g)","Asparagus, canned, cooked, no added fat (1 spear, 16 g)",food,3.0,0.3,0.4,0.1,0.2,0.3
FNDDS-2021-2023-75202027,"Asparagus, fresh, cooked with oil (1 piece, 4 g)","Asparagus, fresh, cooked with oil (1 piece, 4 g)",food,2.0,0.1,0.2,0.1,0.1,0.1
FNDDS-2021-2023-75202028,"Asparagus, fresh, cooked with butter or margarine (1 piece, 4 g)","Asparagus, fresh, cooked with butter or margarine (1 piece, 4 g)",food,1.7,0.1,0.2,0.1,0.1,0.1
FNDDS-2021-2023-75202031,"Asparagus, frozen, cooked with oil (1 piece, 4 g)","Asparagus, frozen, cooked with oil (1 piece, 4 g)",food,1.8,0.1,0.1,0.1,0.0,0.1
FNDDS-2021-2023-75202032,"Asparagus, frozen, cooked with butter or margarine (1 piece, 4 g)","Asparagus, frozen, cooked with butter or margarine (1 piece, 4 g)",food,1.5,0.1,0.1,0.1,0.0,0.1
FNDDS-2021-2023-75202034,"Asparagus, canned, cooked with oil (1 spear, 16 g)","Asparagus, canned, cooked with oil (1 spear, 16 g)",food,7.2,0.3,0.4,0.6,0.2,0.3
FNDDS-2021-2023-75202035,"Asparagus, canned, cooked with butter or margarine (1 spear, 16 g)","Asparagus, canned, cooked with butter or margarine (1 spear, 16 g)",food,6.1,0.3,0.4,0.5,0.2,0.3
FNDDS-2021-2023-75203028,"Bamboo shoots, cooked (1 cup, 155 g)","Bamboo shoots, cooked (1 cup, 155 g)",food,63.6,2.6,4.9,4.6,2.9,2.2
FNDDS-2021-2023-75204012,"Lima beans, from frozen, no added fat (1 cup, 180 g)","Lima beans, from frozen, no added fat (1 cup, 180 g)",food,185.4,10.9,34.7,0.6,2.4,9.5
FNDDS-2021-2023-75204022,"Lima beans, from frozen, fat added (1 cup, 185 g)","Lima beans, from frozen, fat added (1 cup, 185 g)",food,227.6,10.9,34.6,5.3,2.4,9.4
FNDDS-2021-2023-75204023,"Lima beans, from canned (1 cup, 185 g)","Lima beans, from canned (1 cup, 185 g)",food,225.7,10.8,34.4,5.3,2.4,9.4
FNDDS-2021-2023-75205005,"Green beans, cooked, from restaurant (1 cup, 145 g)","Green beans, cooked, from restaurant (1 cup, 145 g)",food,113.1,2.8,10.6,6.7,3.3,4.3
FNDDS-2021-2023-75205021,"Green beans, fresh, cooked, no added fat (1 cup, 140 g)","Green beans, fresh, cooked, no added fat (1 cup, 140 g)",food,58.8,2.9,10.8,0.4,3.4,4.3
FNDDS-2021-2023-75205022,"Green beans, frozen, cooked, no added fat (1 cup, 140 g)","Green beans, frozen, cooked, no added fat (1 cup, 140 g)",food,39.2,2.1,9.0,0.2,2.6,4.2
FNDDS-2021-2023-75205023,"Green beans, canned, cooked, no added fat (1 cup, 140 g)","Green beans, canned, cooked, no added fat (1 cup, 140 g)",food,33.6,1.5,5.8,0.5,1.8,2.7
FNDDS-2021-2023-75205044,"Green beans, fresh, cooked with oil (1 cup, 145 g)","Green beans, fresh, cooked with oil (1 cup, 145 g)",food,98.6,2.9,10.8,4.8,3.4,4.3
FNDDS-2021-2023-75205045,"Green beans, fresh, cooked with butter or margarine (1 cup, 145 g)","Green beans, fresh, cooked with butter or margarine (1 cup, 145 g)",food,88.5,2.9,10.8,3.7,3.4,4.3
FNDDS-2021-2023-75205047,"Green beans, frozen, cooked with oil (1 cup, 145 g)","Green beans, frozen, cooked with oil (1 cup, 145 g)",food,76.8,2.1,9.0,4.5,2.6,4.2
FNDDS-2021-2023-75205048,"Green beans, frozen, cooked with butter or margarine (1 cup, 145 g)","Green beans, frozen, cooked with butter or margarine (1 cup, 145 g)",food,68.1,2.1,9.1,3.4,2.7,4.2
FNDDS-2021-2023-75205050,"Green beans, canned, cooked with oil (1 cup, 145 g)","Green beans, canned, cooked with oil (1 cup, 145 g)",food,72.5,1.5,5.8,4.8,1.8,2.6
FNDDS-2021-2023-75205051,"Green beans, canned, cooked with butter or margarine (1 cup, 145 g)","Green beans, canned, cooked with butter or margarine (1 cup, 145 g)",food,62.4,1.5,5.8,3.7,1.8,2.6
FNDDS-2021-2023-75205120,"Green beans, canned, reduced sodium, cooked, no added fat (1 cup, 140 g)","Green beans, canned, reduced sodium, cooked, no added fat (1 cup, 140 g)",food,30.8,1.6,6.0,0.6,1.1,2.7
FNDDS-2021-2023-75205131,"Green beans, canned, reduced sodium, cooked with oil (1 cup, 145 g)","Green beans, canned, reduced sodium, cooked with oil (1 cup, 145 g)",food,69.6,1.6,6.1,4.9,1.1,2.6
FNDDS-2021-2023-75205132,"Green beans, canned, reduced sodium, cooked with butter or margarine (1 cup, 145 g)","Green beans, canned, reduced sodium, cooked with butter or margarine (1 cup, 145 g)",food,59.4,1.6,6.1,3.8,1.1,2.6
FNDDS-2021-2023-75205200,"Fried green beans (1 cup, 145 g)","Fried green beans (1 cup, 145 g)",food,323.3,5.9,33.2,18.7,1.8,2.9
FNDDS-2021-2023-75206020,"Yellow string beans, cooked (1 cup, 145 g)","Yellow string beans, cooked (1 cup, 145 g)",food,72.5,2.1,9.1,3.9,2.6,4.2
FNDDS-2021-2023-75207021,"Bean sprouts, cooked (1 cup, 115 g)","Bean sprouts, cooked (1 cup, 115 g)",food,133.4,11.3,7.0,8.0,3.3,3.8
FNDDS-2021-2023-75208011,"Beets, fresh, cooked, no added fat (1 slice, 10 g)","Beets, fresh, cooked, no added fat (1 slice, 10 g)",food,4.5,0.2,1.0,0.0,0.7,0.3
FNDDS-2021-2023-75208013,"Beets, canned, cooked, no added fat (1 slice, 10 g)","Beets, canned, cooked, no added fat (1 slice, 10 g)",food,3.1,0.1,0.7,0.0,0.6,0.2
FNDDS-2021-2023-75208021,"Beets, fresh, cooked, fat added (1 slice, 10 g)","Beets, fresh, cooked, fat added (1 slice, 10 g)",food,6.7,0.2,1.0,0.3,0.7,0.3
FNDDS-2021-2023-75208023,"Beets, canned, cooked, fat added (1 slice, 10 g)","Beets, canned, cooked, fat added (1 slice, 10 g)",food,5.3,0.1,0.7,0.3,0.5,0.2
FNDDS-2021-2023-75208110,"Beets, canned, reduced sodium, cooked (1 slice, 10 g)","Beets, canned, reduced sodium, cooked (1 slice, 10 g)",food,5.3,0.1,0.7,0.3,0.6,0.1
FNDDS-2021-2023-75208310,"Bitter melon, cooked (1 cup, 130 g)","Bitter melon, cooked (1 cup, 130 g)",food,53.3,1.1,5.4,3.5,2.5,2.5
FNDDS-2021-2023-75208501,"Breadfruit, cooked (1 piece, 35 g)","Breadfruit, cooked (1 piece, 35 g)",food,43.0,0.4,9.2,1.0,3.7,1.6
FNDDS-2021-2023-75208720,"Broccoflower, cooked (1 cup, 90 g)","Broccoflower, cooked (1 cup, 90 g)",food,49.5,2.7,5.5,2.7,2.8,2.9
FNDDS-2021-2023-75209011,"Brussels sprouts, fresh, cooked, no added fat (1 cup, 155 g)","Brussels sprouts, fresh, cooked, no added fat (1 cup, 155 g)",food,69.8,5.4,14.4,0.5,3.5,6.0
FNDDS-2021-2023-75209012,"Brussels sprouts, frozen, cooked, no added fat (1 cup, 155 g)","Brussels sprouts, frozen, cooked, no added fat (1 cup, 155 g)",food,65.1,5.6,12.9,0.6,3.2,6.4
FNDDS-2021-2023-75209021,"Brussels sprouts, fresh, cooked, fat added (1 cup, 160 g)","Brussels sprouts, fresh, cooked, fat added (1 cup, 160 g)",food,107.2,5.5,14.4,4.7,3.6,6.1
FNDDS-2021-2023-75209022,"Brussels sprouts, frozen, cooked, fat added (1 cup, 160 g)","Brussels sprouts, frozen, cooked, fat added (1 cup, 160 g)",food,102.4,5.6,12.9,4.7,3.2,6.4
FNDDS-2021-2023-75209501,"Burdock, cooked (1 cup, 130 g)","Burdock, cooked (1 cup, 130 g)",food,130.0,2.1,23.5,3.8,3.9,4.4
FNDDS-2021-2023-75210010,"Cabbage, Chinese, cooked, no added fat (1 cup, 170 g)","Cabbage, Chinese, cooked, no added fat (1 cup, 170 g)",food,23.8,2.7,3.8,0.4,2.1,1.7
FNDDS-2021-2023-75210020,"Cabbage, Chinese, cooked, fat added (1 cup, 175 g)","Cabbage, Chinese, cooked, fat added (1 cup, 175 g)",food,64.8,2.7,3.9,5.0,2.1,1.8
FNDDS-2021-2023-75211020,"Cabbage, green, cooked, no added fat (1 cup, 150 g)","Cabbage, green, cooked, no added fat (1 cup, 150 g)",food,48.0,1.5,9.9,0.4,5.0,3.9
FNDDS-2021-2023-75211031,"Cabbage, green, cooked with oil (1 cup, 155 g)","Cabbage, green, cooked with oil (1 cup, 155 g)",food,89.9,1.5,10.0,5.1,5.0,3.9
FNDDS-2021-2023-75211032,"Cabbage, green, cooked with butter or margarine (1 cup, 155 g)","Cabbage, green, cooked with butter or margarine (1 cup, 155 g)",food,80.6,1.5,10.0,3.9,5.0,3.9
FNDDS-2021-2023-75212020,"Cabbage, red, cooked (1 cup, 155 g)","Cabbage, red, cooked (1 cup, 155 g)",food,89.9,2.0,10.6,4.4,6.0,3.3
FNDDS-2021-2023-75213020,"Cabbage, savoy, cooked (1 cup, 155 g)","Cabbage, savoy, cooked (1 cup, 155 g)",food,79.0,3.1,9.5,4.3,3.5,4.8
FNDDS-2021-2023-75213110,"Cactus, cooked, no added fat (1 cup, 150 g)","Cactus, cooked, no added fat (1 cup, 150 g)",food,24.0,2.0,5.0,0.1,1.7,3.3
FNDDS-2021-2023-75213120,"Cactus, cooked, fat added (1 cup, 155 g)","Cactus, cooked, fat added (1 cup, 155 g)",food,58.9,2.0,5.0,4.1,1.7,3.3
FNDDS-2021-2023-75214011,"Cauliflower, fresh, cooked, no added fat (1 piece, 13 g)","Cauliflower, fresh, cooked, no added fat (1 piece, 13 g)",food,3.4,0.3,0.7,0.0,0.3,0.3
FNDDS-2021-2023-75214012,"Cauliflower, frozen, cooked, no added fat (1 cup, 185 g)","Cauliflower, frozen, cooked, no added fat (1 cup, 185 g)",food,35.1,3.0,6.9,0.4,1.9,5.0
FNDDS-2021-2023-75214027,"Cauliflower, fresh, cooked with oil (1 piece, 13 g)","Cauliflower, fresh, cooked with oil (1 piece, 13 g)",food,6.8,0.3,0.7,0.4,0.3,0.3
FNDDS-2021-2023-75214028,"Cauliflower, fresh, cooked with butter or margarine (1 piece, 13 g)","Cauliflower, fresh, cooked with butter or margarine (1 piece, 13 g)",food,6.0,0.3,0.7,0.3,0.3,0.3
FNDDS-2021-2023-75214030,"Cauliflower, frozen, cooked with oil (1 cup, 190 g)","Cauliflower, frozen, cooked with oil (1 cup, 190 g)",food,85.5,3.0,6.9,5.9,1.9,4.9
FNDDS-2021-2023-75214031,"Cauliflower, frozen, cooked with butter or margarine (1 cup, 190 g)","Cauliflower, frozen, cooked with butter or margarine (1 cup, 190 g)",food,72.2,3.0,6.9,4.6,2.0,4.9
FNDDS-2021-2023-75215020,"Celery, cooked (1 stalk, 42 g)","Celery, cooked (1 stalk, 42 g)",food,17.6,0.2,1.5,1.2,0.6,0.7
FNDDS-2021-2023-75215120,"Fennel bulb, cooked (1 fennel bulb, 218 g)","Fennel bulb, cooked (1 fennel bulb, 218 g)",food,135.2,3.1,18.1,7.0,9.8,7.6
FNDDS-2021-2023-75215511,"Christophine, cooked (1 cup, 165 g)","Christophine, cooked (1 cup, 165 g)",food,72.6,1.4,7.8,4.7,2.9,3.0
FNDDS-2021-2023-75215990,"Corn, cooked, from restaurant (1 cup, 170 g)","Corn, cooked, from restaurant (1 cup, 170 g)",food,202.3,5.3,30.1,9.2,10.1,3.2
FNDDS-2021-2023-75216111,"Corn, fresh, cooked, no added fat (1 cup, 165 g)","Corn, fresh, cooked, no added fat (1 cup, 165 g)",food,141.9,5.4,30.7,2.2,10.3,3.3
FNDDS-2021-2023-75216112,"Corn, frozen, cooked, no added fat (1 cup, 165 g)","Corn, frozen, cooked, no added fat (1 cup, 165 g)",food,133.7,4.2,31.7,1.1,5.0,4.0
FNDDS-2021-2023-75216113,"Corn, canned, cooked, no added fat (1 cup, 165 g)","Corn, canned, cooked, no added fat (1 cup, 165 g)",food,110.5,3.8,23.6,2.0,7.3,3.3
FNDDS-2021-2023-75216134,"Corn, fresh, cooked with oil (1 cup, 170 g)","Corn, fresh, cooked with oil (1 cup, 170 g)",food,185.3,5.4,30.8,7.2,10.3,3.2
FNDDS-2021-2023-75216135,"Corn, fresh, cooked with butter or margarine (1 cup, 170 g)","Corn, fresh, cooked with butter or margarine (1 cup, 170 g)",food,175.1,5.4,30.8,6.0,10.3,3.2
FNDDS-2021-2023-75216137,"Corn, frozen, cooked with oil (1 cup, 170 g)","Corn, frozen, cooked with oil (1 cup, 170 g)",food,178.5,4.2,31.8,6.0,5.0,3.9
FNDDS-2021-2023-75216138,"Corn, frozen, cooked with butter or margarine (1 cup, 170 g)","Corn, frozen, cooked with butter or margarine (1 cup, 170 g)",food,166.6,4.2,31.8,4.8,5.1,3.9
FNDDS-2021-2023-75216141,"Corn, canned, cooked with oil (1 cup, 170 g)","Corn, canned, cooked with oil (1 cup, 170 g)",food,154.7,3.8,23.6,7.0,7.3,3.2
FNDDS-2021-2023-75216142,"Corn, canned, cooked with butter or margarine (1 cup, 170 g)","Corn, canned, cooked with butter or margarine (1 cup, 170 g)",food,144.5,3.8,23.6,5.7,7.3,3.2
FNDDS-2021-2023-75216153,"Corn, creamed (1 cup, 250 g)","Corn, creamed (1 cup, 250 g)",food,180.0,4.3,45.2,1.1,8.1,3.0
FNDDS-2021-2023-75216310,"Corn, canned, reduced sodium, cooked, no added fat (1 cup, 165 g)","Corn, canned, reduced sodium, cooked, no added fat (1 cup, 165 g)",food,108.9,3.5,24.6,1.4,7.4,3.0
FNDDS-2021-2023-75216321,"Corn, canned, reduced sodium, cooked with oil (1 cup, 170 g)","Corn, canned, reduced sodium, cooked with oil (1 cup, 170 g)",food,156.4,3.5,24.6,6.7,7.4,3.1
FNDDS-2021-2023-75216322,"Corn, canned, reduced sodium, cooked with butter or margarine (1 cup, 170 g)","Corn, canned, reduced sodium, cooked with butter or margarine (1 cup, 170 g)",food,144.5,3.5,24.6,5.4,7.4,3.1
FNDDS-2021-2023-75216720,"Cucumber, cooked (1 cup, 185 g)","Cucumber, cooked (1 cup, 185 g)",food,83.2,1.3,6.2,5.9,3.5,1.1
FNDDS-2021-2023-75217010,"Eggplant, cooked, no added fat (1 slice, 55 g)","Eggplant, cooked, no added fat (1 slice, 55 g)",food,14.9,0.6,3.5,0.1,2.1,1.8
FNDDS-2021-2023-75217020,"Eggplant, cooked, fat added (1 slice, 55 g)","Eggplant, cooked, fat added (1 slice, 55 g)",food,28.1,0.6,3.4,1.6,2.0,1.7
FNDDS-2021-2023-75217301,"Flowers or blossoms of sesbania, squash, or lily, cooked (1 cup, 109 g)","Flowers or blossoms of sesbania, squash, or lily, cooked (1 cup, 109 g)",food,40.3,1.2,3.5,2.9,2.5,1.0
FNDDS-2021-2023-75217400,"Garlic, cooked (1 clove, 3 g)","Garlic, cooked (1 clove, 3 g)",food,4.3,0.2,0.8,0.0,0.0,0.1
FNDDS-2021-2023-75217520,"Hominy, cooked (1 cup, 170 g)","Hominy, cooked (1 cup, 170 g)",food,149.6,2.5,23.5,4.9,2.5,4.1
FNDDS-2021-2023-75218011,"Kohlrabi, cooked (1 cup, 170 g)","Kohlrabi, cooked (1 cup, 170 g)",food,86.7,2.9,10.6,4.7,4.5,6.1
FNDDS-2021-2023-75218400,"Leeks (1 whole, 85 g)","Leeks (1 whole, 85 g)",food,74.8,1.3,12.5,2.6,3.5,1.6
FNDDS-2021-2023-75218501,"Lotus root, cooked (1 cup, 125 g)","Lotus root, cooked (1 cup, 125 g)",food,108.8,1.9,19.4,3.3,0.6,3.8
FNDDS-2021-2023-75219011,"Mushrooms, fresh, cooked, no added fat (1 piece/slice, 6 g)","Mushrooms, fresh, cooked, no added fat (1 piece/slice, 6 g)",food,2.3,0.2,0.3,0.0,0.1,0.1
FNDDS-2021-2023-75219023,"Mushrooms, canned, cooked (1 piece/slice, 6 g)","Mushrooms, canned, cooked (1 piece/slice, 6 g)",food,2.8,0.1,0.3,0.2,0.1,0.1
FNDDS-2021-2023-75219033,"Mushrooms, fresh, cooked with oil (1 piece/slice, 6 g)","Mushrooms, fresh, cooked with oil (1 piece/slice, 6 g)",food,4.2,0.2,0.3,0.2,0.1,0.1
FNDDS-2021-2023-75219034,"Mushrooms, fresh, cooked with butter or margarine (1 piece/slice, 6 g)","Mushrooms, fresh, cooked with butter or margarine (1 piece/slice, 6 g)",food,3.7,0.2,0.3,0.2,0.1,0.1
FNDDS-2021-2023-75219100,"Mushroom, Asian, cooked, from dried (1 cup, 145 g)","Mushroom, Asian, cooked, from dried (1 cup, 145 g)",food,63.8,3.5,11.8,0.3,2.9,6.1
FNDDS-2021-2023-75220011,"Okra, fresh, cooked, no added fat (1 cup, 160 g)","Okra, fresh, cooked, no added fat (1 cup, 160 g)",food,56.0,3.3,12.8,0.3,2.5,5.4
FNDDS-2021-2023-75220012,"Okra, frozen, cooked, no added fat (1 piece, 5 g)","Okra, frozen, cooked, no added fat (1 piece, 5 g)",food,1.5,0.1,0.3,0.0,0.1,0.1
FNDDS-2021-2023-75220021,"Okra, fresh, cooked, fat added (1 pod, 10 g)","Okra, fresh, cooked, fat added (1 pod, 10 g)",food,5.9,0.2,0.8,0.3,0.2,0.3
FNDDS-2021-2023-75220022,"Okra, frozen, cooked, fat added (1 piece, 5 g)","Okra, frozen, cooked, fat added (1 piece, 5 g)",food,2.6,0.1,0.3,0.1,0.1,0.1
FNDDS-2021-2023-75220051,"Lettuce, cooked (1 cup, 86 g)","Lettuce, cooked (1 cup, 86 g)",food,42.1,0.9,3.6,2.7,1.1,1.3
FNDDS-2021-2023-75221011,"Onions, cooked, no added fat (1 cup, 210 g)","Onions, cooked, no added fat (1 cup, 210 g)",food,98.7,2.7,23.1,0.3,10.4,4.2
FNDDS-2021-2023-75221021,"Onions, cooked, fat added (1 cup, 215 g)","Onions, cooked, fat added (1 cup, 215 g)",food,156.9,2.7,22.8,6.7,10.4,4.1
FNDDS-2021-2023-75221030,"Onions, pearl, cooked (1 cup, 185 g)","Onions, pearl, cooked (1 cup, 185 g)",food,92.5,1.3,12.0,4.8,5.2,2.6
FNDDS-2021-2023-75221061,"Onions, green, cooked (1 cup, 225 g)","Onions, green, cooked (1 cup, 225 g)",food,141.8,4.7,18.8,7.2,6.0,6.8
FNDDS-2021-2023-75221160,"Palm hearts, cooked (1 cup, 145 g)","Palm hearts, cooked (1 cup, 145 g)",food,194.3,3.8,36.0,4.0,24.1,2.2
FNDDS-2021-2023-75222020,"Parsnips, cooked (1 cup, 160 g)","Parsnips, cooked (1 cup, 160 g)",food,147.2,2.1,26.4,4.5,7.4,5.6
FNDDS-2021-2023-75223022,"Blackeyed peas, from frozen (1 cup, 185 g)","Blackeyed peas, from frozen (1 cup, 185 g)",food,279.4,15.2,42.6,5.9,8.0,11.5
FNDDS-2021-2023-75223023,"Blackeyed peas, from canned (1 cup, 185 g)","Blackeyed peas, from canned (1 cup, 185 g)",food,277.5,15.2,42.4,5.9,8.0,11.5
FNDDS-2021-2023-75224000,"Green peas, cooked, from restaurant (1 cup, 165 g)","Green peas, cooked, from restaurant (1 cup, 165 g)",food,196.3,8.9,23.6,7.8,9.3,9.2
FNDDS-2021-2023-75224021,"Green peas, fresh, cooked, no added fat (1 cup, 160 g)","Green peas, fresh, cooked, no added fat (1 cup, 160 g)",food,134.4,9.0,24.0,0.7,9.4,9.4
FNDDS-2021-2023-75224022,"Green peas, frozen, cooked, no added fat (1 cup, 160 g)","Green peas, frozen, cooked, no added fat (1 cup, 160 g)",food,124.8,8.2,22.7,0.4,7.0,7.2
FNDDS-2021-2023-75224023,"Green peas, canned, cooked, no added fat (1 cup, 160 g)","Green peas, canned, cooked, no added fat (1 cup, 160 g)",food,108.8,7.2,18.2,1.3,4.8,7.8
FNDDS-2021-2023-75224043,"Green peas, fresh, cooked with oil (1 cup, 165 g)","Green peas, fresh, cooked with oil (1 cup, 165 g)",food,179.8,9.0,24.1,5.7,9.4,9.4
FNDDS-2021-2023-75224044,"Green peas, fresh, cooked with butter or margarine (1 cup, 165 g)","Green peas, fresh, cooked with butter or margarine (1 cup, 165 g)",food,168.3,9.0,24.1,4.4,9.5,9.4
FNDDS-2021-2023-75224046,"Green peas, frozen, cooked with oil (1 cup, 165 g)","Green peas, frozen, cooked with oil (1 cup, 165 g)",food,168.3,8.2,22.8,5.2,7.0,7.3
FNDDS-2021-2023-75224047,"Green peas, frozen, cooked with butter or margarine (1 cup, 165 g)","Green peas, frozen, cooked with butter or margarine (1 cup, 165 g)",food,156.8,8.2,22.8,4.0,7.0,7.3
FNDDS-2021-2023-75224049,"Green peas, canned, cooked with oil (1 cup, 165 g)","Green peas, canned, cooked with oil (1 cup, 165 g)",food,151.8,7.2,18.1,6.1,4.8,7.9
FNDDS-2021-2023-75224050,"Green peas, canned, cooked with butter or margarine (1 cup, 165 g)","Green peas, canned, cooked with butter or margarine (1 cup, 165 g)",food,141.9,7.2,18.1,4.9,4.8,7.9
FNDDS-2021-2023-75224120,"Green peas, canned, reduced sodium, cooked, no added fat (1 cup, 160 g)","Green peas, canned, reduced sodium, cooked, no added fat (1 cup, 160 g)",food,105.6,6.4,19.5,0.6,6.4,6.6
FNDDS-2021-2023-75224131,"Green peas, canned, reduced sodium, cooked with oil (1 cup, 165 g)","Green peas, canned, reduced sodium, cooked with oil (1 cup, 165 g)",food,160.0,6.4,19.5,6.6,6.4,6.6
FNDDS-2021-2023-75224132,"Green peas, canned, reduced sodium, cooked with butter or margarine (1 cup, 165 g)","Green peas, canned, reduced sodium, cooked with butter or margarine (1 cup, 165 g)",food,146.8,6.4,19.5,5.1,6.4,6.6
FNDDS-2021-2023-75226020,"Peppers, green, cooked (1 piece, 10 g)","Peppers, green, cooked (1 piece, 10 g)",food,4.7,0.1,0.5,0.3,0.2,0.1
FNDDS-2021-2023-75226060,"Peppers, red, cooked (1 piece, 10 g)","Peppers, red, cooked (1 piece, 10 g)",food,5.5,0.1,0.7,0.3,0.4,0.1
FNDDS-2021-2023-75226111,"Peppers, hot, cooked (1 pepper, 15 g)","Peppers, hot, cooked (1 pepper, 15 g)",food,8.8,0.2,1.2,0.5,0.7,0.3
FNDDS-2021-2023-75226700,"Pimiento (1 cup, 192 g)","Pimiento (1 cup, 192 g)",food,53.8,2.6,12.0,0.7,6.4,4.4
FNDDS-2021-2023-75228020,"Rutabaga, cooked (1 cup, 175 g)","Rutabaga, cooked (1 cup, 175 g)",food,110.2,2.0,15.7,5.1,8.1,4.2
FNDDS-2021-2023-75229011,"Salsify, cooked (1 cup, 140 g)","Salsify, cooked (1 cup, 140 g)",food,124.6,3.7,20.9,3.8,3.9,4.2
FNDDS-2021-2023-75230000,"Sauerkraut (1 cup, 140 g)","Sauerkraut (1 cup, 140 g)",food,56.0,1.3,5.8,3.5,2.4,3.9
FNDDS-2021-2023-75231011,"Snowpeas, fresh, cooked, no added fat (1 snow pea, 3 g)","Snowpeas, fresh, cooked, no added fat (1 snow pea, 3 g)",food,1.3,0.1,0.2,0.0,0.1,0.1
FNDDS-2021-2023-75231012,"Snowpeas, frozen, cooked, no added fat (1 snow pea, 3 g)","Snowpeas, frozen, cooked, no added fat (1 snow pea, 3 g)",food,1.6,0.1,0.3,0.0,0.1,0.1
FNDDS-2021-2023-75231021,"Snowpeas, fresh, cooked, fat added (1 snow pea, 3 g)","Snowpeas, fresh, cooked, fat added (1 snow pea, 3 g)",food,2.0,0.1,0.2,0.1,0.1,0.1
FNDDS-2021-2023-75231022,"Snowpeas, frozen, cooked, fat added (1 snow pea, 3 g)","Snowpeas, frozen, cooked, fat added (1 snow pea, 3 g)",food,2.2,0.1,0.3,0.1,0.1,0.1
FNDDS-2021-2023-75232110,"Seaweed, cooked, no added fat (1 cup, 100 g)","Seaweed, cooked, no added fat (1 cup, 100 g)",food,41.0,3.5,7.9,0.5,0.6,0.7
FNDDS-2021-2023-75232120,"Seaweed, cooked, fat added (1 cup, 105 g)","Seaweed, cooked, fat added (1 cup, 105 g)",food,66.2,3.6,8.1,3.2,0.6,0.7
FNDDS-2021-2023-75233011,"Summer squash, yellow or green, fresh, cooked, no added fat (1 slice, 10 g)","Summer squash, yellow or green, fresh, cooked, no added fat (1 slice, 10 g)",food,2.1,0.1,0.4,0.0,0.3,0.1
FNDDS-2021-2023-75233012,"Summer squash, yellow or green, frozen, cooked, no added fat (1 slice, 10 g)","Summer squash, yellow or green, frozen, cooked, no added fat (1 slice, 10 g)",food,2.1,0.1,0.5,0.0,0.2,0.1
FNDDS-2021-2023-75233027,"Summer squash, yellow or green, fresh, cooked with oil (1 slice, 10 g)","Summer squash, yellow or green, fresh, cooked with oil (1 slice, 10 g)",food,5.1,0.1,0.4,0.4,0.3,0.1
FNDDS-2021-2023-75233028,"Summer squash, yellow or green, fresh, cooked with butter or margarine (1 slice, 10 g)","Summer squash, yellow or green, fresh, cooked with butter or margarine (1 slice, 10 g)",food,4.4,0.1,0.4,0.3,0.3,0.1
FNDDS-2021-2023-75233030,"Summer squash, yellow or green, frozen, cooked with oil (1 slice, 10 g)","Summer squash, yellow or green, frozen, cooked with oil (1 slice, 10 g)",food,4.6,0.1,0.4,0.3,0.2,0.1
FNDDS-2021-2023-75233031,"Summer squash, yellow or green, frozen, cooked with butter or margarine (1 slice, 10 g)","Summer squash, yellow or green, frozen, cooked with butter or margarine (1 slice, 10 g)",food,4.0,0.1,0.4,0.2,0.2,0.1
FNDDS-2021-2023-75233220,"Spaghetti squash, cooked (1 cup, 155 g)","Spaghetti squash, cooked (1 cup, 155 g)",food,76.0,1.0,9.7,4.3,3.8,2.2
FNDDS-2021-2023-75234021,"Turnip, cooked (1 whole, 120 g)","Turnip, cooked (1 whole, 120 g)",food,64.8,1.1,8.0,3.4,4.8,2.3
FNDDS-2021-2023-75235000,"Water Chesnut (1 cup, 158 g)","Water Chesnut (1 cup, 158 g)",food,123.2,2.2,30.3,0.1,6.1,6.2
FNDDS-2021-2023-75235750,"Winter melon, cooked (1 cup, 175 g)","Winter melon, cooked (1 cup, 175 g)",food,63.0,0.7,5.2,4.8,2.0,1.8
FNDDS-2021-2023-75236500,"Yeast extract spread (1 teaspoon, 6 g)","Yeast extract spread (1 teaspoon, 6 g)",food,11.1,1.4,1.2,0.1,0.1,0.4
FNDDS-2021-2023-75301110,"Lima beans and corn, cooked, no added fat (1 cup, 175 g)","Lima beans and corn, cooked, no added fat (1 cup, 175 g)",food,161.0,7.5,33.6,0.9,3.9,6.6
FNDDS-2021-2023-75301120,"Lima beans and corn, cooked, fat added (1 cup, 180 g)","Lima beans and corn, cooked, fat added (1 cup, 180 g)",food,201.6,7.5,33.7,5.5,3.9,6.7
FNDDS-2021-2023-75302080,"Bean salad, yellow and/or green string beans (1 cup, 150 g)","Bean salad, yellow and/or green string beans (1 cup, 150 g)",food,163.5,5.3,19.5,7.5,5.2,5.1
FNDDS-2021-2023-75306998,"Peppers and onions, cooked, no added fat (1 cup, 140 g)","Peppers and onions, cooked, no added fat (1 cup, 140 g)",food,51.8,1.5,11.7,0.2,5.7,2.1
FNDDS-2021-2023-75307000,"Peppers and onions, cooked, fat added (1 cup, 145 g)","Peppers and onions, cooked, fat added (1 cup, 145 g)",food,85.5,1.5,11.8,3.9,5.8,2.2
FNDDS-2021-2023-75310990,"Classic mixed vegetables, cooked, from restaurant (1 cup, 185 g)","Classic mixed vegetables, cooked, from restaurant (1 cup, 185 g)",food,185.0,5.3,22.9,8.8,8.6,6.3
FNDDS-2021-2023-75311012,"Classic mixed vegetables, frozen, cooked, no added fat (1 cup, 180 g)","Classic mixed vegetables, frozen, cooked, no added fat (1 cup, 180 g)",food,117.0,5.1,23.4,0.3,5.6,7.9
FNDDS-2021-2023-75311013,"Classic mixed vegetables, canned, cooked, no added fat (1 cup, 180 g)","Classic mixed vegetables, canned, cooked, no added fat (1 cup, 180 g)",food,82.8,3.8,15.9,1.2,5.0,4.7
FNDDS-2021-2023-75311027,"Classic mixed vegetables, frozen, cooked with oil (1 cup, 185 g)","Classic mixed vegetables, frozen, cooked with oil (1 cup, 185 g)",food,164.7,5.1,23.5,5.6,5.6,8.0
FNDDS-2021-2023-75311028,"Classic mixed vegetables, frozen, cooked with butter or margarine (1 cup, 185 g)","Classic mixed vegetables, frozen, cooked with butter or margarine (1 cup, 185 g)",food,153.6,5.1,23.5,4.3,5.6,8.0
FNDDS-2021-2023-75311030,"Classic mixed vegetables, canned, cooked with oil (1 cup, 185 g)","Classic mixed vegetables, canned, cooked with oil (1 cup, 185 g)",food,131.3,3.8,15.9,6.5,5.0,4.6
FNDDS-2021-2023-75311031,"Classic mixed vegetables, canned, cooked with butter or margarine (1 cup, 185 g)","Classic mixed vegetables, canned, cooked with butter or margarine (1 cup, 185 g)",food,118.4,3.8,15.9,5.2,5.1,4.6
FNDDS-2021-2023-75311110,"Classic mixed vegetables, canned, reduced sodium, cooked, no added fat (1 cup, 180 g)","Classic mixed vegetables, canned, reduced sodium, cooked, no added fat (1 cup, 180 g)",food,79.2,3.5,16.5,0.8,5.3,4.3
FNDDS-2021-2023-75311121,"Classic mixed vegetables, canned, reduced sodium, cooked with oil (1 cup, 185 g)","Classic mixed vegetables, canned, reduced sodium, cooked with oil (1 cup, 185 g)",food,131.3,3.5,16.5,6.6,5.3,4.3
FNDDS-2021-2023-75311122,"Classic mixed vegetables, canned, reduced sodium, cooked with butter or margarine (1 cup, 185 g)","Classic mixed vegetables, canned, reduced sodium, cooked with butter or margarine (1 cup, 185 g)",food,118.4,3.5,16.5,5.2,5.3,4.3
FNDDS-2021-2023-75315010,"Peas and corn, cooked, no added fat (1 cup, 160 g)","Peas and corn, cooked, no added fat (1 cup, 160 g)",food,126.4,6.1,26.7,0.8,6.0,5.4
FNDDS-2021-2023-75315020,"Peas and corn, cooked, fat added (1 cup, 165 g)","Peas and corn, cooked, fat added (1 cup, 165 g)",food,165.0,6.2,26.7,4.9,6.0,5.4
FNDDS-2021-2023-75316050,"Ratatouille (1 cup, 215 g)","Ratatouille (1 cup, 215 g)",food,144.0,2.3,12.4,10.2,7.3,4.1
FNDDS-2021-2023-75317010,"Vegetables, stew type, cooked, fat added (1 cup, 165 g)","Vegetables, stew type, cooked, fat added (1 cup, 165 g)",food,160.0,2.4,24.9,6.0,5.0,3.3
FNDDS-2021-2023-75317020,"Vegetables, stew type, cooked, no added fat (1 cup, 160 g)","Vegetables, stew type, cooked, no added fat (1 cup, 160 g)",food,110.4,2.4,25.1,0.3,5.0,3.4
FNDDS-2021-2023-75330050,"Broccoli and cauliflower, cooked, no added fat (1 cup, 155 g)","Broccoli and cauliflower, cooked, no added fat (1 cup, 155 g)",food,35.6,3.6,7.0,0.3,2.0,4.3
FNDDS-2021-2023-75330060,"Broccoli and cauliflower, cooked, fat added (1 cup, 160 g)","Broccoli and cauliflower, cooked, fat added (1 cup, 160 g)",food,73.6,3.7,7.1,4.3,2.0,4.5
FNDDS-2021-2023-75330080,"Broccoli, cauliflower and carrots, cooked, no added fat (1 cup, 155 g)","Broccoli, cauliflower and carrots, cooked, no added fat (1 cup, 155 g)",food,43.4,2.7,8.7,0.5,3.4,4.7
FNDDS-2021-2023-75330090,"Broccoli, cauliflower and carrots, cooked, fat added (1 cup, 160 g)","Broccoli, cauliflower and carrots, cooked, fat added (1 cup, 160 g)",food,80.0,2.8,8.7,4.6,3.4,4.6
FNDDS-2021-2023-75340010,"Asian stir fry vegetables, cooked, no added fat (1 cup, 127 g)","Asian stir fry vegetables, cooked, no added fat (1 cup, 127 g)",food,63.5,2.6,12.6,0.4,4.6,3.7
FNDDS-2021-2023-75340020,"Asian stir fry vegetables, cooked, fat added (1 cup, 132 g)","Asian stir fry vegetables, cooked, fat added (1 cup, 132 g)",food,93.7,2.7,12.7,3.7,4.7,3.7
FNDDS-2021-2023-75340200,"Jai, Monk's Food (1 cup, 188 g)","Jai, Monk's Food (1 cup, 188 g)",food,112.8,8.0,14.5,3.5,2.2,3.2
FNDDS-2021-2023-75400500,"Artichokes, stuffed (1 stuffed globe, 250 g)","Artichokes, stuffed (1 stuffed globe, 250 g)",food,400.0,13.3,55.8,14.9,5.3,9.8
FNDDS-2021-2023-75403020,"Green bean casserole (1 cup, 230 g)","Green bean casserole (1 cup, 230 g)",food,128.8,4.5,16.2,5.1,4.7,4.4
FNDDS-2021-2023-75403200,"Green beans, cooked, Szechuan-style (1 cup, 185 g)","Green beans, cooked, Szechuan-style (1 cup, 185 g)",food,196.1,4.7,15.5,12.9,4.2,5.6
FNDDS-2021-2023-75409020,"Fried cauliflower (1 floweret, 25 g)","Fried cauliflower (1 floweret, 25 g)",food,54.5,1.0,5.5,3.2,0.3,0.4
FNDDS-2021-2023-75410500,"Chiles rellenos, cheese-filled (1 chili, 143 g)","Chiles rellenos, cheese-filled (1 chili, 143 g)",food,326.0,11.2,14.9,24.6,2.1,1.0
FNDDS-2021-2023-75410530,"Chiles rellenos, filled with meat and cheese (1 chili, 143 g)","Chiles rellenos, filled with meat and cheese (1 chili, 143 g)",food,328.9,12.9,13.9,24.6,2.0,1.0
FNDDS-2021-2023-75410550,"Stuffed jalapeno pepper (1 jalapeno pepper, 25 g)","Stuffed jalapeno pepper (1 jalapeno pepper, 25 g)",food,60.2,2.2,4.1,4.0,0.9,0.6
FNDDS-2021-2023-75411010,"Corn, scalloped or pudding (1 cup, 214 g)","Corn, scalloped or pudding (1 cup, 214 g)",food,248.2,9.7,32.1,11.0,9.9,3.2
FNDDS-2021-2023-75411020,"Fritter, corn (1 fritter, 35 g)","Fritter, corn (1 fritter, 35 g)",food,141.4,2.6,11.8,9.5,1.1,0.6
FNDDS-2021-2023-75412010,"Fried eggplant (1 cup, 220 g)","Fried eggplant (1 cup, 220 g)",food,479.6,8.1,49.1,28.2,3.9,4.4
FNDDS-2021-2023-75412030,"Eggplant dip (1 tablespoon, 15 g)","Eggplant dip (1 tablespoon, 15 g)",food,27.4,0.7,1.2,2.2,0.4,0.6
FNDDS-2021-2023-75412060,"Eggplant parmesan casserole, regular (1 cup, 198 g)","Eggplant parmesan casserole, regular (1 cup, 198 g)",food,306.9,13.9,17.7,20.8,6.0,3.8
FNDDS-2021-2023-75412070,"Eggplant with cheese and tomato sauce (1 cup, 198 g)","Eggplant with cheese and tomato sauce (1 cup, 198 g)",food,178.2,12.2,12.6,9.6,6.7,4.4
FNDDS-2021-2023-75414020,"Mushrooms, stuffed (1 stuffed cap, 25 g)","Mushrooms, stuffed (1 stuffed cap, 25 g)",food,72.0,2.7,6.9,3.8,1.0,0.8
FNDDS-2021-2023-75414030,"Fried mushrooms (1 whole, 20 g)","Fried mushrooms (1 whole, 20 g)",food,44.4,0.9,4.4,2.6,0.3,0.3
FNDDS-2021-2023-75414500,"Fried okra (1 piece, 8 g)","Fried okra (1 piece, 8 g)",food,17.5,0.3,1.8,1.0,0.1,0.1
FNDDS-2021-2023-75415022,"Fried onion rings (1 ring, 10 g)","Fried onion rings (1 ring, 10 g)",food,35.2,0.4,4.0,2.0,0.5,0.3
FNDDS-2021-2023-75416500,"Pea salad (1 cup, 214 g)","Pea salad (1 cup, 214 g)",food,385.2,6.4,22.7,30.0,10.5,5.8
FNDDS-2021-2023-75416600,"Pea salad with cheese (1 cup, 214 g)","Pea salad with cheese (1 cup, 214 g)",food,434.4,10.7,21.0,34.2,9.5,5.1
FNDDS-2021-2023-75418010,"Fried summer squash, yellow or green (1 slice, 20 g)","Fried summer squash, yellow or green (1 slice, 20 g)",food,43.2,0.8,4.3,2.6,0.3,0.2
FNDDS-2021-2023-75418020,"Squash, summer, casserole with tomato and cheese (1 cup, 217 g)","Squash, summer, casserole with tomato and cheese (1 cup, 217 g)",food,184.4,7.6,19.2,9.4,7.2,3.0
FNDDS-2021-2023-75418030,"Squash, summer, casserole, with rice and tomato sauce (1 cup, 233 g)","Squash, summer, casserole, with rice and tomato sauce (1 cup, 233 g)",food,193.4,5.4,34.7,3.9,5.6,2.6
FNDDS-2021-2023-75418040,"Squash, summer, casserole, with cheese sauce (1 cup, 217 g)","Squash, summer, casserole, with cheese sauce (1 cup, 217 g)",food,199.6,8.0,20.1,10.2,6.2,2.6
FNDDS-2021-2023-75418060,"Squash, summer, souffle (1 cup, 136 g)","Squash, summer, souffle (1 cup, 136 g)",food,170.0,6.3,9.3,12.2,4.3,1.0
FNDDS-2021-2023-75439010,"Stew, vegetable (1 cup, 255 g)","Stew, vegetable (1 cup, 255 g)",food,119.8,3.6,25.8,0.6,6.4,5.4
FNDDS-2021-2023-75439500,"Chow mein or chop suey, meatless, no noodles (1 cup, 220 g)","Chow mein or chop suey, meatless, no noodles (1 cup, 220 g)",food,94.6,2.9,12.6,3.7,5.8,2.6
FNDDS-2021-2023-75440200,"Vegetable tempura (1 cup, 63 g)","Vegetable tempura (1 cup, 63 g)",food,150.6,2.4,12.9,10.0,0.9,1.0
FNDDS-2021-2023-75440400,"Pakora (1 pakora, 12 g)","Pakora (1 pakora, 12 g)",food,15.0,0.6,1.9,0.6,0.4,0.4
FNDDS-2021-2023-75440600,"Vegetable curry (1 cup, 240 g)","Vegetable curry (1 cup, 240 g)",food,206.4,3.8,21.1,12.6,7.6,4.3
FNDDS-2021-2023-75440610,"Vegetable curry with rice (1 cup, 200 g)","Vegetable curry with rice (1 cup, 200 g)",food,206.0,4.1,33.0,6.5,3.9,2.6
FNDDS-2021-2023-75460900,"Chow mein or chop suey, meatless, with noodles (1 cup, 220 g)","Chow mein or chop suey, meatless, with noodles (1 cup, 220 g)",food,257.4,6.6,34.5,11.1,4.8,4.6
FNDDS-2021-2023-75500110,"Green beans, pickled (1 cup, 145 g)","Green beans, pickled (1 cup, 145 g)",food,78.3,2.4,15.9,0.4,9.9,3.6
FNDDS-2021-2023-75500210,"Beets, pickled (1 cup, 170 g)","Beets, pickled (1 cup, 170 g)",food,110.5,1.4,27.7,0.1,18.7,1.4
FNDDS-2021-2023-75500510,"Celery, pickled (1 cup, 150 g)","Celery, pickled (1 cup, 150 g)",food,52.5,0.6,11.4,0.2,9.0,2.0
FNDDS-2021-2023-75501010,"Relish, corn (1 tablespoon, 15 g)","Relish, corn (1 tablespoon, 15 g)",food,16.6,0.3,3.9,0.1,2.8,0.2
FNDDS-2021-2023-75502010,"Cauliflower, pickled (1 cup, 125 g)","Cauliflower, pickled (1 cup, 125 g)",food,51.2,2.0,11.2,0.3,8.1,2.1
FNDDS-2021-2023-75502500,"Cabbage, green, pickled (1 cup, 150 g)","Cabbage, green, pickled (1 cup, 150 g)",food,69.0,1.2,15.3,0.3,11.3,3.2
FNDDS-2021-2023-75502510,"Cabbage, red, pickled (1 cup, 150 g)","Cabbage, red, pickled (1 cup, 150 g)",food,73.5,1.5,15.8,0.3,12.1,2.5
FNDDS-2021-2023-75502520,"Kimchi (1 cup, 150 g)","Kimchi (1 cup, 150 g)",food,22.5,1.7,3.6,0.8,1.6,2.4
FNDDS-2021-2023-75503010,"Pickles, dill (1 regular, 80 g)","Pickles, dill (1 regular, 80 g)",food,11.2,0.4,1.6,0.3,1.0,0.8
FNDDS-2021-2023-75503020,"Relish, pickle (1 tablespoon, 15 g)","Relish, pickle (1 tablespoon, 15 g)",food,19.5,0.1,5.3,0.1,4.4,0.2
FNDDS-2021-2023-75503040,"Pickles, sweet (1 pickle, any size, 30 g)","Pickles, sweet (1 pickle, any size, 30 g)",food,27.3,0.2,6.4,0.1,5.5,0.3
FNDDS-2021-2023-75503080,"Eggplant, pickled (1 cup, 95 g)","Eggplant, pickled (1 cup, 95 g)",food,38.9,0.8,9.3,0.2,7.4,2.4
FNDDS-2021-2023-75503085,"Ginger root, pickled (1 cup, 240 g)","Ginger root, pickled (1 cup, 240 g)",food,48.0,0.8,11.6,0.2,0.0,6.2
FNDDS-2021-2023-75503090,"Horseradish (1 tablespoon, 15 g)","Horseradish (1 tablespoon, 15 g)",food,7.2,0.2,1.7,0.1,1.2,0.5
FNDDS-2021-2023-75505000,"Mushrooms, pickled (1 cup, 155 g)","Mushrooms, pickled (1 cup, 155 g)",food,71.3,3.7,12.8,0.5,10.1,2.2
FNDDS-2021-2023-75506010,"Mustard (1 tablespoon, 15 g)","Mustard (1 tablespoon, 15 g)",food,10.3,0.6,0.8,0.5,0.2,0.6
FNDDS-2021-2023-75506100,"Honey mustard dip (1 tablespoon, 15 g)","Honey mustard dip (1 tablespoon, 15 g)",food,41.2,0.3,3.8,2.7,3.6,0.1
FNDDS-2021-2023-75507000,"Okra, pickled (1 pod, 11 g)","Okra, pickled (1 pod, 11 g)",food,5.3,0.2,1.2,0.0,0.7,0.3
FNDDS-2021-2023-75510010,"Olives, green (1 olive, 4 g)","Olives, green (1 olive, 4 g)",food,5.8,0.0,0.2,0.6,0.0,0.1
FNDDS-2021-2023-75510020,"Olives, black (1 olive, 5 g)","Olives, black (1 olive, 5 g)",food,5.8,0.0,0.3,0.5,0.0,0.1
FNDDS-2021-2023-75510030,"Olives, stuffed (1 olive, 5 g)","Olives, stuffed (1 olive, 5 g)",food,7.1,0.1,0.2,0.6,0.0,0.2
FNDDS-2021-2023-75510050,"Olive tapenade (1 tablespoon, 16 g)","Olive tapenade (1 tablespoon, 16 g)",food,45.1,0.1,0.7,4.8,0.0,0.3
FNDDS-2021-2023-75511010,"Hot pepper sauce (1 tablespoon, 16 g)","Hot pepper sauce (1 tablespoon, 16 g)",food,1.9,0.2,0.1,0.1,0.0,0.1
FNDDS-2021-2023-75511020,"Peppers, sweet, pickled (1 whole, 30 g)","Peppers, sweet, pickled (1 whole, 30 g)",food,12.9,0.2,2.9,0.0,2.3,0.3
FNDDS-2021-2023-75511040,"Peppers, hot, pickled (1 slice, 2 g)","Peppers, hot, pickled (1 slice, 2 g)",food,0.4,0.0,0.1,0.0,0.0,0.1
FNDDS-2021-2023-75511050,"Peppers, jalapenos (1 slice, 2 g)","Peppers, jalapenos (1 slice, 2 g)",food,0.5,0.0,0.1,0.0,0.1,0.1
FNDDS-2021-2023-75511300,"Pickles, fried (1 slice, 14 g)","Pickles, fried (1 slice, 14 g)",food,29.8,0.5,2.9,1.8,0.1,0.2
FNDDS-2021-2023-75512010,"Radishes, pickled (1 cup, 150 g)","Radishes, pickled (1 cup, 150 g)",food,51.0,0.8,11.5,0.2,9.6,2.0
FNDDS-2021-2023-75513010,"Seaweed, pickled (1 cup, 100 g)","Seaweed, pickled (1 cup, 100 g)",food,54.0,2.9,11.4,0.4,5.3,0.6
FNDDS-2021-2023-75515100,"Vegetables, pickled (1 cup, 160 g)","Vegetables, pickled (1 cup, 160 g)",food,73.6,1.5,16.3,0.3,12.0,2.6
FNDDS-2021-2023-75534030,"Turnip, pickled (1 cup, 155 g)","Turnip, pickled (1 cup, 155 g)",food,68.2,1.2,15.8,0.2,12.4,2.3
FNDDS-2021-2023-75534550,"Wasabi paste (1 tablespoon, 16 g)","Wasabi paste (1 tablespoon, 16 g)",food,46.7,0.4,7.4,1.7,2.1,1.0
FNDDS-2021-2023-75535000,"Zucchini, pickled (1 cup, 170 g)","Zucchini, pickled (1 cup, 170 g)",food,59.5,1.7,12.6,0.5,11.8,1.4
FNDDS-2021-2023-75601100,"Soup, borscht (1 cup, 245 g)","Soup, borscht (1 cup, 245 g)",food,49.0,1.3,9.6,0.9,5.5,2.0
FNDDS-2021-2023-75604600,"Soup, gazpacho (1 cup, 245 g)","Soup, gazpacho (1 cup, 245 g)",food,63.7,2.0,11.0,1.5,6.9,2.5
FNDDS-2021-2023-75607060,"Soup, cream of mushroom (1 cup, 255 g)","Soup, cream of mushroom (1 cup, 255 g)",food,188.7,5.4,14.5,12.1,4.4,3.1
FNDDS-2021-2023-75608100,"Soup, French onion (1 cup, 245 g)","Soup, French onion (1 cup, 245 g)",food,264.6,13.4,28.9,11.0,6.1,2.7
FNDDS-2021-2023-75611010,"Soup, cream of vegetable (1 cup, 255 g)","Soup, cream of vegetable (1 cup, 255 g)",food,198.9,3.6,20.0,12.0,4.3,2.8
FNDDS-2021-2023-75647000,"Soup, seaweed (1 cup, 245 g)","Soup, seaweed (1 cup, 245 g)",food,90.7,9.1,3.7,4.6,1.2,0.5
FNDDS-2021-2023-75649010,"Soup, vegetable, canned (1 cup, 245 g)","Soup, vegetable, canned (1 cup, 245 g)",food,93.1,2.7,18.7,1.0,2.3,2.9
FNDDS-2021-2023-75649040,"Soup, vegetable, canned, reduced sodium (1 cup, 245 g)","Soup, vegetable, canned, reduced sodium (1 cup, 245 g)",food,93.1,2.7,18.7,1.0,2.3,2.9
FNDDS-2021-2023-75649110,"Soup, vegetable (1 cup, 245 g)","Soup, vegetable (1 cup, 245 g)",food,66.2,2.1,12.4,1.1,3.3,2.5
FNDDS-2021-2023-75651000,"Soup, minestrone (1 cup, 245 g)","Soup, minestrone (1 cup, 245 g)",food,98.0,4.2,17.9,1.2,2.5,3.7
FNDDS-2021-2023-75652010,"Soup, beef (1 cup, 245 g)","Soup, beef (1 cup, 245 g)",food,115.2,8.0,9.9,5.0,2.7,2.0
FNDDS-2021-2023-75656060,"Soup, vegetable, with meat (1 cup, 245 g)","Soup, vegetable, with meat (1 cup, 245 g)",food,107.8,8.2,9.9,3.9,2.7,2.0
FNDDS-2021-2023-77121010,"Fried stuffed potatoes, Puerto Rican style (1 fritter (4"" x 2-1/4"" x 3/4""), 95 g)","Fried stuffed potatoes, Puerto Rican style (1 fritter (4"" x 2-1/4"" x 3/4""), 95 g)",food,175.8,4.7,15.4,10.7,0.9,1.8
FNDDS-2021-2023-77201210,"Green plantain with cracklings, Puerto Rican style (1 ball (3"" dia), 64 g)","Green plantain with cracklings, Puerto Rican style (1 ball (3"" dia), 64 g)",food,229.1,8.4,17.3,14.6,9.5,0.9
FNDDS-2021-2023-77205610,"Ripe plantain meat pie, Puerto Rican style (1 piece (4"" x 2"" x 2""), 190 g)","Ripe plantain meat pie, Puerto Rican style (1 piece (4"" x 2"" x 2""), 190 g)",food,598.5,24.3,41.8,38.4,21.7,4.0
FNDDS-2021-2023-77272010,"Puerto Rican pasteles (1 pastel (5-1/2"" x 2-1/4"" x 1/4""), 149 g)","Puerto Rican pasteles (1 pastel (5-1/2"" x 2-1/4"" x 1/4""), 149 g)",food,317.4,10.5,25.9,19.7,8.3,3.3
FNDDS-2021-2023-77316010,"Stuffed cabbage, with meat, Puerto Rican style (1 cup, 234 g)","Stuffed cabbage, with meat, Puerto Rican style (1 cup, 234 g)",food,484.4,22.4,19.7,35.3,10.7,5.4
FNDDS-2021-2023-77316510,"Stuffed cabbage, with meat and rice, Syrian dish, Puerto Rican style (1 cabbage roll, 110 g)","Stuffed cabbage, with meat and rice, Syrian dish, Puerto Rican style (1 cabbage roll, 110 g)",food,92.4,3.5,12.2,3.2,2.5,2.0
FNDDS-2021-2023-77316600,"Eggplant and meat casserole (1 moussaka (8"" square), 915 g)","Eggplant and meat casserole (1 moussaka (8"" square), 915 g)",food,878.4,65.1,42.7,50.6,26.4,13.7
FNDDS-2021-2023-78101000,"Vegetable and fruit juice, 100% juice, with high vitamin C (1 fl oz (no ice), 31 g)","Vegetable and fruit juice, 100% juice, with high vitamin C (1 fl oz (no ice), 31 g)",drink,14.3,0.1,3.5,0.0,3.2,0.0
FNDDS-2021-2023-78101100,"Fruit and vegetable smoothie, with dairy (1 fl oz, 27 g)","Fruit and vegetable smoothie, with dairy (1 fl oz, 27 g)",drink,17.3,0.4,3.4,0.2,2.5,0.3
FNDDS-2021-2023-78101110,"Fruit and vegetable smoothie, added protein (1 fl oz, 27 g)","Fruit and vegetable smoothie, added protein (1 fl oz, 27 g)",drink,23.2,2.0,3.3,0.2,2.3,0.3
FNDDS-2021-2023-78101115,"Fruit and vegetable smoothie, non-dairy (1 fl oz, 27 g)","Fruit and vegetable smoothie, non-dairy (1 fl oz, 27 g)",drink,16.2,0.3,3.3,0.2,2.3,0.3
FNDDS-2021-2023-78101118,"Fruit and vegetable smoothie, non-dairy, added protein (1 fl oz, 27 g)","Fruit and vegetable smoothie, non-dairy, added protein (1 fl oz, 27 g)",drink,22.4,1.9,3.2,0.2,2.1,0.3
FNDDS-2021-2023-78101120,"Fruit and vegetable smoothie, bottled (1 fl oz, 31 g)","Fruit and vegetable smoothie, bottled (1 fl oz, 31 g)",drink,16.4,0.2,3.9,0.1,3.5,0.2
FNDDS-2021-2023-78101125,"Fruit and vegetable smoothie, no dairy (1 fl oz, 27 g)","Fruit and vegetable smoothie, no dairy (1 fl oz, 27 g)",drink,17.0,0.3,3.7,0.1,2.7,0.3
FNDDS-2021-2023-78101130,"Vegetable smoothie (1 fl oz, 27 g)","Vegetable smoothie (1 fl oz, 27 g)",drink,24.0,0.7,1.6,1.8,0.7,0.8
FNDDS-2021-2023-81101000,"Butter, stick (1 cup, 224 g)","Butter, stick (1 cup, 224 g)",food,1664.3,1.9,0.1,184.1,1.3,0.0
FNDDS-2021-2023-81101010,"Butter, tub (1 cup, 224 g)","Butter, tub (1 cup, 224 g)",food,1637.4,1.1,0.0,175.4,0.1,0.0
FNDDS-2021-2023-81101520,"Butter, light (1 cup, 224 g)","Butter, light (1 cup, 224 g)",food,1117.8,7.4,0.0,123.4,0.0,0.0
FNDDS-2021-2023-81102010,"Margarine, stick (1 cup, 224 g)","Margarine, stick (1 cup, 224 g)",food,1606.1,0.4,1.6,180.8,0.0,0.0
FNDDS-2021-2023-81102020,"Margarine, tub (1 cup, 224 g)","Margarine, tub (1 cup, 224 g)",food,1193.9,0.4,1.9,134.0,0.0,0.0
FNDDS-2021-2023-81103090,"Butter replacement, liquid (1 cup, 224 g)","Butter replacement, liquid (1 cup, 224 g)",food,1193.9,0.4,1.9,134.0,0.0,0.0
FNDDS-2021-2023-81104010,"Margarine, light (1 cup, 224 g)","Margarine, light (1 cup, 224 g)",food,775.0,0.7,2.7,84.9,0.0,0.0
FNDDS-2021-2023-81106010,"Butter replacement, powder (1 cup, 100 g)","Butter replacement, powder (1 cup, 100 g)",food,373.0,2.0,89.0,1.0,5.3,0.0
FNDDS-2021-2023-81201000,"Animal fat or drippings (1 cup, 192 g)","Animal fat or drippings (1 cup, 192 g)",food,1614.7,4.3,0.0,177.0,0.0,0.0
FNDDS-2021-2023-81202000,"Lard (1 cup, 192 g)","Lard (1 cup, 192 g)",food,1731.8,0.0,0.0,192.0,0.0,0.0
FNDDS-2021-2023-81204000,"Ghee, clarified butter (1 cup, 224 g)","Ghee, clarified butter (1 cup, 224 g)",food,1962.2,0.6,0.0,222.9,0.0,0.0
FNDDS-2021-2023-81301000,"Garlic sauce (1 tablespoon, 16 g)","Garlic sauce (1 tablespoon, 16 g)",food,109.3,0.2,0.5,11.8,0.1,0.0
FNDDS-2021-2023-81301020,"Lemon-butter sauce (1 tablespoon, 16 g)","Lemon-butter sauce (1 tablespoon, 16 g)",food,107.4,0.1,0.1,11.8,0.1,0.0
FNDDS-2021-2023-81302010,"Hollandaise sauce (1 tablespoon, 16 g)","Hollandaise sauce (1 tablespoon, 16 g)",food,87.4,0.9,0.2,9.3,0.1,0.0
FNDDS-2021-2023-81302040,"Sandwich spread (1 cup, 245 g)","Sandwich spread (1 cup, 245 g)",food,953.1,2.2,54.9,83.3,37.2,1.0
FNDDS-2021-2023-81302050,"Tartar sauce (1 tablespoon, 14 g)","Tartar sauce (1 tablespoon, 14 g)",food,29.5,0.1,1.9,2.3,0.6,0.1
FNDDS-2021-2023-81302060,"Horseradish sauce (1 tablespoon, 16 g)","Horseradish sauce (1 tablespoon, 16 g)",food,80.5,0.2,1.6,8.1,1.4,0.2
FNDDS-2021-2023-81302070,"Pesto sauce (1 tablespoon, 16 g)","Pesto sauce (1 tablespoon, 16 g)",food,92.8,1.4,0.9,9.5,0.1,0.2
FNDDS-2021-2023-81308100,"Fry sauce (1 tablespoon, 15 g)","Fry sauce (1 tablespoon, 15 g)",food,80.2,0.1,1.1,8.4,0.9,0.0
FNDDS-2021-2023-81312100,"Curry sauce (1 tablespoon, 16 g)","Curry sauce (1 tablespoon, 16 g)",food,15.2,0.2,0.8,1.3,0.5,0.2
FNDDS-2021-2023-81322000,"Honey butter (1 cup, 224 g)","Honey butter (1 cup, 224 g)",food,1086.4,1.2,108.6,75.7,108.6,0.2
FNDDS-2021-2023-82101300,"Almond oil (1 cup, 224 g)","Almond oil (1 cup, 224 g)",food,1980.2,0.0,0.0,224.0,0.0,0.0
FNDDS-2021-2023-82101500,"Coconut oil (1 cup, 224 g)","Coconut oil (1 cup, 224 g)",food,2004.8,0.0,1.9,222.0,0.0,0.0
FNDDS-2021-2023-82102000,"Corn oil (1 cup, 224 g)","Corn oil (1 cup, 224 g)",food,2016.0,0.0,0.0,224.0,0.0,0.0
FNDDS-2021-2023-82103000,"Cottonseed oil (1 cup, 224 g)","Cottonseed oil (1 cup, 224 g)",food,1980.2,0.0,0.0,224.0,0.0,0.0
FNDDS-2021-2023-82103500,"Flaxseed oil (1 cup, 224 g)","Flaxseed oil (1 cup, 224 g)",food,1980.2,0.2,0.0,224.0,0.0,0.0
FNDDS-2021-2023-82104000,"Olive oil (1 cup, 224 g)","Olive oil (1 cup, 224 g)",food,2016.0,0.0,0.0,224.0,0.0,0.0
FNDDS-2021-2023-82105000,"Peanut oil (1 cup, 224 g)","Peanut oil (1 cup, 224 g)",food,2016.0,0.0,0.0,224.0,0.0,0.0
FNDDS-2021-2023-82105500,"Canola oil (1 cup, 224 g)","Canola oil (1 cup, 224 g)",food,2016.0,0.0,0.0,224.0,0.0,0.0
FNDDS-2021-2023-82106000,"Safflower oil (1 cup, 224 g)","Safflower oil (1 cup, 224 g)",food,2016.0,0.0,0.0,224.0,0.0,0.0
FNDDS-2021-2023-82107000,"Sesame oil (1 cup, 224 g)","Sesame oil (1 cup, 224 g)",food,1980.2,0.0,0.0,224.0,0.0,0.0
FNDDS-2021-2023-82108000,"Soybean oil (1 cup, 224 g)","Soybean oil (1 cup, 224 g)",food,2016.0,0.0,0.0,224.0,0.0,0.0
FNDDS-2021-2023-82108500,"Sunflower oil (1 cup, 224 g)","Sunflower oil (1 cup, 224 g)",food,2016.0,0.0,0.0,224.0,0.0,0.0
FNDDS-2021-2023-82108700,"Walnut oil (1 cup, 224 g)","Walnut oil (1 cup, 224 g)",food,1980.2,0.0,0.0,224.0,0.0,0.0
FNDDS-2021-2023-82109000,"Wheat germ oil (1 cup, 224 g)","Wheat germ oil (1 cup, 224 g)",food,1980.2,0.0,0.0,224.0,0.0,0.0
FNDDS-2021-2023-83101000,"Blue or roquefort cheese dressing (1 cup, 245 g)","Blue or roquefort cheese dressing (1 cup, 245 g)",food,1185.8,3.4,11.7,125.2,8.5,1.0
FNDDS-2021-2023-83101600,"Bacon and tomato dressing (1 cup, 240 g)","Bacon and tomato dressing (1 cup, 240 g)",food,782.4,4.3,4.8,84.0,4.8,0.5
FNDDS-2021-2023-83102000,"Caesar dressing (1 cup, 235 g)","Caesar dressing (1 cup, 235 g)",food,1273.7,5.1,7.8,135.8,6.6,1.2
FNDDS-2021-2023-83103000,"Coleslaw dressing (1 cup, 250 g)","Coleslaw dressing (1 cup, 250 g)",food,1010.0,2.1,56.0,86.2,53.0,0.0
FNDDS-2021-2023-83104000,"French or Catalina dressing (1 cup, 250 g)","French or Catalina dressing (1 cup, 250 g)",food,1047.5,2.2,47.0,97.8,43.5,6.0
FNDDS-2021-2023-83105500,"Honey mustard dressing (1 cup, 250 g)","Honey mustard dressing (1 cup, 250 g)",food,1160.0,2.2,58.2,102.0,39.5,1.0
FNDDS-2021-2023-83106000,"Italian dressing, made with vinegar and oil (1 cup, 235 g)","Italian dressing, made with vinegar and oil (1 cup, 235 g)",food,564.0,1.0,28.4,49.6,25.4,0.0
FNDDS-2021-2023-83107000,"Mayonnaise, regular (1 cup, 220 g)","Mayonnaise, regular (1 cup, 220 g)",food,1496.0,2.1,1.3,164.6,1.3,0.0
FNDDS-2021-2023-83108000,"Vegan mayonnaise (1 cup, 225 g)","Vegan mayonnaise (1 cup, 225 g)",food,522.0,0.7,36.0,43.2,13.5,0.0
FNDDS-2021-2023-83109000,"Russian dressing (1 cup, 245 g)","Russian dressing (1 cup, 245 g)",food,869.8,1.7,78.2,64.2,43.4,1.7
FNDDS-2021-2023-83110000,"Mayonnaise-type salad dressing (1 cup, 235 g)","Mayonnaise-type salad dressing (1 cup, 235 g)",food,587.5,1.5,34.8,50.8,23.5,0.0
FNDDS-2021-2023-83112000,"Avocado dressing (1 cup, 245 g)","Avocado dressing (1 cup, 245 g)",food,1046.2,4.7,18.0,106.1,16.3,0.2
FNDDS-2021-2023-83112400,"Creamy Italian dressing (1 tablespoon, 15 g)","Creamy Italian dressing (1 tablespoon, 15 g)",food,40.2,0.1,1.7,3.7,1.5,0.0
FNDDS-2021-2023-83112950,"Poppy seed dressing (1 cup, 235 g)","Poppy seed dressing (1 cup, 235 g)",food,937.7,2.2,55.7,78.3,55.0,0.7
FNDDS-2021-2023-83112990,"Sesame dressing (1 cup, 235 g)","Sesame dressing (1 cup, 235 g)",food,1041.0,7.3,20.2,106.2,19.6,2.4
FNDDS-2021-2023-83113500,"Ranch dressing (1 tablespoon, 15 g)","Ranch dressing (1 tablespoon, 15 g)",food,64.5,0.2,0.9,6.7,0.7,0.0
FNDDS-2021-2023-83114000,"Thousand Island dressing (1 cup, 250 g)","Thousand Island dressing (1 cup, 250 g)",food,947.5,2.7,36.5,87.8,38.0,2.0
FNDDS-2021-2023-83115000,"Fruit dressing (1 cup, 246 g)","Fruit dressing (1 cup, 246 g)",food,538.7,6.2,30.5,44.3,23.8,0.2
FNDDS-2021-2023-83201000,"Blue or roquefort cheese dressing, light (1 cup, 245 g)","Blue or roquefort cheese dressing, light (1 cup, 245 g)",food,735.0,3.5,37.2,63.9,13.4,2.7
FNDDS-2021-2023-83201500,"Creamy Italian dressing, light (1 tablespoon, 15 g)","Creamy Italian dressing, light (1 tablespoon, 15 g)",food,16.6,0.1,1.4,1.2,1.3,0.0
FNDDS-2021-2023-83202020,"French or Catalina dressing, light (1 cup, 260 g)","French or Catalina dressing, light (1 cup, 260 g)",food,577.2,1.5,81.1,29.9,43.9,3.9
FNDDS-2021-2023-83203000,"Caesar dressing, light (1 cup, 240 g)","Caesar dressing, light (1 cup, 240 g)",food,264.0,0.7,44.6,10.6,39.1,0.2
FNDDS-2021-2023-83204000,"Mayonnaise, light (1 cup, 250 g)","Mayonnaise, light (1 cup, 250 g)",food,595.0,0.9,23.1,55.5,8.9,0.0
FNDDS-2021-2023-83204030,"Mayonnaise, reduced fat,  with olive oil (1 cup, 220 g)","Mayonnaise, reduced fat,  with olive oil (1 cup, 220 g)",food,794.2,0.8,0.0,88.0,0.0,0.0
FNDDS-2021-2023-83204050,"Mayonnaise-type salad dressing, light (1 cup, 232 g)","Mayonnaise-type salad dressing, light (1 cup, 232 g)",food,366.6,1.5,38.0,23.2,15.5,0.0
FNDDS-2021-2023-83204500,"Honey mustard dressing, light (1 cup, 240 g)","Honey mustard dressing, light (1 cup, 240 g)",food,496.8,2.4,67.9,24.0,43.9,1.9
FNDDS-2021-2023-83205450,"Italian dressing, light (1 cup, 216 g)","Italian dressing, light (1 cup, 216 g)",food,220.3,0.8,21.6,14.4,19.8,0.0
FNDDS-2021-2023-83205560,"Ranch dressing, light (1 tablespoon, 15 g)","Ranch dressing, light (1 tablespoon, 15 g)",food,24.0,0.2,1.1,2.1,0.8,0.0
FNDDS-2021-2023-83206500,"Sesame dressing, light (1 cup, 235 g)","Sesame dressing, light (1 cup, 235 g)",food,239.7,0.9,23.5,15.7,21.5,0.0
FNDDS-2021-2023-83207000,"Thousand Island dressing, light (1 cup, 245 g)","Thousand Island dressing, light (1 cup, 245 g)",food,477.8,2.0,59.0,27.7,42.4,2.9
FNDDS-2021-2023-83208500,"Korean dressing or marinade (1 cup, 246 g)","Korean dressing or marinade (1 cup, 246 g)",food,856.1,7.8,31.2,77.2,25.1,1.2
FNDDS-2021-2023-83300100,"Blue or roquefort cheese dressing, fat free (1 cup, 265 g)","Blue or roquefort cheese dressing, fat free (1 cup, 265 g)",food,304.8,4.0,67.8,2.7,19.7,4.8
FNDDS-2021-2023-83300200,"Caesar dressing, fat free (1 tablespoon, 14 g)","Caesar dressing, fat free (1 tablespoon, 14 g)",food,18.3,0.2,4.3,0.0,1.2,0.0
FNDDS-2021-2023-83300250,"Creamy Italian dressing, fat free (1 tablespoon, 15 g)","Creamy Italian dressing, fat free (1 tablespoon, 15 g)",food,8.4,0.2,1.6,0.2,1.2,0.1
FNDDS-2021-2023-83300400,"French or Catalina dressing, fat free (1 cup, 256 g)","French or Catalina dressing, fat free (1 cup, 256 g)",food,337.9,0.5,82.2,0.7,42.0,5.6
FNDDS-2021-2023-83300500,"Honey mustard dressing, fat free (1 tablespoon, 16 g)","Honey mustard dressing, fat free (1 tablespoon, 16 g)",food,27.0,0.2,6.1,0.2,2.8,0.2
FNDDS-2021-2023-83300600,"Italian dressing, fat free (1 cup, 231 g)","Italian dressing, fat free (1 cup, 231 g)",food,108.6,2.2,20.2,2.0,20.4,1.4
FNDDS-2021-2023-83300700,"Mayonnaise, fat free (1 cup, 256 g)","Mayonnaise, fat free (1 cup, 256 g)",food,163.8,0.5,40.4,0.0,17.4,5.1
FNDDS-2021-2023-83300750,"Ranch dressing, fat free (1 tablespoon, 15 g)","Ranch dressing, fat free (1 tablespoon, 15 g)",food,16.1,0.2,3.0,0.4,0.8,0.0
FNDDS-2021-2023-83301000,"Thousand Island dressing, fat free (1 cup, 256 g)","Thousand Island dressing, fat free (1 cup, 256 g)",food,337.9,1.4,75.0,3.7,43.0,8.4
FNDDS-2021-2023-89902000,"Avocado, for use on a sandwich (Guideline amount on regular sandwich, 30 g)","Avocado, for use on a sandwich (Guideline amount on regular sandwich, 30 g)",food,48.0,0.6,2.6,4.4,0.2,2.0
FNDDS-2021-2023-89902010,"Cucumber, for use on a sandwich (Guideline amount on regular sandwich, 10 g)","Cucumber, for use on a sandwich (Guideline amount on regular sandwich, 10 g)",food,1.6,0.1,0.3,0.0,0.2,0.1
FNDDS-2021-2023-89902020,"Lettuce, for use on a sandwich (Guideline amount on regular sandwich, 8 g)","Lettuce, for use on a sandwich (Guideline amount on regular sandwich, 8 g)",food,1.6,0.1,0.3,0.0,0.1,0.1
FNDDS-2021-2023-89902030,"Mushrooms, for use on a sandwich (Guideline amount on regular sandwich, 12 g)","Mushrooms, for use on a sandwich (Guideline amount on regular sandwich, 12 g)",food,3.7,0.3,0.5,0.0,0.2,0.2
FNDDS-2021-2023-89902040,"Onions, for use on a sandwich (Guideline amount on regular sandwich, 15 g)","Onions, for use on a sandwich (Guideline amount on regular sandwich, 15 g)",food,5.7,0.1,1.3,0.0,0.9,0.3
FNDDS-2021-2023-89902050,"Pepper, for use on a sandwich (Guideline amount on regular sandwich, 10 g)","Pepper, for use on a sandwich (Guideline amount on regular sandwich, 10 g)",food,2.7,0.1,0.6,0.0,0.3,0.1
FNDDS-2021-2023-89902060,"Spinach, for use on a sandwich (Guideline amount on regular sandwich, 10 g)","Spinach, for use on a sandwich (Guideline amount on regular sandwich, 10 g)",food,2.7,0.3,0.2,0.1,0.0,0.2
FNDDS-2021-2023-89902070,"Tomatoes, for use on a sandwich (Guideline amount on regular sandwich, 20 g)","Tomatoes, for use on a sandwich (Guideline amount on regular sandwich, 20 g)",food,4.0,0.2,0.8,0.1,0.5,0.2
FNDDS-2021-2023-91101010,"Sugar, white, granulated or lump (1 cup, 200 g)","Sugar, white, granulated or lump (1 cup, 200 g)",food,802.0,0.0,199.2,0.6,199.6,0.0
FNDDS-2021-2023-91101020,"Sugar, white, confectioner's, powdered (1 cup, 120 g)","Sugar, white, confectioner's, powdered (1 cup, 120 g)",food,466.8,0.0,119.8,0.0,117.4,0.0
FNDDS-2021-2023-91102010,"Sugar, brown (1 cup, NFS, 220 g)","Sugar, brown (1 cup, NFS, 220 g)",food,836.0,0.3,215.8,0.0,213.4,0.0
FNDDS-2021-2023-91104100,"Sugar, cinnamon (1 cup, 200 g)","Sugar, cinnamon (1 cup, 200 g)",food,780.0,0.6,196.6,0.8,186.0,7.4
FNDDS-2021-2023-91106010,"Sugar substitute and sugar blend (1 teaspoon, 2 g)","Sugar substitute and sugar blend (1 teaspoon, 2 g)",food,8.0,0.0,2.0,0.0,2.0,0.0
FNDDS-2021-2023-91107000,"Sugar substitute, sucralose, powder (1 individual packet, 1 g)","Sugar substitute, sucralose, powder (1 individual packet, 1 g)",food,3.4,0.0,0.9,0.0,0.8,0.0
FNDDS-2021-2023-91108000,"Sugar substitute, stevia, powder (1 individual packet, 1 g)","Sugar substitute, stevia, powder (1 individual packet, 1 g)",food,0.0,0.0,1.0,0.0,0.0,0.0
FNDDS-2021-2023-91108010,"Sugar substitute, stevia, liquid (1 teaspoon, 5 g)","Sugar substitute, stevia, liquid (1 teaspoon, 5 g)",food,2.6,0.0,0.6,0.0,0.0,0.0
FNDDS-2021-2023-91200040,"Sugar substitute, saccharin, powder (1 individual packet, 1 g)","Sugar substitute, saccharin, powder (1 individual packet, 1 g)",food,3.6,0.0,0.9,0.0,0.9,0.0
FNDDS-2021-2023-91200110,"Sugar substitute, saccharin, liquid (1 teaspoon, 5 g)","Sugar substitute, saccharin, liquid (1 teaspoon, 5 g)",food,0.4,0.0,0.1,0.0,0.1,0.0
FNDDS-2021-2023-91201010,"Sugar substitute, aspartame, powder (1 individual packet, 1 g)","Sugar substitute, aspartame, powder (1 individual packet, 1 g)",food,3.6,0.0,0.9,0.0,0.8,0.0
FNDDS-2021-2023-91300100,"Pancake syrup (1 cup, 320 g)","Pancake syrup (1 cup, 320 g)",dessert,848.0,0.0,222.7,0.3,134.4,0.0
FNDDS-2021-2023-91301030,"Corn syrup (1 cup, 320 g)","Corn syrup (1 cup, 320 g)",dessert,905.6,0.0,245.8,0.6,245.8,0.0
FNDDS-2021-2023-91301050,"Blueberry syrup (1 cup, 320 g)","Blueberry syrup (1 cup, 320 g)",dessert,1091.2,0.0,272.3,0.0,169.6,0.3
FNDDS-2021-2023-91301080,"Chocolate syrup (1 cup, 320 g)","Chocolate syrup (1 cup, 320 g)",dessert,860.8,0.0,215.0,0.0,192.0,0.0
FNDDS-2021-2023-91301081,"Chocolate syrup, light (1 cup, 240 g)","Chocolate syrup, light (1 cup, 240 g)",dessert,367.2,3.4,83.0,2.3,68.6,0.0
FNDDS-2021-2023-91301100,"Simple syrup (1 cup, 320 g)","Simple syrup (1 cup, 320 g)",dessert,588.8,0.0,145.9,0.5,146.2,0.0
FNDDS-2021-2023-91301130,"Strawberry drink syrup (1 cup, 320 g)","Strawberry drink syrup (1 cup, 320 g)",dessert,835.2,0.0,208.3,0.1,208.0,0.0
FNDDS-2021-2023-91301510,"Pancake syrup, light (1 cup, 240 g)","Pancake syrup, light (1 cup, 240 g)",dessert,396.0,0.0,107.0,0.0,78.7,0.0
FNDDS-2021-2023-91302010,"Honey (1 tablespoon, 20 g)","Honey (1 tablespoon, 20 g)",food,60.8,0.1,16.5,0.0,16.4,0.0
FNDDS-2021-2023-91302020,"Agave liquid sweetener (1 tablespoon, 20 g)","Agave liquid sweetener (1 tablespoon, 20 g)",food,62.0,0.0,15.3,0.1,13.6,0.0
FNDDS-2021-2023-91303000,"Molasses (1 cup, 320 g)","Molasses (1 cup, 320 g)",food,928.0,0.0,239.0,0.3,239.0,0.0
FNDDS-2021-2023-91304010,"Topping, butterscotch or caramel (1 cup, 320 g)","Topping, butterscotch or caramel (1 cup, 320 g)",dessert,691.2,3.9,182.4,0.0,182.4,0.0
FNDDS-2021-2023-91304020,"Topping, chocolate (1 cup, 320 g)","Topping, chocolate (1 cup, 320 g)",dessert,1120.0,14.7,201.3,28.5,111.4,9.0
FNDDS-2021-2023-91304030,"Topping, fruit (1 cup, 320 g)","Topping, fruit (1 cup, 320 g)",dessert,812.8,0.6,212.2,0.3,87.7,2.2
FNDDS-2021-2023-91304040,"Topping, marshmallow (1 cup, 95 g)","Topping, marshmallow (1 cup, 95 g)",dessert,305.9,0.8,75.0,0.3,44.5,0.1
FNDDS-2021-2023-91304060,"Topping, nuts and syrup (1 cup, 320 g)","Topping, nuts and syrup (1 cup, 320 g)",dessert,1433.6,14.4,185.9,70.4,117.4,7.4
FNDDS-2021-2023-91304090,"Chocolate hazelnut spread (1 tablespoon, 20 g)","Chocolate hazelnut spread (1 tablespoon, 20 g)",dessert,107.8,1.1,12.5,5.9,10.8,1.1
FNDDS-2021-2023-91305010,"Icing, chocolate (1 cup, 290 g)","Icing, chocolate (1 cup, 290 g)",dessert,1151.3,3.2,183.3,51.0,167.3,2.6
FNDDS-2021-2023-91305020,"Icing, white (1 cup, 290 g)","Icing, white (1 cup, 290 g)",dessert,1212.2,0.0,196.9,47.0,183.0,0.0
FNDDS-2021-2023-91306020,"Caramel dip, regular (1 tablespoon, 20 g)","Caramel dip, regular (1 tablespoon, 20 g)",dessert,59.0,0.2,9.7,2.5,9.7,0.0
FNDDS-2021-2023-91306025,"Caramel dip, light (1 tablespoon, 20 g)","Caramel dip, light (1 tablespoon, 20 g)",dessert,43.2,0.2,11.4,0.0,11.4,0.0
FNDDS-2021-2023-91306030,"Chocolate dip (1 tablespoon, 20 g)","Chocolate dip (1 tablespoon, 20 g)",dessert,78.6,0.7,13.1,2.6,9.1,0.4
FNDDS-2021-2023-91306040,"Dessert dip (1 tablespoon, 15 g)","Dessert dip (1 tablespoon, 15 g)",dessert,37.4,0.9,3.4,2.2,3.3,0.0
FNDDS-2021-2023-91361010,"Sweet and sour sauce (1 tablespoon, 16 g)","Sweet and sour sauce (1 tablespoon, 16 g)",food,24.6,0.0,6.1,0.0,3.0,0.0
FNDDS-2021-2023-91361040,"Dessert sauce (1 tablespoon, 16 g)","Dessert sauce (1 tablespoon, 16 g)",dessert,24.0,0.0,3.1,1.3,2.8,0.0
FNDDS-2021-2023-91361050,"Duck sauce (1 tablespoon, 16 g)","Duck sauce (1 tablespoon, 16 g)",food,39.2,0.1,9.7,0.0,4.9,0.1
FNDDS-2021-2023-91401000,"Jelly (1 tablespoon, 20 g)","Jelly (1 tablespoon, 20 g)",dessert,53.2,0.0,14.0,0.0,10.2,0.2
FNDDS-2021-2023-91402000,"Jam (1 tablespoon, 20 g)","Jam (1 tablespoon, 20 g)",dessert,55.6,0.1,13.8,0.0,9.7,0.2
FNDDS-2021-2023-91403000,"Fruit butter (1 tablespoon, 20 g)","Fruit butter (1 tablespoon, 20 g)",dessert,34.6,0.1,8.5,0.1,7.1,0.3
FNDDS-2021-2023-91404000,"Marmalade (1 tablespoon, 20 g)","Marmalade (1 tablespoon, 20 g)",dessert,49.2,0.1,13.3,0.0,12.0,0.1
FNDDS-2021-2023-91405000,"Jam or jelly, sugar free (1 tablespoon, 20 g)","Jam or jelly, sugar free (1 tablespoon, 20 g)",dessert,24.2,0.1,5.9,0.0,0.7,0.4
FNDDS-2021-2023-91405500,"Jam or jelly, reduced sugar (1 tablespoon, 20 g)","Jam or jelly, reduced sugar (1 tablespoon, 20 g)",dessert,30.2,0.0,7.5,0.0,5.9,0.3
FNDDS-2021-2023-91406500,"Jam or jelly, fruit juice sweetened (1 tablespoon, 20 g)","Jam or jelly, fruit juice sweetened (1 tablespoon, 20 g)",dessert,42.4,0.0,10.6,0.0,8.4,0.2
FNDDS-2021-2023-91407100,"Guava paste (1 tablespoon, 20 g)","Guava paste (1 tablespoon, 20 g)",dessert,58.4,0.0,14.5,0.1,14.3,0.2
FNDDS-2021-2023-91407120,"Sweet potato paste (1 tablespoon, 20 g)","Sweet potato paste (1 tablespoon, 20 g)",dessert,61.0,0.1,15.0,0.1,14.4,0.2
FNDDS-2021-2023-91407150,"Bean paste, sweetened (1 tablespoon, 20 g)","Bean paste, sweetened (1 tablespoon, 20 g)",dessert,45.2,1.2,10.0,0.1,6.8,1.1
FNDDS-2021-2023-91501010,"Gelatin dessert (1 cup, 240 g)","Gelatin dessert (1 cup, 240 g)",dessert,144.0,2.9,34.1,0.0,32.4,0.0
FNDDS-2021-2023-91501020,"Gelatin dessert with fruit (1 cup, 240 g)","Gelatin dessert with fruit (1 cup, 240 g)",dessert,134.4,2.6,31.9,0.0,30.2,0.5
FNDDS-2021-2023-91501100,"Gelatin salad with vegetables (1 cup, 240 g)","Gelatin salad with vegetables (1 cup, 240 g)",dessert,146.4,3.5,33.6,0.0,28.6,1.7
FNDDS-2021-2023-91511010,"Gelatin dessert, sugar free (1 cup, 240 g)","Gelatin dessert, sugar free (1 cup, 240 g)",dessert,48.0,2.0,10.1,0.0,0.0,0.0
FNDDS-2021-2023-91511020,"Gelatin dessert, sugar free, with fruit (1 cup, 240 g)","Gelatin dessert, sugar free, with fruit (1 cup, 240 g)",dessert,52.8,1.8,11.7,0.0,2.7,0.5
FNDDS-2021-2023-91520100,"Yokan (1 oz, 28.35 g)","Yokan (1 oz, 28.35 g)",dessert,37.7,0.7,8.7,0.1,7.0,0.6
FNDDS-2021-2023-91560100,"Haupia (1 cup, 213 g)","Haupia (1 cup, 213 g)",dessert,583.6,4.2,50.1,43.5,31.3,4.3
FNDDS-2021-2023-91601000,"Italian Ice (1 cup, 130 g)","Italian Ice (1 cup, 130 g)",dessert,166.4,0.5,42.4,0.0,42.4,0.0
FNDDS-2021-2023-91601010,"Italian Ice, no sugar added (1 cup, 130 g)","Italian Ice, no sugar added (1 cup, 130 g)",dessert,31.2,0.0,7.7,0.0,2.0,0.0
FNDDS-2021-2023-91611000,"Popsicle (1 single stick, 50 g)","Popsicle (1 single stick, 50 g)",dessert,39.5,0.0,9.6,0.1,6.8,0.0
FNDDS-2021-2023-91611100,"Popsicle, no sugar added (1 single stick, 50 g)","Popsicle, no sugar added (1 single stick, 50 g)",dessert,12.0,0.0,3.0,0.0,0.8,0.0
FNDDS-2021-2023-91612000,"Freezer pop (1 freezer pop, 50 g)","Freezer pop (1 freezer pop, 50 g)",dessert,39.5,0.0,9.6,0.1,6.8,0.0
FNDDS-2021-2023-91621000,"Snow cone (1 cup, 130 g)","Snow cone (1 cup, 130 g)",dessert,166.4,0.5,42.4,0.0,42.4,0.0
FNDDS-2021-2023-91621050,"Snow cone, no sugar added (1 cup, 130 g)","Snow cone, no sugar added (1 cup, 130 g)",dessert,31.2,0.0,7.7,0.0,2.0,0.0
FNDDS-2021-2023-91701010,"Almonds, chocolate covered candy (1 piece, 4 g)","Almonds, chocolate covered candy (1 piece, 4 g)",dessert,22.4,0.5,1.8,1.6,1.3,0.3
FNDDS-2021-2023-91705010,"Chocolate candy (1 piece, 8 g)","Chocolate candy (1 piece, 8 g)",dessert,42.8,0.6,4.8,2.4,4.1,0.3
FNDDS-2021-2023-91705015,"Chocolate candy with nuts (1 piece, 8 g)","Chocolate candy with nuts (1 piece, 8 g)",dessert,43.6,0.9,4.1,2.7,3.4,0.4
FNDDS-2021-2023-91705020,"Chocolate candy with cereal (1 piece, 8 g)","Chocolate candy with cereal (1 piece, 8 g)",dessert,40.9,0.6,4.8,2.4,4.1,0.3
FNDDS-2021-2023-91705080,"Chocolate candy, cookie filled (1 piece, 8 g)","Chocolate candy, cookie filled (1 piece, 8 g)",dessert,40.8,0.5,5.2,2.0,3.9,0.1
FNDDS-2021-2023-91705200,"Chocolate chips (1 piece, 1 g)","Chocolate chips (1 piece, 1 g)",dessert,4.8,0.0,0.6,0.3,0.5,0.1
FNDDS-2021-2023-91705250,"Candy, sprinkles (1 cup, 160 g)","Candy, sprinkles (1 cup, 160 g)",dessert,756.8,0.0,135.5,24.5,135.7,0.0
FNDDS-2021-2023-91705300,"Dark chocolate candy (1 piece, 8 g)","Dark chocolate candy (1 piece, 8 g)",dessert,44.0,0.4,4.8,2.6,3.7,0.6
FNDDS-2021-2023-91705315,"Dark chocolate candy with nuts (1 piece, 8 g)","Dark chocolate candy with nuts (1 piece, 8 g)",dessert,44.8,0.7,4.2,2.9,3.0,0.6
FNDDS-2021-2023-91705400,"White chocolate candy (1 piece, 8 g)","White chocolate candy (1 piece, 8 g)",dessert,43.1,0.5,4.7,2.6,4.7,0.0
FNDDS-2021-2023-91705440,"Chocolate candy, fudge (1 piece, 30 g)","Chocolate candy, fudge (1 piece, 30 g)",dessert,118.8,0.5,23.8,2.4,22.9,0.2
FNDDS-2021-2023-91705450,"Chocolate candy, caramel filled (1 piece, 8 g)","Chocolate candy, caramel filled (1 piece, 8 g)",dessert,37.9,0.5,5.3,1.7,4.6,0.2
FNDDS-2021-2023-91705460,"Chocolate candy, caramel filled with nuts (1 piece, 15 g)","Chocolate candy, caramel filled with nuts (1 piece, 15 g)",dessert,72.6,1.1,9.5,3.5,8.1,0.4
FNDDS-2021-2023-91705470,"Chocolate candy, coconut filled (1 piece, 8 g)","Chocolate candy, coconut filled (1 piece, 8 g)",dessert,40.0,0.4,4.6,2.2,3.5,0.3
FNDDS-2021-2023-91705480,"Chocolate candy, cream filled (1 piece, 15 g)","Chocolate candy, cream filled (1 piece, 15 g)",dessert,54.9,0.3,12.1,1.4,10.7,0.3
FNDDS-2021-2023-91705510,"Chocolate candy, nougat filled (1 piece, 8 g)","Chocolate candy, nougat filled (1 piece, 8 g)",dessert,35.7,0.3,6.0,1.2,5.1,0.1
FNDDS-2021-2023-91705520,"Chocolate candy, nougat filled with nuts (1 piece, 8 g)","Chocolate candy, nougat filled with nuts (1 piece, 8 g)",dessert,38.6,0.5,5.1,1.8,4.2,0.2
FNDDS-2021-2023-91705530,"Chocolate candy, peanut butter filled (1 piece, 8 g)","Chocolate candy, peanut butter filled (1 piece, 8 g)",dessert,39.0,0.6,5.1,2.0,3.7,0.2
FNDDS-2021-2023-91705550,"Chocolate candy with dried fruit (1 piece, 2 g)","Chocolate candy with dried fruit (1 piece, 2 g)",dessert,7.8,0.1,1.4,0.3,1.2,0.1
FNDDS-2021-2023-91706010,"Chocolate candy, sugar free (1 piece, 15 g)","Chocolate candy, sugar free (1 piece, 15 g)",dessert,88.5,1.9,5.7,6.5,2.2,0.5
FNDDS-2021-2023-91718300,"Ladoo, round ball (1 piece, 60 g)","Ladoo, round ball (1 piece, 60 g)",dessert,246.6,4.2,28.0,13.3,17.9,2.4
FNDDS-2021-2023-91721000,"Candy, licorice (1 piece, 5 g)","Candy, licorice (1 piece, 5 g)",dessert,19.8,0.0,4.9,0.0,3.0,0.0
FNDDS-2021-2023-91723000,"Candy, marshmallow (1 piece, 8 g)","Candy, marshmallow (1 piece, 8 g)",dessert,25.4,0.1,6.5,0.0,4.6,0.0
FNDDS-2021-2023-91723030,"Candy, caramel (1 piece, 5 g)","Candy, caramel (1 piece, 5 g)",dessert,19.2,0.2,4.1,0.3,3.0,0.0
FNDDS-2021-2023-91728000,"Candy, nougat with nuts (1 piece, 10 g)","Candy, nougat with nuts (1 piece, 10 g)",dessert,44.4,0.8,7.3,1.3,4.3,0.4
FNDDS-2021-2023-91731000,"Peanuts, chocolate covered candy (1 piece, 4 g)","Peanuts, chocolate covered candy (1 piece, 4 g)",dessert,22.2,0.6,1.8,1.5,1.3,0.2
FNDDS-2021-2023-91733000,"Candy, peanut brittle (1 piece, 10 g)","Candy, peanut brittle (1 piece, 10 g)",dessert,48.6,0.8,7.1,1.9,5.1,0.2
FNDDS-2021-2023-91745000,"Candy, mint (1 piece, 2 g)","Candy, mint (1 piece, 2 g)",dessert,7.9,0.0,2.0,0.0,0.6,0.0
FNDDS-2021-2023-91745010,"Candy, gummy (1 piece, 2 g)","Candy, gummy (1 piece, 2 g)",dessert,7.9,0.0,2.0,0.0,1.2,0.0
FNDDS-2021-2023-91745025,"Candy, hard (1 piece, 5 g)","Candy, hard (1 piece, 5 g)",dessert,19.7,0.0,4.9,0.0,3.1,0.0
FNDDS-2021-2023-91745030,"Candy, lollipop (1 piece, 10 g)","Candy, lollipop (1 piece, 10 g)",dessert,39.4,0.0,9.8,0.0,6.3,0.0
FNDDS-2021-2023-91745035,"Cough drops (1 piece, 5 g)","Cough drops (1 piece, 5 g)",dessert,19.7,0.0,4.9,0.0,1.6,0.0
FNDDS-2021-2023-91745050,"Candy, cotton (1 package, any size, 30 g)","Candy, cotton (1 package, any size, 30 g)",dessert,120.3,0.0,29.9,0.1,29.9,0.0
FNDDS-2021-2023-91745110,"Candy, fruit flavored pieces (1 piece, 2 g)","Candy, fruit flavored pieces (1 piece, 2 g)",dessert,8.0,0.0,1.9,0.0,1.4,0.0
FNDDS-2021-2023-91746100,"Chocolate candy, candy shell (1 piece, 2 g)","Chocolate candy, candy shell (1 piece, 2 g)",dessert,9.8,0.1,1.4,0.4,1.3,0.1
FNDDS-2021-2023-91746110,"Chocolate candy, candy shell with nuts (1 piece, 2 g)","Chocolate candy, candy shell with nuts (1 piece, 2 g)",dessert,10.1,0.2,1.2,0.5,1.0,0.1
FNDDS-2021-2023-91746300,"Candy, fruit snacks (1 piece, 2 g)","Candy, fruit snacks (1 piece, 2 g)",dessert,7.4,0.0,1.7,0.1,1.0,0.0
FNDDS-2021-2023-91746350,"Candy, fruit leather (1 piece, 10 g)","Candy, fruit leather (1 piece, 10 g)",dessert,37.1,0.0,8.6,0.3,4.9,0.0
FNDDS-2021-2023-91750000,"Candy, taffy (1 piece, 5 g)","Candy, taffy (1 piece, 5 g)",dessert,19.5,0.0,4.4,0.2,3.7,0.0
FNDDS-2021-2023-91770060,"Candy, non chocolate, sugar free (1 piece, 5 g)","Candy, non chocolate, sugar free (1 piece, 5 g)",dessert,19.7,0.0,4.9,0.0,0.0,0.0
FNDDS-2021-2023-91801000,"Chewing gum (1 piece, 5 g)","Chewing gum (1 piece, 5 g)",dessert,18.0,0.0,4.8,0.0,3.3,0.1
FNDDS-2021-2023-91802000,"Chewing gum, sugar free (1 piece, 5 g)","Chewing gum, sugar free (1 piece, 5 g)",dessert,13.4,0.0,4.7,0.0,0.0,0.1
FNDDS-2021-2023-92101000,"Coffee, brewed (1 fl oz, 30 g)","Coffee, brewed (1 fl oz, 30 g)",drink,0.3,0.0,0.0,0.0,0.0,0.0
FNDDS-2021-2023-92101500,"Coffee, brewed, blend of regular and decaffeinated (1 fl oz, 30 g)","Coffee, brewed, blend of regular and decaffeinated (1 fl oz, 30 g)",drink,0.0,0.0,0.0,0.0,0.0,0.0
FNDDS-2021-2023-92101600,"Coffee, Turkish (1 fl oz, 31 g)","Coffee, Turkish (1 fl oz, 31 g)",drink,8.4,0.0,2.0,0.0,2.0,0.0
FNDDS-2021-2023-92101610,"Coffee, espresso (1 fl oz, 30 g)","Coffee, espresso (1 fl oz, 30 g)",drink,2.7,0.0,0.5,0.1,0.0,0.0
FNDDS-2021-2023-92101630,"Coffee, espresso, decaffeinated (1 fl oz, 30 g)","Coffee, espresso, decaffeinated (1 fl oz, 30 g)",drink,2.7,0.0,0.5,0.1,0.0,0.0
FNDDS-2021-2023-92101700,"Coffee, brewed, flavored (1 fl oz, 30 g)","Coffee, brewed, flavored (1 fl oz, 30 g)",drink,0.3,0.0,0.0,0.0,0.0,0.0
FNDDS-2021-2023-92101800,"Coffee, Cuban (1 fl oz, 31 g)","Coffee, Cuban (1 fl oz, 31 g)",drink,10.5,0.0,2.4,0.1,1.9,0.0
FNDDS-2021-2023-92101810,"Coffee, macchiato (1 fl oz, 30 g)","Coffee, macchiato (1 fl oz, 30 g)",drink,6.9,0.4,0.8,0.2,0.5,0.0
FNDDS-2021-2023-92101820,"Coffee, macchiato, sweetened (1 fl oz, 31 g)","Coffee, macchiato, sweetened (1 fl oz, 31 g)",drink,12.4,0.4,2.1,0.2,1.8,0.0
FNDDS-2021-2023-92101850,"Coffee, cafe con leche (1 fl oz, 31 g)","Coffee, cafe con leche (1 fl oz, 31 g)",drink,12.4,0.5,1.7,0.4,1.5,0.0
FNDDS-2021-2023-92101851,"Coffee, cafe con leche, decaffeinated (1 fl oz, 31 g)","Coffee, cafe con leche, decaffeinated (1 fl oz, 31 g)",drink,12.4,0.5,1.8,0.4,1.5,0.0
FNDDS-2021-2023-92101900,"Coffee, Latte (1 fl oz, 30 g)","Coffee, Latte (1 fl oz, 30 g)",drink,12.9,0.8,1.3,0.5,1.2,0.0
FNDDS-2021-2023-92101901,"Coffee, Latte, nonfat (1 fl oz, 30 g)","Coffee, Latte, nonfat (1 fl oz, 30 g)",drink,9.0,0.9,1.3,0.0,1.3,0.0
FNDDS-2021-2023-92101903,"Coffee, Latte, with non-dairy milk (1 fl oz, 30 g)","Coffee, Latte, with non-dairy milk (1 fl oz, 30 g)",drink,8.4,0.3,0.8,0.4,0.5,0.0
FNDDS-2021-2023-92101904,"Coffee, Latte, flavored (1 fl oz, 31 g)","Coffee, Latte, flavored (1 fl oz, 31 g)",drink,17.1,0.8,2.3,0.5,2.2,0.0
FNDDS-2021-2023-92101905,"Coffee, Latte, nonfat, flavored (1 fl oz, 31 g)","Coffee, Latte, nonfat, flavored (1 fl oz, 31 g)",drink,13.0,0.9,2.3,0.0,2.3,0.0
FNDDS-2021-2023-92101906,"Coffee, Latte, with non-dairy milk, flavored (1 fl oz, 31 g)","Coffee, Latte, with non-dairy milk, flavored (1 fl oz, 31 g)",drink,12.4,0.3,1.9,0.4,1.5,0.0
FNDDS-2021-2023-92101910,"Coffee, Latte, decaffeinated (1 fl oz, 30 g)","Coffee, Latte, decaffeinated (1 fl oz, 30 g)",drink,12.9,0.8,1.3,0.5,1.2,0.0
FNDDS-2021-2023-92101911,"Coffee, Latte, decaffeinated, nonfat (1 fl oz, 30 g)","Coffee, Latte, decaffeinated, nonfat (1 fl oz, 30 g)",drink,9.0,0.9,1.3,0.0,1.3,0.0
FNDDS-2021-2023-92101913,"Coffee, Latte, decaffeinated, with non-dairy milk (1 fl oz, 30 g)","Coffee, Latte, decaffeinated, with non-dairy milk (1 fl oz, 30 g)",drink,8.4,0.3,0.8,0.4,0.5,0.0
FNDDS-2021-2023-92101917,"Coffee, Latte, decaffeinated, flavored (1 fl oz, 31 g)","Coffee, Latte, decaffeinated, flavored (1 fl oz, 31 g)",drink,17.1,0.8,2.3,0.5,2.3,0.0
FNDDS-2021-2023-92101918,"Coffee, Latte, decaffeinated, nonfat, flavored (1 fl oz, 31 g)","Coffee, Latte, decaffeinated, nonfat, flavored (1 fl oz, 31 g)",drink,13.0,0.9,2.3,0.0,2.3,0.0
FNDDS-2021-2023-92101919,"Coffee, Latte, decaffeinated, with non-dairy milk, flavored (1 fl oz, 31 g)","Coffee, Latte, decaffeinated, with non-dairy milk, flavored (1 fl oz, 31 g)",drink,12.4,0.3,1.9,0.4,1.5,0.0
FNDDS-2021-2023-92101920,"Frozen coffee drink (1 fl oz, 31 g)","Frozen coffee drink (1 fl oz, 31 g)",drink,21.1,0.5,4.2,0.3,4.1,0.0
FNDDS-2021-2023-92101921,"Frozen coffee drink, nonfat (1 fl oz, 31 g)","Frozen coffee drink, nonfat (1 fl oz, 31 g)",drink,18.9,0.5,4.2,0.0,4.1,0.0
FNDDS-2021-2023-92101923,"Frozen coffee drink, with non-dairy milk (1 fl oz, 31 g)","Frozen coffee drink, with non-dairy milk (1 fl oz, 31 g)",drink,18.6,0.2,3.9,0.2,3.7,0.0
FNDDS-2021-2023-92101925,"Frozen coffee drink, with whipped cream (1 fl oz, 31 g)","Frozen coffee drink, with whipped cream (1 fl oz, 31 g)",drink,25.7,0.5,4.0,0.9,3.9,0.0
FNDDS-2021-2023-92101926,"Frozen coffee drink, nonfat, with whipped cream (1 fl oz, 31 g)","Frozen coffee drink, nonfat, with whipped cream (1 fl oz, 31 g)",drink,23.6,0.5,4.0,0.6,3.9,0.0
FNDDS-2021-2023-92101928,"Frozen coffee drink, with non-dairy milk and whipped cream (1 fl oz, 31 g)","Frozen coffee drink, with non-dairy milk and whipped cream (1 fl oz, 31 g)",drink,23.2,0.2,3.8,0.8,3.5,0.0
FNDDS-2021-2023-92101930,"Frozen coffee drink, decaffeinated (1 fl oz, 31 g)","Frozen coffee drink, decaffeinated (1 fl oz, 31 g)",drink,21.1,0.5,4.2,0.3,4.1,0.0
FNDDS-2021-2023-92101931,"Frozen coffee drink, decaffeinated, nonfat (1 fl oz, 31 g)","Frozen coffee drink, decaffeinated, nonfat (1 fl oz, 31 g)",drink,18.9,0.5,4.2,0.0,4.1,0.0
FNDDS-2021-2023-92101933,"Frozen coffee drink, decaffeinated, with non-dairy milk (1 fl oz, 31 g)","Frozen coffee drink, decaffeinated, with non-dairy milk (1 fl oz, 31 g)",drink,21.7,0.5,4.2,0.3,4.1,0.0
FNDDS-2021-2023-92101935,"Frozen coffee drink, decaffeinated, with whipped cream (1 fl oz, 31 g)","Frozen coffee drink, decaffeinated, with whipped cream (1 fl oz, 31 g)",drink,25.7,0.5,4.0,0.9,3.9,0.0
FNDDS-2021-2023-92101936,"Frozen coffee drink, decaffeinated, nonfat, with whipped cream (1 fl oz, 31 g)","Frozen coffee drink, decaffeinated, nonfat, with whipped cream (1 fl oz, 31 g)",drink,23.6,0.5,4.0,0.6,4.0,0.0
FNDDS-2021-2023-92101938,"Frozen coffee drink, decaffeinated, with non-dairy milk and whipped cream (1 fl oz, 31 g)","Frozen coffee drink, decaffeinated, with non-dairy milk and whipped cream (1 fl oz, 31 g)",drink,24.8,0.4,4.0,0.8,3.8,0.0
FNDDS-2021-2023-92101950,"Coffee, Cafe Mocha (1 fl oz, 31 g)","Coffee, Cafe Mocha (1 fl oz, 31 g)",drink,19.8,0.8,3.2,0.5,2.9,0.0
FNDDS-2021-2023-92101955,"Coffee, Cafe Mocha, nonfat (1 fl oz, 31 g)","Coffee, Cafe Mocha, nonfat (1 fl oz, 31 g)",drink,16.1,0.8,3.2,0.0,2.9,0.0
FNDDS-2021-2023-92101960,"Coffee, Cafe Mocha, with non-dairy milk (1 fl oz, 31 g)","Coffee, Cafe Mocha, with non-dairy milk (1 fl oz, 31 g)",drink,15.5,0.3,2.7,0.4,2.2,0.0
FNDDS-2021-2023-92101965,"Coffee, Cafe Mocha, decaffeinated (1 fl oz, 31 g)","Coffee, Cafe Mocha, decaffeinated (1 fl oz, 31 g)",drink,19.8,0.8,3.2,0.5,2.9,0.0
FNDDS-2021-2023-92101970,"Coffee, Cafe Mocha, decaffeinated, nonfat (1 fl oz, 31 g)","Coffee, Cafe Mocha, decaffeinated, nonfat (1 fl oz, 31 g)",drink,16.1,0.8,3.2,0.0,2.9,0.0
FNDDS-2021-2023-92101975,"Coffee, Cafe Mocha, decaffeinated, with non-dairy milk (1 fl oz, 31 g)","Coffee, Cafe Mocha, decaffeinated, with non-dairy milk (1 fl oz, 31 g)",drink,15.5,0.3,2.7,0.4,2.2,0.0
FNDDS-2021-2023-92102000,"Frozen mocha coffee drink (1 fl oz, 31 g)","Frozen mocha coffee drink (1 fl oz, 31 g)",drink,20.5,0.5,4.1,0.3,3.8,0.0
FNDDS-2021-2023-92102010,"Frozen mocha coffee drink, nonfat (1 fl oz, 31 g)","Frozen mocha coffee drink, nonfat (1 fl oz, 31 g)",drink,18.3,0.5,4.1,0.0,3.8,0.0
FNDDS-2021-2023-92102020,"Frozen mocha coffee drink, with non-dairy milk (1 fl oz, 31 g)","Frozen mocha coffee drink, with non-dairy milk (1 fl oz, 31 g)",drink,18.0,0.2,3.8,0.2,3.4,0.0
FNDDS-2021-2023-92102030,"Frozen mocha coffee drink, with whipped cream (1 fl oz, 31 g)","Frozen mocha coffee drink, with whipped cream (1 fl oz, 31 g)",drink,25.1,0.5,3.9,0.8,3.6,0.0
FNDDS-2021-2023-92102040,"Frozen mocha coffee drink, nonfat, with whipped cream (1 fl oz, 31 g)","Frozen mocha coffee drink, nonfat, with whipped cream (1 fl oz, 31 g)",drink,22.9,0.5,3.9,0.6,3.7,0.0
FNDDS-2021-2023-92102050,"Frozen mocha coffee drink, with non-dairy milk and whipped cream (1 fl oz, 31 g)","Frozen mocha coffee drink, with non-dairy milk and whipped cream (1 fl oz, 31 g)",drink,22.6,0.2,3.7,0.8,3.3,0.0
FNDDS-2021-2023-92102060,"Frozen mocha coffee drink, decaffeinated (1 fl oz, 31 g)","Frozen mocha coffee drink, decaffeinated (1 fl oz, 31 g)",drink,20.8,0.5,4.1,0.3,3.8,0.0
FNDDS-2021-2023-92102070,"Frozen mocha coffee drink, decaffeinated, nonfat (1 fl oz, 31 g)","Frozen mocha coffee drink, decaffeinated, nonfat (1 fl oz, 31 g)",drink,18.3,0.5,4.1,0.0,3.8,0.0
FNDDS-2021-2023-92102080,"Frozen mocha coffee drink, decaffeinated, with non-dairy milk (1 fl oz, 31 g)","Frozen mocha coffee drink, decaffeinated, with non-dairy milk (1 fl oz, 31 g)",drink,18.0,0.2,3.8,0.2,3.4,0.0
FNDDS-2021-2023-92102090,"Frozen mocha coffee drink, decaffeinated, with whipped cream (1 fl oz, 31 g)","Frozen mocha coffee drink, decaffeinated, with whipped cream (1 fl oz, 31 g)",drink,25.1,0.5,3.9,0.8,3.6,0.0
FNDDS-2021-2023-92102100,"Frozen mocha coffee drink, decaffeinated, nonfat, with whipped cream (1 fl oz, 31 g)","Frozen mocha coffee drink, decaffeinated, nonfat, with whipped cream (1 fl oz, 31 g)",drink,22.9,0.5,3.9,0.6,3.7,0.0
FNDDS-2021-2023-92102110,"Frozen mocha coffee drink, decaffeinated, with non-dairy milk and whipped cream (1 fl oz, 31 g)","Frozen mocha coffee drink, decaffeinated, with non-dairy milk and whipped cream (1 fl oz, 31 g)",drink,22.6,0.2,3.7,0.8,3.3,0.0
FNDDS-2021-2023-92102400,"Iced Coffee, brewed (1 fl oz, 30 g)","Iced Coffee, brewed (1 fl oz, 30 g)",drink,0.3,0.0,0.0,0.0,0.0,0.0
FNDDS-2021-2023-92102401,"Iced Coffee, brewed, decaffeinated (1 fl oz, 30 g)","Iced Coffee, brewed, decaffeinated (1 fl oz, 30 g)",drink,0.0,0.0,0.0,0.0,0.0,0.0
FNDDS-2021-2023-92102450,"Iced Coffee, pre-lightened and pre-sweetened (1 fl oz, 31 g)","Iced Coffee, pre-lightened and pre-sweetened (1 fl oz, 31 g)",drink,9.6,0.1,1.5,0.3,1.5,0.0
FNDDS-2021-2023-92102500,"Coffee, Iced Latte (1 fl oz, 30 g)","Coffee, Iced Latte (1 fl oz, 30 g)",drink,8.1,0.5,0.8,0.3,0.8,0.0
FNDDS-2021-2023-92102501,"Coffee, Iced Latte, nonfat (1 fl oz, 30 g)","Coffee, Iced Latte, nonfat (1 fl oz, 30 g)",drink,5.7,0.5,0.8,0.0,0.8,0.0
FNDDS-2021-2023-92102502,"Coffee, Iced Latte, with non-dairy milk (1 fl oz, 30 g)","Coffee, Iced Latte, with non-dairy milk (1 fl oz, 30 g)",drink,7.2,0.4,0.8,0.2,0.6,0.0
FNDDS-2021-2023-92102503,"Coffee, Iced Latte, flavored (1 fl oz, 31 g)","Coffee, Iced Latte, flavored (1 fl oz, 31 g)",drink,12.4,0.5,1.9,0.3,1.8,0.0
FNDDS-2021-2023-92102504,"Coffee, Iced Latte, nonfat, flavored (1 fl oz, 31 g)","Coffee, Iced Latte, nonfat, flavored (1 fl oz, 31 g)",drink,9.9,0.5,1.9,0.0,1.8,0.0
FNDDS-2021-2023-92102505,"Coffee, Iced Latte, with non-dairy milk, flavored (1 fl oz, 31 g)","Coffee, Iced Latte, with non-dairy milk, flavored (1 fl oz, 31 g)",drink,9.6,0.2,1.6,0.3,1.4,0.0
FNDDS-2021-2023-92102510,"Coffee, Iced Latte, decaffeinated (1 fl oz, 30 g)","Coffee, Iced Latte, decaffeinated (1 fl oz, 30 g)",drink,8.1,0.5,0.8,0.3,0.8,0.0
FNDDS-2021-2023-92102511,"Coffee, Iced Latte, decaffeinated, nonfat (1 fl oz, 30 g)","Coffee, Iced Latte, decaffeinated, nonfat (1 fl oz, 30 g)",drink,5.7,0.5,0.8,0.0,0.8,0.0
FNDDS-2021-2023-92102512,"Coffee, Iced Latte, decaffeinated, with non-dairy milk (1 fl oz, 30 g)","Coffee, Iced Latte, decaffeinated, with non-dairy milk (1 fl oz, 30 g)",drink,5.4,0.2,0.6,0.3,0.3,0.0
FNDDS-2021-2023-92102513,"Coffee, Iced Latte, decaffeinated, flavored (1 fl oz, 31 g)","Coffee, Iced Latte, decaffeinated, flavored (1 fl oz, 31 g)",drink,12.4,0.5,1.9,0.3,1.8,0.0
FNDDS-2021-2023-92102514,"Coffee, Iced Latte, decaffeinated, nonfat, flavored (1 fl oz, 31 g)","Coffee, Iced Latte, decaffeinated, nonfat, flavored (1 fl oz, 31 g)",drink,9.9,0.5,1.9,0.0,1.8,0.0
FNDDS-2021-2023-92102515,"Coffee, Iced Latte, decaffeinated, with non-dairy milk, flavored (1 fl oz, 31 g)","Coffee, Iced Latte, decaffeinated, with non-dairy milk, flavored (1 fl oz, 31 g)",drink,9.6,0.2,1.6,0.3,1.4,0.0
FNDDS-2021-2023-92102600,"Coffee, Iced Cafe Mocha (1 fl oz, 31 g)","Coffee, Iced Cafe Mocha (1 fl oz, 31 g)",drink,15.5,0.5,2.8,0.3,2.5,0.0
FNDDS-2021-2023-92102601,"Coffee, Iced Cafe Mocha, nonfat (1 fl oz, 31 g)","Coffee, Iced Cafe Mocha, nonfat (1 fl oz, 31 g)",drink,13.3,0.5,2.8,0.0,2.5,0.0
FNDDS-2021-2023-92102602,"Coffee, Iced Cafe Mocha, with non-dairy milk (1 fl oz, 31 g)","Coffee, Iced Cafe Mocha, with non-dairy milk (1 fl oz, 31 g)",drink,13.0,0.2,2.5,0.2,2.1,0.0
FNDDS-2021-2023-92102610,"Coffee, Iced Cafe Mocha, decaffeinated (1 fl oz, 31 g)","Coffee, Iced Cafe Mocha, decaffeinated (1 fl oz, 31 g)",drink,15.8,0.5,2.8,0.3,2.5,0.0
FNDDS-2021-2023-92102611,"Coffee, Iced Cafe Mocha, decaffeinated, nonfat (1 fl oz, 31 g)","Coffee, Iced Cafe Mocha, decaffeinated, nonfat (1 fl oz, 31 g)",drink,13.3,0.5,2.8,0.0,2.5,0.0
FNDDS-2021-2023-92102612,"Coffee, Iced Cafe Mocha, decaffeinated, with non-dairy milk (1 fl oz, 31 g)","Coffee, Iced Cafe Mocha, decaffeinated, with non-dairy milk (1 fl oz, 31 g)",drink,13.0,0.2,2.5,0.2,2.1,0.0
FNDDS-2021-2023-92103000,"Coffee, instant, reconstituted (1 fl oz, 30 g)","Coffee, instant, reconstituted (1 fl oz, 30 g)",drink,0.9,0.0,0.2,0.0,0.0,0.0
FNDDS-2021-2023-92104000,"Coffee, instant, 50% less caffeine, reconstituted (1 fl oz, 30 g)","Coffee, instant, 50% less caffeine, reconstituted (1 fl oz, 30 g)",drink,0.9,0.0,0.2,0.0,0.0,0.0
FNDDS-2021-2023-92111010,"Coffee, brewed, decaffeinated (1 fl oz, 30 g)","Coffee, brewed, decaffeinated (1 fl oz, 30 g)",drink,0.0,0.0,0.0,0.0,0.0,0.0
FNDDS-2021-2023-92114000,"Coffee, instant, decaffeinated, reconstituted (1 fl oz, 30 g)","Coffee, instant, decaffeinated, reconstituted (1 fl oz, 30 g)",drink,0.9,0.0,0.2,0.0,0.0,0.0
FNDDS-2021-2023-92121000,"Coffee, instant, pre-lightened and pre-sweetened with sugar, reconstituted (1 fl oz, 31 g)","Coffee, instant, pre-lightened and pre-sweetened with sugar, reconstituted (1 fl oz, 31 g)",drink,8.4,0.0,1.6,0.2,1.1,0.0
FNDDS-2021-2023-92121001,"Coffee, instant, decaffeinated, pre-lightened and pre-sweetened with sugar, reconsitituted (1 fl oz, 31 g)","Coffee, instant, decaffeinated, pre-lightened and pre-sweetened with sugar, reconsitituted (1 fl oz, 31 g)",drink,8.4,0.0,1.6,0.2,1.1,0.0
FNDDS-2021-2023-92121010,"Coffee, instant, pre-sweetened with sugar, reconstituted (1 fl oz, 31 g)","Coffee, instant, pre-sweetened with sugar, reconstituted (1 fl oz, 31 g)",drink,5.0,0.0,1.2,0.0,1.0,0.0
FNDDS-2021-2023-92121030,"Coffee, mocha, instant, pre-lightened and pre-sweetened with low calorie sweetener, reconstituted (1 fl oz, 30 g)","Coffee, mocha, instant, pre-lightened and pre-sweetened with low calorie sweetener, reconstituted (1 fl oz, 30 g)",drink,4.5,0.1,0.7,0.1,0.3,0.1
FNDDS-2021-2023-92121040,"Coffee, instant, pre-lightened and pre-sweetened with low calorie sweetener, reconstituted (1 fl oz, 30 g)","Coffee, instant, pre-lightened and pre-sweetened with low calorie sweetener, reconstituted (1 fl oz, 30 g)",drink,4.8,0.0,0.7,0.2,0.2,0.0
FNDDS-2021-2023-92121041,"Coffee, instant, decaffeinated, pre-lightened and pre-sweetened with low calorie sweetener, reconstituted (1 fl oz, 30 g)","Coffee, instant, decaffeinated, pre-lightened and pre-sweetened with low calorie sweetener, reconstituted (1 fl oz, 30 g)",drink,4.8,0.0,0.7,0.2,0.2,0.0
FNDDS-2021-2023-92130000,"Coffee, pre-lightened and pre-sweetened with sugar (1 fl oz, 31 g)","Coffee, pre-lightened and pre-sweetened with sugar (1 fl oz, 31 g)",drink,8.4,0.0,1.6,0.2,1.1,0.0
FNDDS-2021-2023-92130001,"Coffee, decaffeinated, pre-lightened and pre-sweetened with sugar (1 fl oz, 31 g)","Coffee, decaffeinated, pre-lightened and pre-sweetened with sugar (1 fl oz, 31 g)",drink,8.4,0.0,1.6,0.2,1.1,0.0
FNDDS-2021-2023-92130005,"Coffee, pre-lightened and pre-sweetened with low calorie sweetener (1 fl oz, 30 g)","Coffee, pre-lightened and pre-sweetened with low calorie sweetener (1 fl oz, 30 g)",drink,4.8,0.0,0.7,0.2,0.2,0.0
FNDDS-2021-2023-92130006,"Coffee, decaffeinated, pre-lightened and pre-sweetened with low calorie sweetener (1 fl oz, 30 g)","Coffee, decaffeinated, pre-lightened and pre-sweetened with low calorie sweetener (1 fl oz, 30 g)",drink,4.8,0.0,0.7,0.2,0.2,0.0
FNDDS-2021-2023-92130010,"Coffee, pre-lightened (1 fl oz, 30 g)","Coffee, pre-lightened (1 fl oz, 30 g)",drink,4.2,0.0,0.6,0.2,0.1,0.0
FNDDS-2021-2023-92130011,"Coffee, decaffeinated, pre-lightened (1 fl oz, 30 g)","Coffee, decaffeinated, pre-lightened (1 fl oz, 30 g)",drink,4.2,0.0,0.6,0.2,0.1,0.0
FNDDS-2021-2023-92130020,"Coffee, pre-sweetened with sugar (1 fl oz, 31 g)","Coffee, pre-sweetened with sugar (1 fl oz, 31 g)",drink,5.0,0.0,1.2,0.0,1.0,0.0
FNDDS-2021-2023-92130021,"Coffee, decaffeinated, pre-sweetened with sugar (1 fl oz, 31 g)","Coffee, decaffeinated, pre-sweetened with sugar (1 fl oz, 31 g)",drink,5.0,0.0,1.2,0.0,1.0,0.0
FNDDS-2021-2023-92130030,"Coffee, pre-sweetened with low calorie sweetener (1 fl oz, 30 g)","Coffee, pre-sweetened with low calorie sweetener (1 fl oz, 30 g)",drink,1.5,0.0,0.3,0.0,0.1,0.0
FNDDS-2021-2023-92130031,"Coffee, decaffeinated, pre-sweetened with low calorie sweetener (1 fl oz, 30 g)","Coffee, decaffeinated, pre-sweetened with low calorie sweetener (1 fl oz, 30 g)",drink,1.5,0.0,0.3,0.0,0.1,0.0
FNDDS-2021-2023-92152000,"Coffee and chicory, brewed (1 fl oz, 30 g)","Coffee and chicory, brewed (1 fl oz, 30 g)",drink,0.3,0.0,0.0,0.0,0.0,0.0
FNDDS-2021-2023-92152010,"Coffee and chicory, brewed, decaffeinated (1 fl oz, 30 g)","Coffee and chicory, brewed, decaffeinated (1 fl oz, 30 g)",drink,0.0,0.0,0.0,0.0,0.0,0.0
FNDDS-2021-2023-92161000,"Coffee, Cappuccino (1 fl oz, 30 g)","Coffee, Cappuccino (1 fl oz, 30 g)",drink,8.1,0.5,0.8,0.3,0.7,0.0
FNDDS-2021-2023-92161001,"Coffee, Cappuccino, nonfat (1 fl oz, 30 g)","Coffee, Cappuccino, nonfat (1 fl oz, 30 g)",drink,5.7,0.5,0.8,0.0,0.8,0.0
FNDDS-2021-2023-92161002,"Coffee, Cappuccino, with non-dairy milk (1 fl oz, 30 g)","Coffee, Cappuccino, with non-dairy milk (1 fl oz, 30 g)",drink,5.1,0.2,0.5,0.3,0.3,0.0
FNDDS-2021-2023-92162000,"Coffee, Cappuccino, decaffeinated (1 fl oz, 30 g)","Coffee, Cappuccino, decaffeinated (1 fl oz, 30 g)",drink,8.1,0.5,0.8,0.3,0.7,0.0
FNDDS-2021-2023-92162001,"Coffee, Cappuccino, decaffeinated, nonfat (1 fl oz, 30 g)","Coffee, Cappuccino, decaffeinated, nonfat (1 fl oz, 30 g)",drink,5.7,0.5,0.8,0.0,0.8,0.0
FNDDS-2021-2023-92162002,"Coffee, Cappuccino, decaffeinated, with non-dairy milk (1 fl oz, 30 g)","Coffee, Cappuccino, decaffeinated, with non-dairy milk (1 fl oz, 30 g)",drink,5.1,0.2,0.5,0.3,0.3,0.0
FNDDS-2021-2023-92171000,"Coffee, bottled/canned (1 fl oz, 31 g)","Coffee, bottled/canned (1 fl oz, 31 g)",drink,22.0,0.6,3.9,0.4,3.3,0.0
FNDDS-2021-2023-92171010,"Coffee, bottled/canned, light (1 fl oz, 30 g)","Coffee, bottled/canned, light (1 fl oz, 30 g)",drink,10.5,0.4,1.8,0.2,1.8,0.0
FNDDS-2021-2023-92201010,"Coffee substitute (1 fl oz, 30 g)","Coffee substitute (1 fl oz, 30 g)",drink,1.8,0.0,0.4,0.0,0.0,0.1
FNDDS-2021-2023-92202010,"Chicory beverage (1 fl oz, 30 g)","Chicory beverage (1 fl oz, 30 g)",drink,2.1,0.1,0.4,0.0,0.0,0.0
FNDDS-2021-2023-92302000,"Tea, hot, leaf, black (1 fl oz, 30 g)","Tea, hot, leaf, black (1 fl oz, 30 g)",drink,0.3,0.0,0.1,0.0,0.0,0.0
FNDDS-2021-2023-92302500,"Tea, hot, leaf, black, decaffeinated (1 fl oz, 30 g)","Tea, hot, leaf, black, decaffeinated (1 fl oz, 30 g)",drink,0.3,0.0,0.1,0.0,0.0,0.0
FNDDS-2021-2023-92303010,"Tea, hot, leaf, green (1 fl oz, 30 g)","Tea, hot, leaf, green (1 fl oz, 30 g)",drink,0.3,0.1,0.0,0.0,0.0,0.0
FNDDS-2021-2023-92303100,"Tea, hot, leaf, green, decaffeinated (1 fl oz, 30 g)","Tea, hot, leaf, green, decaffeinated (1 fl oz, 30 g)",drink,0.0,0.0,0.0,0.0,0.0,0.0
FNDDS-2021-2023-92304100,"Tea, hot, leaf, oolong (1 fl oz, 30 g)","Tea, hot, leaf, oolong (1 fl oz, 30 g)",drink,0.3,0.0,0.0,0.0,0.0,0.0
FNDDS-2021-2023-92305010,"Tea, iced, instant, black, unsweetened (1 fl oz (no ice), 30 g)","Tea, iced, instant, black, unsweetened (1 fl oz (no ice), 30 g)",drink,0.3,0.0,0.1,0.0,0.0,0.0
FNDDS-2021-2023-92305040,"Tea, iced, instant, black, pre-sweetened with sugar (1 fl oz (no ice), 31 g)","Tea, iced, instant, black, pre-sweetened with sugar (1 fl oz (no ice), 31 g)",drink,9.3,0.0,2.3,0.0,2.2,0.0
FNDDS-2021-2023-92305050,"Tea, iced, instant, black, decaffeinated, pre-sweetened with sugar (1 fl oz (no ice), 31 g)","Tea, iced, instant, black, decaffeinated, pre-sweetened with sugar (1 fl oz (no ice), 31 g)",drink,9.9,0.0,2.4,0.0,2.4,0.0
FNDDS-2021-2023-92305090,"Tea, iced, instant, black, pre-sweetened with low calorie sweetener (1 fl oz (no ice), 30 g)","Tea, iced, instant, black, pre-sweetened with low calorie sweetener (1 fl oz (no ice), 30 g)",drink,0.6,0.0,0.1,0.0,0.0,0.0
FNDDS-2021-2023-92305110,"Tea, iced, instant, black, decaffeinated, pre-sweetened with low calorie sweetener (1 fl oz (no ice), 30 g)","Tea, iced, instant, black, decaffeinated, pre-sweetened with low calorie sweetener (1 fl oz (no ice), 30 g)",drink,0.9,0.0,0.2,0.0,0.0,0.0
FNDDS-2021-2023-92305180,"Tea, iced, instant, black, decaffeinated, unsweetened (1 fl oz (no ice), 30 g)","Tea, iced, instant, black, decaffeinated, unsweetened (1 fl oz (no ice), 30 g)",drink,0.3,0.0,0.1,0.0,0.0,0.0
FNDDS-2021-2023-92305900,"Tea, iced, instant, green, unsweetened (1 fl oz (no ice), 30 g)","Tea, iced, instant, green, unsweetened (1 fl oz (no ice), 30 g)",drink,0.0,0.0,0.0,0.0,0.0,0.0
FNDDS-2021-2023-92305910,"Tea, iced, instant, green, pre-sweetened with sugar (1 fl oz (no ice), 31 g)","Tea, iced, instant, green, pre-sweetened with sugar (1 fl oz (no ice), 31 g)",drink,8.4,0.0,1.9,0.1,1.6,0.0
FNDDS-2021-2023-92305920,"Tea, iced, instant, green, pre-sweetened with low calorie sweetener (1 fl oz (no ice), 30 g)","Tea, iced, instant, green, pre-sweetened with low calorie sweetener (1 fl oz (no ice), 30 g)",drink,1.2,0.0,0.3,0.0,0.3,0.0
FNDDS-2021-2023-92306000,"Tea, hot, herbal (1 fl oz, 30 g)","Tea, hot, herbal (1 fl oz, 30 g)",drink,0.3,0.0,0.1,0.0,0.0,0.0
FNDDS-2021-2023-92306090,"Tea, hot, hibiscus (1 fl oz, 30 g)","Tea, hot, hibiscus (1 fl oz, 30 g)",drink,0.0,0.0,0.0,0.0,0.0,0.0
FNDDS-2021-2023-92306100,"Corn beverage (1 fl oz, 30 g)","Corn beverage (1 fl oz, 30 g)",drink,13.2,0.3,2.8,0.1,0.1,0.1
FNDDS-2021-2023-92306700,"Tea, hot, chamomile (1 fl oz, 30 g)","Tea, hot, chamomile (1 fl oz, 30 g)",drink,0.3,0.0,0.1,0.0,0.0,0.0
FNDDS-2021-2023-92306800,"Tea, hot, with milk (1 fl oz, 30 g)","Tea, hot, with milk (1 fl oz, 30 g)",drink,15.3,0.5,2.7,0.3,2.6,0.0
FNDDS-2021-2023-92306850,"Tea, ginger (1 fl oz, 30 g)","Tea, ginger (1 fl oz, 30 g)",drink,0.3,0.0,0.1,0.0,0.0,0.0
FNDDS-2021-2023-92306910,"Tea, bubble (1 fl oz, 30 g)","Tea, bubble (1 fl oz, 30 g)",drink,16.5,0.1,3.1,0.4,1.1,0.0
FNDDS-2021-2023-92306920,"Tea, kombucha (1 fl oz (no ice), 31 g)","Tea, kombucha (1 fl oz (no ice), 31 g)",drink,5.0,0.0,1.2,0.0,1.2,0.0
FNDDS-2021-2023-92307500,"Iced Tea / Lemonade juice drink (1 fl oz (no ice), 30 g)","Iced Tea / Lemonade juice drink (1 fl oz (no ice), 30 g)",drink,10.2,0.1,2.7,0.0,2.2,0.1
FNDDS-2021-2023-92307510,"Iced Tea / Lemonade juice drink, light (1 fl oz (no ice), 30 g)","Iced Tea / Lemonade juice drink, light (1 fl oz (no ice), 30 g)",drink,6.3,0.1,1.8,0.0,1.2,0.1
FNDDS-2021-2023-92307520,"Iced Tea / Lemonade juice drink, diet (1 fl oz (no ice), 30 g)","Iced Tea / Lemonade juice drink, diet (1 fl oz (no ice), 30 g)",drink,0.6,0.0,0.2,0.0,0.0,0.0
FNDDS-2021-2023-92308000,"Tea, iced, brewed, black, pre-sweetened with sugar (1 fl oz (no ice), 31 g)","Tea, iced, brewed, black, pre-sweetened with sugar (1 fl oz (no ice), 31 g)",drink,9.9,0.0,2.5,0.0,2.4,0.0
FNDDS-2021-2023-92308010,"Tea, iced, brewed, black, pre-sweetened with low calorie sweetener (1 fl oz (no ice), 30 g)","Tea, iced, brewed, black, pre-sweetened with low calorie sweetener (1 fl oz (no ice), 30 g)",drink,0.6,0.0,0.2,0.0,0.1,0.0
FNDDS-2021-2023-92308020,"Tea, iced, brewed, black, unsweetened (1 fl oz (no ice), 30 g)","Tea, iced, brewed, black, unsweetened (1 fl oz (no ice), 30 g)",drink,0.3,0.0,0.1,0.0,0.0,0.0
FNDDS-2021-2023-92308030,"Tea, iced, brewed, black, decaffeinated, pre-sweetened with sugar (1 fl oz (no ice), 31 g)","Tea, iced, brewed, black, decaffeinated, pre-sweetened with sugar (1 fl oz (no ice), 31 g)",drink,9.9,0.0,2.5,0.0,2.4,0.0
FNDDS-2021-2023-92308040,"Tea, iced, brewed, black, decaffeinated, pre-sweetened with low calorie sweetener (1 fl oz (no ice), 30 g)","Tea, iced, brewed, black, decaffeinated, pre-sweetened with low calorie sweetener (1 fl oz (no ice), 30 g)",drink,0.6,0.0,0.2,0.0,0.1,0.0
FNDDS-2021-2023-92308050,"Tea, iced, brewed, black, decaffeinated, unsweetened (1 fl oz (no ice), 30 g)","Tea, iced, brewed, black, decaffeinated, unsweetened (1 fl oz (no ice), 30 g)",drink,0.3,0.0,0.1,0.0,0.0,0.0
FNDDS-2021-2023-92308500,"Tea, iced, brewed, green, pre-sweetened with sugar (1 fl oz (no ice), 31 g)","Tea, iced, brewed, green, pre-sweetened with sugar (1 fl oz (no ice), 31 g)",drink,9.9,0.1,2.4,0.0,2.4,0.0
FNDDS-2021-2023-92308510,"Tea, iced, brewed, green, pre-sweetened with low calorie sweetener (1 fl oz (no ice), 30 g)","Tea, iced, brewed, green, pre-sweetened with low calorie sweetener (1 fl oz (no ice), 30 g)",drink,0.6,0.1,0.1,0.0,0.1,0.0
FNDDS-2021-2023-92308520,"Tea, iced, brewed, green, unsweetened (1 fl oz (no ice), 30 g)","Tea, iced, brewed, green, unsweetened (1 fl oz (no ice), 30 g)",drink,0.3,0.1,0.0,0.0,0.0,0.0
FNDDS-2021-2023-92308530,"Tea, iced, brewed, green, decaffeinated, pre-sweetened with sugar (1 fl oz (no ice), 31 g)","Tea, iced, brewed, green, decaffeinated, pre-sweetened with sugar (1 fl oz (no ice), 31 g)",drink,9.6,0.0,2.4,0.0,2.4,0.0
FNDDS-2021-2023-92308540,"Tea, iced, brewed, green, decaffeinated, pre-sweetened with low calorie sweetener (1 fl oz (no ice), 30 g)","Tea, iced, brewed, green, decaffeinated, pre-sweetened with low calorie sweetener (1 fl oz (no ice), 30 g)",drink,0.3,0.0,0.1,0.0,0.1,0.0
FNDDS-2021-2023-92308550,"Tea, iced, brewed, green, decaffeinated, unsweetened (1 fl oz (no ice), 30 g)","Tea, iced, brewed, green, decaffeinated, unsweetened (1 fl oz (no ice), 30 g)",drink,0.0,0.0,0.0,0.0,0.0,0.0
FNDDS-2021-2023-92309000,"Tea, iced, bottled, black (1 fl oz (no ice), 31 g)","Tea, iced, bottled, black (1 fl oz (no ice), 31 g)",drink,13.9,0.0,3.3,0.1,2.9,0.0
FNDDS-2021-2023-92309010,"Tea, iced, bottled, black, decaffeinated (1 fl oz (no ice), 31 g)","Tea, iced, bottled, black, decaffeinated (1 fl oz (no ice), 31 g)",drink,11.8,0.0,2.7,0.0,2.5,0.0
FNDDS-2021-2023-92309020,"Tea, iced, bottled, black, diet (1 fl oz (no ice), 30 g)","Tea, iced, bottled, black, diet (1 fl oz (no ice), 30 g)",drink,0.3,0.0,0.1,0.0,0.0,0.0
FNDDS-2021-2023-92309030,"Tea, iced, bottled, black, decaffeinated, diet (1 fl oz (no ice), 30 g)","Tea, iced, bottled, black, decaffeinated, diet (1 fl oz (no ice), 30 g)",drink,0.0,0.0,0.2,0.0,0.0,0.0
FNDDS-2021-2023-92309040,"Tea, iced, bottled, black, unsweetened (1 fl oz (no ice), 30 g)","Tea, iced, bottled, black, unsweetened (1 fl oz (no ice), 30 g)",drink,0.0,0.0,0.0,0.0,0.0,0.0
FNDDS-2021-2023-92309050,"Tea, iced, bottled, black, decaffeinated, unsweetened (1 fl oz (no ice), 30 g)","Tea, iced, bottled, black, decaffeinated, unsweetened (1 fl oz (no ice), 30 g)",drink,0.3,0.0,0.1,0.0,0.0,0.0
FNDDS-2021-2023-92309500,"Tea, iced, bottled, green (1 fl oz (no ice), 31 g)","Tea, iced, bottled, green (1 fl oz (no ice), 31 g)",drink,8.4,0.0,1.9,0.1,1.6,0.0
FNDDS-2021-2023-92309510,"Tea, iced, bottled, green, diet (1 fl oz (no ice), 31 g)","Tea, iced, bottled, green, diet (1 fl oz (no ice), 31 g)",drink,1.2,0.0,0.3,0.0,0.3,0.0
FNDDS-2021-2023-92309520,"Tea, iced, bottled, green, unsweetened (1 fl oz (no ice), 30 g)","Tea, iced, bottled, green, unsweetened (1 fl oz (no ice), 30 g)",drink,0.0,0.0,0.0,0.0,0.0,0.0
FNDDS-2021-2023-92410110,"Water, tonic (1 fl oz, 30 g)","Water, tonic (1 fl oz, 30 g)",drink,10.2,0.0,2.6,0.0,2.6,0.0
FNDDS-2021-2023-92410210,"Water, carbonated, plain (1 fl oz, 30 g)","Water, carbonated, plain (1 fl oz, 30 g)",drink,0.0,0.0,0.0,0.0,0.0,0.0
FNDDS-2021-2023-92410250,"Water, carbonated, flavored (1 fl oz, 30 g)","Water, carbonated, flavored (1 fl oz, 30 g)",drink,0.0,0.0,0.0,0.0,0.0,0.0
FNDDS-2021-2023-92410310,"Soft drink, cola (1 fl oz (no ice), 31 g)","Soft drink, cola (1 fl oz (no ice), 31 g)",drink,13.0,0.0,3.2,0.1,3.1,0.0
FNDDS-2021-2023-92410320,"Soft drink, cola, diet (1 fl oz (no ice), 30 g)","Soft drink, cola, diet (1 fl oz (no ice), 30 g)",drink,0.6,0.0,0.1,0.0,0.0,0.0
FNDDS-2021-2023-92410340,"Soft drink, cola, decaffeinated (1 fl oz (no ice), 31 g)","Soft drink, cola, decaffeinated (1 fl oz (no ice), 31 g)",drink,12.7,0.0,3.3,0.0,3.3,0.0
FNDDS-2021-2023-92410350,"Soft drink, cola, decaffeinated, diet (1 fl oz (no ice), 30 g)","Soft drink, cola, decaffeinated, diet (1 fl oz (no ice), 30 g)",drink,0.3,0.0,0.0,0.0,0.0,0.0
FNDDS-2021-2023-92410360,"Soft drink, pepper type (1 fl oz (no ice), 31 g)","Soft drink, pepper type (1 fl oz (no ice), 31 g)",drink,13.0,0.0,3.2,0.1,3.1,0.0
FNDDS-2021-2023-92410370,"Soft drink, pepper type, diet (1 fl oz (no ice), 30 g)","Soft drink, pepper type, diet (1 fl oz (no ice), 30 g)",drink,0.6,0.0,0.1,0.0,0.0,0.0
FNDDS-2021-2023-92410390,"Soft drink, pepper type, decaffeinated (1 fl oz (no ice), 31 g)","Soft drink, pepper type, decaffeinated (1 fl oz (no ice), 31 g)",drink,12.7,0.0,3.3,0.0,3.3,0.0
FNDDS-2021-2023-92410400,"Soft drink, pepper type, decaffeinated, diet (1 fl oz (no ice), 30 g)","Soft drink, pepper type, decaffeinated, diet (1 fl oz (no ice), 30 g)",drink,0.3,0.0,0.0,0.0,0.0,0.0
FNDDS-2021-2023-92410410,"Soft drink, cream soda (1 fl oz (no ice), 31 g)","Soft drink, cream soda (1 fl oz (no ice), 31 g)",drink,15.8,0.0,4.1,0.0,4.1,0.0
FNDDS-2021-2023-92410420,"Soft drink, cream soda, diet (1 fl oz (no ice), 30 g)","Soft drink, cream soda, diet (1 fl oz (no ice), 30 g)",drink,0.0,0.0,0.0,0.0,0.0,0.0
FNDDS-2021-2023-92410510,"Soft drink, fruit flavored, caffeine free (1 fl oz (no ice), 31 g)","Soft drink, fruit flavored, caffeine free (1 fl oz (no ice), 31 g)",drink,12.4,0.0,3.1,0.0,2.8,0.0
FNDDS-2021-2023-92410520,"Soft drink, fruit flavored, diet, caffeine free (1 fl oz (no ice), 30 g)","Soft drink, fruit flavored, diet, caffeine free (1 fl oz (no ice), 30 g)",drink,0.0,0.0,0.0,0.0,0.0,0.0
FNDDS-2021-2023-92410550,"Soft drink, fruit flavored, caffeine containing (1 fl oz (no ice), 31 g)","Soft drink, fruit flavored, caffeine containing (1 fl oz (no ice), 31 g)",drink,15.2,0.0,4.0,0.0,4.0,0.0
FNDDS-2021-2023-92410560,"Soft drink, fruit flavored, caffeine containing, diet (1 fl oz (no ice), 30 g)","Soft drink, fruit flavored, caffeine containing, diet (1 fl oz (no ice), 30 g)",drink,0.0,0.0,0.0,0.0,0.0,0.0
FNDDS-2021-2023-92410610,"Soft drink, ginger ale (1 fl oz (no ice), 31 g)","Soft drink, ginger ale (1 fl oz (no ice), 31 g)",drink,10.5,0.0,2.7,0.0,2.8,0.0
FNDDS-2021-2023-92410620,"Soft drink, ginger ale, diet (1 fl oz (no ice), 30 g)","Soft drink, ginger ale, diet (1 fl oz (no ice), 30 g)",drink,0.0,0.0,0.0,0.0,0.0,0.0
FNDDS-2021-2023-92410710,"Soft drink, root beer (1 fl oz (no ice), 31 g)","Soft drink, root beer (1 fl oz (no ice), 31 g)",drink,12.7,0.0,3.3,0.0,3.3,0.0
FNDDS-2021-2023-92410720,"Soft drink, root beer, diet (1 fl oz (no ice), 30 g)","Soft drink, root beer, diet (1 fl oz (no ice), 30 g)",drink,0.0,0.0,0.0,0.0,0.0,0.0
FNDDS-2021-2023-92410810,"Soft drink, chocolate flavored (1 fl oz (no ice), 31 g)","Soft drink, chocolate flavored (1 fl oz (no ice), 31 g)",drink,13.0,0.0,3.3,0.0,3.3,0.0
FNDDS-2021-2023-92410820,"Soft drink, chocolate flavored, diet (1 fl oz (no ice), 30 g)","Soft drink, chocolate flavored, diet (1 fl oz (no ice), 30 g)",drink,0.6,0.0,0.1,0.0,0.0,0.0
FNDDS-2021-2023-92411510,"Soft drink, cola, fruit or vanilla flavored (1 fl oz (no ice), 31 g)","Soft drink, cola, fruit or vanilla flavored (1 fl oz (no ice), 31 g)",drink,13.0,0.0,3.2,0.1,3.1,0.0
FNDDS-2021-2023-92411520,"Soft drink, cola, chocolate flavored (1 fl oz (no ice), 31 g)","Soft drink, cola, chocolate flavored (1 fl oz (no ice), 31 g)",drink,13.0,0.0,3.2,0.1,3.1,0.0
FNDDS-2021-2023-92411610,"Soft drink, cola, fruit or vanilla flavored, diet (1 fl oz (no ice), 30 g)","Soft drink, cola, fruit or vanilla flavored, diet (1 fl oz (no ice), 30 g)",drink,0.6,0.0,0.1,0.0,0.0,0.0
FNDDS-2021-2023-92411620,"Soft drink, cola, chocolate flavored, diet (1 fl oz (no ice), 30 g)","Soft drink, cola, chocolate flavored, diet (1 fl oz (no ice), 30 g)",drink,0.6,0.0,0.1,0.0,0.0,0.0
FNDDS-2021-2023-92432000,"Fruit juice drink, citrus, carbonated (1 fl oz (no ice), 31 g)","Fruit juice drink, citrus, carbonated (1 fl oz (no ice), 31 g)",drink,9.9,0.1,2.2,0.1,1.9,0.1
FNDDS-2021-2023-92433000,"Fruit juice drink, noncitrus, carbonated (1 fl oz (no ice), 31 g)","Fruit juice drink, noncitrus, carbonated (1 fl oz (no ice), 31 g)",drink,10.2,0.0,2.4,0.1,2.0,0.0
FNDDS-2021-2023-92510610,"Fruit juice drink (1 fl oz (no ice), 31 g)","Fruit juice drink (1 fl oz (no ice), 31 g)",drink,3.1,0.0,0.8,0.0,0.8,0.0
FNDDS-2021-2023-92510650,"Tamarind drink (1 fl oz (no ice), 31 g)","Tamarind drink (1 fl oz (no ice), 31 g)",drink,33.8,0.2,8.6,0.1,6.9,0.4
FNDDS-2021-2023-92510720,"Fruit punch, made with fruit juice and soda (1 fl oz (no ice), 31 g)","Fruit punch, made with fruit juice and soda (1 fl oz (no ice), 31 g)",drink,13.6,0.1,3.3,0.0,2.9,0.0
FNDDS-2021-2023-92510955,"Lemonade, fruit juice drink (1 fl oz (no ice), 31 g)","Lemonade, fruit juice drink (1 fl oz (no ice), 31 g)",drink,14.3,0.0,3.8,0.0,3.6,0.0
FNDDS-2021-2023-92510960,"Lemonade, fruit flavored drink (1 fl oz (no ice), 31 g)","Lemonade, fruit flavored drink (1 fl oz (no ice), 31 g)",drink,7.8,0.0,2.0,0.0,2.0,0.0
FNDDS-2021-2023-92511000,"Lemonade, frozen concentrate, not reconstituted (1 can (6 fl oz), 219 g)","Lemonade, frozen concentrate, not reconstituted (1 can (6 fl oz), 219 g)",drink,429.2,0.5,109.3,1.5,97.5,0.7
FNDDS-2021-2023-92511015,"Fruit flavored drink (1 fl oz (no ice), 31 g)","Fruit flavored drink (1 fl oz (no ice), 31 g)",drink,19.8,0.0,5.0,0.0,4.9,0.0
FNDDS-2021-2023-92512090,"Pina Colada, nonalcoholic (1 fl oz, 30 g)","Pina Colada, nonalcoholic (1 fl oz, 30 g)",drink,38.4,0.1,7.7,0.8,7.0,0.1
FNDDS-2021-2023-92512110,"Margarita mix, nonalcoholic (1 fl oz, 31 g)","Margarita mix, nonalcoholic (1 fl oz, 31 g)",drink,27.0,0.0,6.6,0.0,6.6,0.0
FNDDS-2021-2023-92513000,"Slush frozen drink (1 fl oz, 30 g)","Slush frozen drink (1 fl oz, 30 g)",drink,8.4,0.0,2.3,0.0,2.3,0.0
FNDDS-2021-2023-92513010,"Slush frozen drink, no sugar added (1 fl oz, 30 g)","Slush frozen drink, no sugar added (1 fl oz, 30 g)",food,3.3,0.0,0.9,0.0,0.9,0.0
FNDDS-2021-2023-92530410,"Fruit flavored drink, with high vitamin C (1 fl oz (no ice), 31 g)","Fruit flavored drink, with high vitamin C (1 fl oz (no ice), 31 g)",drink,8.4,0.0,2.1,0.0,1.6,0.0
FNDDS-2021-2023-92530510,"Cranberry juice drink, with high vitamin C (1 fl oz (no ice), 31 g)","Cranberry juice drink, with high vitamin C (1 fl oz (no ice), 31 g)",drink,16.7,0.0,4.2,0.0,3.7,0.0
FNDDS-2021-2023-92530610,"Fruit juice drink, with high vitamin C (1 fl oz (no ice), 31 g)","Fruit juice drink, with high vitamin C (1 fl oz (no ice), 31 g)",drink,14.3,0.0,3.5,0.0,3.3,0.0
FNDDS-2021-2023-92530950,"Vegetable and fruit juice drink, with high vitamin C (1 fl oz (no ice), 31 g)","Vegetable and fruit juice drink, with high vitamin C (1 fl oz (no ice), 31 g)",drink,9.0,0.0,2.3,0.0,0.7,0.0
FNDDS-2021-2023-92531030,"Fruit juice drink (Sunny D) (1 fl oz (no ice), 31 g)","Fruit juice drink (Sunny D) (1 fl oz (no ice), 31 g)",drink,16.7,0.0,4.1,0.0,3.8,0.0
FNDDS-2021-2023-92541010,"Fruit flavored drink, powdered, reconstituted (1 fl oz (no ice), 31 g)","Fruit flavored drink, powdered, reconstituted (1 fl oz (no ice), 31 g)",drink,7.8,0.0,2.0,0.0,2.0,0.0
FNDDS-2021-2023-92542000,"Fruit flavored drink, with high vitamin C, powdered, reconstituted (1 fl oz (no ice), 31 g)","Fruit flavored drink, with high vitamin C, powdered, reconstituted (1 fl oz (no ice), 31 g)",drink,12.7,0.0,3.2,0.0,3.0,0.0
FNDDS-2021-2023-92550030,"Fruit juice drink, with high vitamin C, light (1 fl oz (no ice), 30 g)","Fruit juice drink, with high vitamin C, light (1 fl oz (no ice), 30 g)",drink,5.7,0.0,1.4,0.0,1.4,0.0
FNDDS-2021-2023-92550035,"Fruit juice drink, light (1 fl oz (no ice), 30 g)","Fruit juice drink, light (1 fl oz (no ice), 30 g)",drink,11.7,0.0,3.0,0.0,2.7,0.0
FNDDS-2021-2023-92550040,"Fruit juice drink, diet (1 fl oz (no ice), 30 g)","Fruit juice drink, diet (1 fl oz (no ice), 30 g)",drink,0.3,0.0,0.1,0.0,0.0,0.0
FNDDS-2021-2023-92550110,"Cranberry juice drink, with high vitamin C, light (1 fl oz (no ice), 30 g)","Cranberry juice drink, with high vitamin C, light (1 fl oz (no ice), 30 g)",drink,5.7,0.0,1.4,0.0,1.4,0.0
FNDDS-2021-2023-92550200,"Grape juice drink, light (1 fl oz (no ice), 30 g)","Grape juice drink, light (1 fl oz (no ice), 30 g)",drink,6.9,0.0,1.7,0.0,1.5,0.0
FNDDS-2021-2023-92550350,"Orange juice beverage, 40-50% juice, light (1 fl oz (no ice), 30 g)","Orange juice beverage, 40-50% juice, light (1 fl oz (no ice), 30 g)",drink,6.3,0.1,1.6,0.0,1.3,0.0
FNDDS-2021-2023-92550360,"Apple juice beverage, 40-50% juice, light (1 fl oz (no ice), 31 g)","Apple juice beverage, 40-50% juice, light (1 fl oz (no ice), 31 g)",drink,6.8,0.0,1.6,0.0,1.5,0.0
FNDDS-2021-2023-92550370,"Lemonade, fruit juice drink, light (1 fl oz (no ice), 31 g)","Lemonade, fruit juice drink, light (1 fl oz (no ice), 31 g)",drink,6.5,0.0,1.6,0.0,1.6,0.0
FNDDS-2021-2023-92550380,"Pomegranate juice beverage, 40-50% juice, light (1 fl oz (no ice), 30 g)","Pomegranate juice beverage, 40-50% juice, light (1 fl oz (no ice), 30 g)",drink,8.1,0.0,2.0,0.0,1.9,0.0
FNDDS-2021-2023-92550400,"Vegetable and fruit juice drink, with high vitamin C, diet (1 fl oz (no ice), 30 g)","Vegetable and fruit juice drink, with high vitamin C, diet (1 fl oz (no ice), 30 g)",food,1.2,0.0,0.3,0.0,0.2,0.0
FNDDS-2021-2023-92550405,"Vegetable and fruit juice drink, with high vitamin C, light (1 fl oz (no ice), 30 g)","Vegetable and fruit juice drink, with high vitamin C, light (1 fl oz (no ice), 30 g)",drink,1.2,0.0,0.3,0.0,0.2,0.0
FNDDS-2021-2023-92550610,"Fruit flavored drink, with high vitamin C, diet (1 fl oz (no ice), 30 g)","Fruit flavored drink, with high vitamin C, diet (1 fl oz (no ice), 30 g)",food,0.6,0.0,0.3,0.0,0.0,0.0
FNDDS-2021-2023-92550620,"Fruit flavored drink, diet (1 fl oz (no ice), 30 g)","Fruit flavored drink, diet (1 fl oz (no ice), 30 g)",food,1.2,0.0,0.4,0.0,0.0,0.0
FNDDS-2021-2023-92552000,"Fruit flavored drink, with high vitamin C, powdered, reconstituted, diet (1 fl oz (no ice), 30 g)","Fruit flavored drink, with high vitamin C, powdered, reconstituted, diet (1 fl oz (no ice), 30 g)",food,0.6,0.0,0.3,0.0,0.0,0.0
FNDDS-2021-2023-92552010,"Fruit flavored drink, powdered, reconstituted, diet (1 fl oz (no ice), 30 g)","Fruit flavored drink, powdered, reconstituted, diet (1 fl oz (no ice), 30 g)",food,0.6,0.0,0.2,0.0,0.0,0.0
FNDDS-2021-2023-92552030,"Fruit juice drink (Capri Sun) (1 fl oz (no ice), 31 g)","Fruit juice drink (Capri Sun) (1 fl oz (no ice), 31 g)",drink,12.1,0.0,3.1,0.0,2.8,0.0
FNDDS-2021-2023-92582110,"Fruit juice drink, added calcium (Sunny D) (1 fl oz (no ice), 31 g)","Fruit juice drink, added calcium (Sunny D) (1 fl oz (no ice), 31 g)",drink,16.4,0.0,4.1,0.0,2.5,0.0
FNDDS-2021-2023-92610020,"Horchata, made with water (1 cup, 248 g)","Horchata, made with water (1 cup, 248 g)",drink,218.2,2.7,50.6,0.3,20.0,1.2
FNDDS-2021-2023-92610030,"Horchata, made with milk (1 cup, 248 g)","Horchata, made with milk (1 cup, 248 g)",drink,225.7,3.5,48.6,1.6,23.7,1.0
FNDDS-2021-2023-92611010,"Frescavena (1 cup, 248 g)","Frescavena (1 cup, 248 g)",drink,111.6,0.6,26.3,0.4,23.2,0.5
FNDDS-2021-2023-92611100,"Atole de avena (1 cup, 248 g)","Atole de avena (1 cup, 248 g)",drink,205.8,4.3,38.4,3.9,34.7,0.5
FNDDS-2021-2023-92612010,"Sugar cane beverage (1 fl oz (no ice), 31 g)","Sugar cane beverage (1 fl oz (no ice), 31 g)",drink,22.9,0.0,6.3,0.0,6.3,0.0
FNDDS-2021-2023-92613010,"Atole (1 cup, 248 g)","Atole (1 cup, 248 g)",drink,213.3,4.2,40.4,3.8,34.5,0.5
FNDDS-2021-2023-92613510,"Atole de chocolate (1 cup, 248 g)","Atole de chocolate (1 cup, 248 g)",drink,255.4,4.5,50.3,4.4,42.7,1.5
FNDDS-2021-2023-92804000,"Shirley Temple (1 fl oz, 30 g)","Shirley Temple (1 fl oz, 30 g)",drink,16.8,0.0,4.3,0.0,3.8,0.0
FNDDS-2021-2023-94000100,"Water, tap (1 cup, 240 g)","Water, tap (1 cup, 240 g)",drink,0.0,0.0,0.0,0.0,0.0,0.0
FNDDS-2021-2023-94100100,"Water, bottled, plain (1 cup, 240 g)","Water, bottled, plain (1 cup, 240 g)",drink,0.0,0.0,0.0,0.0,0.0,0.0
FNDDS-2021-2023-94100200,"Water, non-carbonated, flavored (1 cup, 240 g)","Water, non-carbonated, flavored (1 cup, 240 g)",drink,2.4,0.0,0.3,0.0,0.0,0.0
FNDDS-2021-2023-94100300,"Water beverage, fruit flavored (1 cup, 240 g)","Water beverage, fruit flavored (1 cup, 240 g)",drink,43.2,0.0,10.8,0.0,10.8,0.0
FNDDS-2021-2023-94200100,"Water, enhanced, regular (1 cup, 240 g)","Water, enhanced, regular (1 cup, 240 g)",drink,52.8,0.0,13.2,0.0,13.2,0.0
FNDDS-2021-2023-94200200,"Water, enhanced, diet (1 cup, 240 g)","Water, enhanced, diet (1 cup, 240 g)",drink,0.0,0.0,0.0,0.0,0.0,0.0
FNDDS-2021-2023-95310200,"Energy drink (Full Throttle) (1 fl oz, 31 g)","Energy drink (Full Throttle) (1 fl oz, 31 g)",drink,14.3,0.1,3.8,0.0,3.8,0.0
FNDDS-2021-2023-95310400,"Energy drink (Monster) (1 fl oz, 31 g)","Energy drink (Monster) (1 fl oz, 31 g)",drink,14.6,0.1,3.5,0.0,3.4,0.0
FNDDS-2021-2023-95310500,"Energy drink (Mountain Dew AMP) (1 fl oz, 31 g)","Energy drink (Mountain Dew AMP) (1 fl oz, 31 g)",drink,14.3,0.1,3.8,0.0,3.8,0.0
FNDDS-2021-2023-95310550,"Energy drink (No Fear) (1 fl oz, 31 g)","Energy drink (No Fear) (1 fl oz, 31 g)",drink,19.2,0.1,4.7,0.0,4.3,0.0
FNDDS-2021-2023-95310555,"Energy drink (No Fear Motherload) (1 fl oz, 31 g)","Energy drink (No Fear Motherload) (1 fl oz, 31 g)",drink,19.2,0.1,4.7,0.0,4.3,0.0
FNDDS-2021-2023-95310560,"Energy drink (NOS) (1 fl oz, 31 g)","Energy drink (NOS) (1 fl oz, 31 g)",drink,13.6,0.0,3.5,0.0,3.5,0.0
FNDDS-2021-2023-95310600,"Energy drink (Red Bull) (1 fl oz, 31 g)","Energy drink (Red Bull) (1 fl oz, 31 g)",drink,13.3,0.1,3.2,0.0,3.2,0.0
FNDDS-2021-2023-95310700,"Energy drink (Rockstar) (1 fl oz, 31 g)","Energy drink (Rockstar) (1 fl oz, 31 g)",drink,18.0,0.1,3.9,0.1,3.8,0.0
FNDDS-2021-2023-95310750,"Energy drink (SoBe Energize Energy Juice Drink) (1 fl oz, 31 g)","Energy drink (SoBe Energize Energy Juice Drink) (1 fl oz, 31 g)",drink,13.9,0.0,3.5,0.0,3.2,0.0
FNDDS-2021-2023-95310800,"Energy drink (Vault) (1 fl oz, 31 g)","Energy drink (Vault) (1 fl oz, 31 g)",drink,15.2,0.0,4.0,0.0,4.0,0.0
FNDDS-2021-2023-95311000,"Energy Drink (1 fl oz, 31 g)","Energy Drink (1 fl oz, 31 g)",drink,13.3,0.1,3.2,0.0,3.2,0.0
FNDDS-2021-2023-95312400,"Energy drink, low calorie (Monster) (1 fl oz, 30 g)","Energy drink, low calorie (Monster) (1 fl oz, 30 g)",drink,1.5,0.0,0.4,0.0,0.4,0.0
FNDDS-2021-2023-95312410,"Energy drink, sugar free (Monster) (1 fl oz, 30 g)","Energy drink, sugar free (Monster) (1 fl oz, 30 g)",drink,1.5,0.0,0.4,0.0,0.4,0.0
FNDDS-2021-2023-95312500,"Energy drink, sugar free (Mountain Dew AMP) (1 fl oz, 30 g)","Energy drink, sugar free (Mountain Dew AMP) (1 fl oz, 30 g)",drink,0.6,0.0,0.3,0.0,0.0,0.0
FNDDS-2021-2023-95312550,"Energy drink, sugar free (No Fear) (1 fl oz, 30 g)","Energy drink, sugar free (No Fear) (1 fl oz, 30 g)",drink,1.2,0.1,0.1,0.0,0.0,0.0
FNDDS-2021-2023-95312555,"Energy drink, sugar-free (NOS) (1 fl oz, 30 g)","Energy drink, sugar-free (NOS) (1 fl oz, 30 g)",drink,1.2,0.0,0.3,0.0,0.0,0.0
FNDDS-2021-2023-95312560,"Energy drink (Ocean Spray Cran-Energy Juice Drink) (1 fl oz, 31 g)","Energy drink (Ocean Spray Cran-Energy Juice Drink) (1 fl oz, 31 g)",drink,4.7,0.0,1.2,0.0,1.2,0.0
FNDDS-2021-2023-95312600,"Energy drink, sugar-free (Red Bull) (1 fl oz, 30 g)","Energy drink, sugar-free (Red Bull) (1 fl oz, 30 g)",drink,1.5,0.1,0.2,0.0,0.0,0.0
FNDDS-2021-2023-95312700,"Energy drink, sugar free (Rockstar) (1 fl oz, 30 g)","Energy drink, sugar free (Rockstar) (1 fl oz, 30 g)",drink,1.2,0.1,0.2,0.0,0.0,0.0
FNDDS-2021-2023-95312800,"Energy drink, sugar free (Vault) (1 fl oz, 30 g)","Energy drink, sugar free (Vault) (1 fl oz, 30 g)",drink,0.3,0.1,0.2,0.0,0.0,0.0
FNDDS-2021-2023-95312900,"Energy drink (XS) (1 fl oz, 31 g)","Energy drink (XS) (1 fl oz, 31 g)",drink,1.6,0.1,0.2,0.0,0.0,0.0
FNDDS-2021-2023-95312905,"Energy drink (XS Gold Plus) (1 fl oz, 31 g)","Energy drink (XS Gold Plus) (1 fl oz, 31 g)",drink,1.6,0.1,0.2,0.0,0.0,0.0
FNDDS-2021-2023-95313200,"Energy drink, sugar free (1 fl oz, 30 g)","Energy drink, sugar free (1 fl oz, 30 g)",drink,1.2,0.1,0.2,0.0,0.0,0.0
FNDDS-2021-2023-95320200,"Sports drink (Gatorade G) (1 cup, 248 g)","Sports drink (Gatorade G) (1 cup, 248 g)",drink,64.5,0.0,15.9,0.0,13.0,0.0
FNDDS-2021-2023-95320500,"Sports drink (Powerade) (1 cup, 248 g)","Sports drink (Powerade) (1 cup, 248 g)",drink,79.4,0.0,19.4,0.1,15.2,0.0
FNDDS-2021-2023-95322200,"Sports drink, low calorie (Gatorade G2) (1 cup, 240 g)","Sports drink, low calorie (Gatorade G2) (1 cup, 240 g)",drink,19.2,0.1,4.7,0.0,3.1,0.0
FNDDS-2021-2023-95322500,"Sports drink, low calorie (Powerade Zero) (1 cup, 240 g)","Sports drink, low calorie (Powerade Zero) (1 cup, 240 g)",drink,0.0,0.0,0.3,0.0,0.0,0.0
FNDDS-2021-2023-95323000,"Sports drink, low calorie (1 cup, 240 g)","Sports drink, low calorie (1 cup, 240 g)",drink,19.2,0.1,4.7,0.0,3.1,0.0
FNDDS-2021-2023-95330100,"Fluid replacement, electrolyte solution (1 fl oz (no ice), 31 g)","Fluid replacement, electrolyte solution (1 fl oz (no ice), 31 g)",drink,3.1,0.0,0.8,0.0,0.8,0.0
FNDDS-2021-2023-95330500,"Fluid replacement, 5% glucose in water (1 cup, 240 g)","Fluid replacement, 5% glucose in water (1 cup, 240 g)",drink,0.0,0.0,0.3,0.0,0.3,0.0
FNDDS-2021-2023-95342000,"Fruit juice, acai blend (1 fl oz (no ice), 31 g)","Fruit juice, acai blend (1 fl oz (no ice), 31 g)",drink,19.2,0.3,4.0,0.3,3.4,0.4
